date,user_id,monthly_income,monthly_expense_total,savings_rate,budget_goal,financial_scenario,credit_score,debt_to_income_ratio,loan_payment,investment_amount,subscription_services,emergency_fund,transaction_count,fraud_flag,discretionary_spending,essential_spending,income_type,rent_or_mortgage,category,cash_flow_status,financial_advice_score,financial_stress_level,actual_savings,savings_goal_met,month,expense_to_income,discretionary_share,essential_share,investment_rate,emergency_fund_months,stress_score
2019-01-01,1584,3119.58,3212.07,0.38,3676.11,inflation,721.0,0.56,125.77,689.22,3,510.58,68,0,857.55,1910.85,Freelance,1501.65,Investments,Positive,8.3,Low,0.0,0,2019-01-01,1.029648221876022,0.2669773697335363,0.5948967488255237,0.22093358721366338,0.15895668525281204,1
2019-01-31,1045,3262.44,3732.81,0.1,2607.17,inflation,670.0,0.42,454.19,360.34,4,1154.41,41,0,534.51,3165.2,Salary,1603.17,Investments,Positive,22.6,Low,0.0,0,2019-01-01,1.1441773641814101,0.14319239393379252,0.8479402916301659,0.11045107342970291,0.3092603159550044,1
2019-03-02,1756,2931.2,3335.58,0.15,3004.14,inflation,691.0,0.24,971.82,0.0,5,1433.02,90,0,353.67,1504.56,Freelance,1097.82,Healthcare,Positive,58.8,Low,0.0,0,2019-03-01,1.137957150655022,0.10602953609267354,0.4510639828755419,0.0,0.42961643852043724,1
2019-04-01,1724,3506.79,2327.59,0.17,3346.97,normal,717.0,0.16,482.76,182.06,5,227.37,94,0,594.08,1450.72,Freelance,1155.64,Groceries,Positive,74.5,Low,1179.2,0,2019-04-01,0.6637380624445719,0.25523395443355573,0.6232712805949501,0.051916424992657105,0.097684729698959,1
2019-05-01,1600,4606.87,2182.58,0.34,2670.09,inflation,795.0,0.25,263.74,342.78,9,589.81,73,0,556.86,1000.0,Salary,1170.86,Utilities,Negative,38.7,High,2424.29,0,2019-05-01,0.47376635329410205,0.2551384141703855,0.4581733544703974,0.07440626716186911,0.2702352262001851,3
2019-05-31,1985,4028.39,3876.57,0.26,2079.72,recession,643.0,0.43,323.2,451.11,8,1131.03,56,0,431.04,2330.01,Salary,548.67,Healthcare,Positive,53.7,Medium,151.82,0,2019-05-01,0.962312487122647,0.11119107871133502,0.6010493812829383,0.11198270276711043,0.2917604996169294,2
2019-06-30,1194,4145.45,3035.61,0.15,2215.8,normal,683.0,0.3,609.88,730.42,8,995.12,69,0,443.5,2860.3,Freelance,637.04,Transportation,Positive,74.7,High,1109.84,0,2019-06-01,0.7322751450385363,0.14609913658210374,0.942248839607196,0.1761980002171055,0.32781549672059324,3
2019-07-30,1600,3202.37,2689.51,0.25,3650.48,normal,655.0,0.24,524.64,224.15,4,732.71,65,0,602.88,3526.55,Salary,1453.18,Entertainment,Neutral,83.1,Medium,512.86,0,2019-07-01,0.8398498611965514,0.22415979118872953,1.311223977601868,0.069995034927257,0.2724325248837149,2
2019-08-29,1835,4765.11,2628.56,0.06,2813.81,normal,715.0,0.52,103.3,0.0,7,1623.05,99,0,733.67,2503.65,Salary,1675.75,Education,Negative,71.6,Low,2136.55,0,2019-08-01,0.551626300337243,0.2791148004991326,0.9524796846942813,0.0,0.6174673585537328,1
2019-09-28,1454,3581.79,3370.8,0.13,2195.92,normal,749.0,0.52,643.48,261.39,9,1057.1,91,0,464.34,1691.26,Salary,682.16,Entertainment,Positive,77.9,High,210.99,0,2019-09-01,0.9410936989605756,0.13775364898540404,0.5017384597128278,0.07297747774157613,0.31360507891301764,3
2019-10-28,1045,3832.71,3230.77,0.23,3178.17,normal,611.0,0.19,316.34,452.59,9,1095.63,73,0,585.69,3029.36,Mixed,1254.48,Investments,Positive,62.5,Medium,601.94,0,2019-10-01,0.842946635670322,0.18128495683691506,0.9376588243669466,0.11808615835792428,0.33912349068488323,2
2019-11-27,1357,2136.79,3444.29,0.34,2685.16,normal,669.0,0.39,285.31,528.05,5,1967.83,53,0,283.44,2492.21,Freelance,773.98,Entertainment,Negative,36.1,High,0.0,0,2019-11-01,1.6118991571469354,0.08229272215754191,0.7235772829813982,0.24712302098006822,0.5713311016203629,3
2019-12-27,1403,5462.92,3049.29,0.29,2973.21,recession,670.0,0.23,679.87,275.58,2,1431.37,41,0,582.65,1483.81,Salary,1502.86,Groceries,Positive,39.0,Low,2413.63,0,2019-12-01,0.5581795083947779,0.19107726716711101,0.48660835801120916,0.050445549266692535,0.4694109120483784,1
2020-01-26,1884,2110.66,2707.86,0.24,1420.73,recession,647.0,0.32,331.5,563.48,6,1153.64,86,0,309.46,3236.23,Salary,790.3,Insurance,Positive,17.2,Medium,0.0,0,2020-01-01,1.2829446713350328,0.1142821268455533,1.195124563308295,0.26696862592743503,0.4260338422222715,2
2020-02-25,1675,3507.29,2661.4,0.26,3493.12,normal,739.0,0.4,650.88,220.05,7,1405.48,74,0,248.39,2825.21,Salary,1009.85,Investments,Neutral,11.2,Medium,845.89,0,2020-02-01,0.7588194874105079,0.09333057789133538,1.0615503118659353,0.06274074855515227,0.5280979935372361,2
2020-03-26,1750,2098.58,4614.09,0.16,2896.61,normal,620.0,0.29,655.47,284.89,1,1381.6,58,0,494.7,1332.65,Salary,868.9,Dining Out,Positive,94.2,Low,0.0,0,2020-03-01,2.1986724356469614,0.1072150738282088,0.28882184786165854,0.13575370012103422,0.29943065696594556,1
2020-04-25,1222,3677.65,3489.82,0.3,2068.33,normal,631.0,0.13,511.94,347.32,7,1729.56,66,1,362.3,2576.38,Mixed,1284.68,Groceries,Negative,50.0,Low,187.83,0,2020-04-01,0.9489266243389121,0.1038162426715418,0.7382558412754813,0.09444074340951422,0.49560149234057915,1
2020-05-25,1050,1884.19,2764.11,0.29,3904.13,normal,676.0,0.41,550.79,394.33,6,1692.29,59,0,633.22,2517.59,Mixed,1187.56,Dining Out,Positive,68.6,Low,0.0,0,2020-05-01,1.4670017354937666,0.22908639670635395,0.91081396905333,0.20928356482095753,0.6122368501977128,1
2020-06-24,1234,3697.31,3523.56,0.17,3122.47,normal,743.0,0.52,351.55,247.39,6,493.09,62,0,516.89,2177.0,Salary,919.0,Dining Out,Negative,90.6,Medium,173.75,0,2020-06-01,0.9530063749049985,0.14669538761933953,0.6178410471227963,0.06691080812807149,0.13994085527137326,2
2020-07-24,1447,4726.33,3948.38,0.14,2539.69,normal,691.0,0.48,369.67,409.83,7,1320.35,96,0,478.5,1850.42,Salary,929.73,Transportation,Negative,73.7,Low,777.95,0,2020-07-01,0.8354008289730087,0.1211889433134602,0.4686529665331098,0.08671210008611333,0.3344029703321362,1
2020-08-23,1347,2911.22,1886.67,0.17,2330.65,normal,631.0,0.52,448.13,112.31,7,1431.26,35,0,755.99,1737.44,Salary,1501.13,Investments,Neutral,43.5,High,1024.55,0,2020-08-01,0.6480685073611752,0.40070070547578535,0.9209029666025325,0.0385783279862051,0.7586170342455225,3
2020-09-22,1918,3972.53,2793.73,0.22,2700.51,normal,759.0,0.44,469.72,955.5,7,1359.6,82,0,563.8,2305.04,Mixed,1187.25,Insurance,Neutral,79.7,Low,1178.8,0,2020-09-01,0.7032621528345915,0.20180905098202043,0.8250761526704442,0.24052681792207986,0.4866612020488737,1
2020-10-22,1879,5136.85,2474.84,0.28,2837.11,inflation,694.0,0.25,428.59,529.61,7,1045.61,64,0,435.07,2900.43,Salary,943.32,Healthcare,Neutral,81.4,Low,2662.01,0,2020-10-01,0.4817816366060913,0.17579722325483665,1.1719666725929756,0.10310014892395145,0.42249599974139734,1
2020-11-21,1057,4124.22,2712.7,0.26,3029.37,normal,706.0,0.21,308.5,258.74,5,615.45,94,0,643.02,1682.26,Salary,839.09,Utilities,Neutral,78.3,Low,1411.52,0,2020-11-01,0.657748616708129,0.23704058686917095,0.6201422936557673,0.06273671142664553,0.22687728093781107,1
2020-12-21,1129,4622.48,2219.51,0.18,2541.05,normal,661.0,0.46,318.48,591.38,3,2306.84,27,0,260.55,1651.01,Salary,903.63,Groceries,Negative,64.1,Low,2402.97,0,2020-12-01,0.480155674010488,0.11739077544142626,0.7438623840397204,0.12793565358854989,1.0393465224306266,1
2021-01-20,1680,4859.63,2830.71,0.4,2665.05,normal,609.0,0.32,787.17,459.74,2,768.35,31,0,186.89,1921.24,Salary,1611.29,Healthcare,Positive,39.8,Low,2028.92,0,2021-01-01,0.5824949636083405,0.06602230535801971,0.678713114377665,0.09460391017423136,0.27143366858491336,1
2021-02-19,1621,5414.37,3328.5,0.1,2707.47,inflation,665.0,0.56,540.72,512.29,5,1233.88,41,0,468.01,2460.65,Salary,964.77,Transportation,Positive,47.7,Medium,2085.87,0,2021-02-01,0.6147529629485979,0.14060687997596516,0.7392669370587351,0.09461673287935622,0.37070151719993993,2
2021-03-21,1998,6042.51,2246.36,0.05,2185.71,inflation,620.0,0.5,419.3,579.51,5,1513.09,22,0,383.93,1975.73,Salary,423.02,Dining Out,Positive,27.9,Medium,3796.15,1,2021-03-01,0.37175941785781075,0.17091205327730194,0.8795250983813814,0.09590550946543737,0.6735741377161274,2
2021-04-20,1058,4422.94,2989.14,0.32,2506.2,normal,662.0,0.38,440.32,326.25,9,322.35,90,0,809.16,1000.0,Salary,1618.9,Groceries,Negative,27.3,High,1433.8,0,2021-04-01,0.6758264864547111,0.27069993376021195,0.33454438400342573,0.07376315301586728,0.1078403821835043,3
2021-05-20,1334,4012.76,2193.69,0.3,3328.25,normal,617.0,0.53,720.24,0.0,6,1168.02,96,0,183.69,1375.03,Freelance,489.72,Entertainment,Negative,65.4,Medium,1819.07,0,2021-05-01,0.5466785952810534,0.08373562353842157,0.6268114455552061,0.0,0.5324453318381357,2
2021-06-19,1256,3163.61,4000.56,0.22,2749.02,recession,619.0,0.29,377.91,686.52,6,1411.56,96,0,220.76,2389.84,Salary,1197.82,Entertainment,Negative,89.5,Low,0.0,0,2021-06-01,1.2645553655475863,0.05518227448157258,0.5973763673085768,0.21700525665300083,0.3528406023156758,1
2021-07-19,1421,2980.36,2083.75,0.15,3026.26,recession,690.0,0.23,365.45,213.49,6,453.89,78,0,96.31,2709.84,Salary,1127.79,Rent,Positive,84.0,Medium,896.61,0,2021-07-01,0.6991605041001758,0.04621955608878225,1.3004631073785244,0.07163228603255982,0.2178236352729454,2
2021-08-18,1456,3515.99,3276.12,0.06,3289.32,inflation,633.0,0.12,479.01,353.98,8,347.98,38,0,482.87,2536.01,Salary,1042.06,Groceries,Positive,98.8,Low,239.87,0,2021-08-01,0.931777394133658,0.14739081596522716,0.7740894716921237,0.10067719191465278,0.10621711048435345,1
2021-09-17,1974,3855.03,2510.28,0.4,3054.35,normal,736.0,0.52,247.74,223.91,9,497.88,22,0,352.05,2030.87,Freelance,994.3,Insurance,Positive,80.7,Low,1344.75,0,2021-09-01,0.6511700298052155,0.14024331947033797,0.8090213043963222,0.05808255707478281,0.19833644055643193,1
2021-10-17,1730,3725.58,3430.91,0.08,2739.51,normal,771.0,0.43,588.68,736.18,9,890.21,70,0,0.0,1675.65,Salary,834.94,Healthcare,Positive,88.5,Medium,294.67,0,2021-10-01,0.920906274996108,0.0,0.48839812178110187,0.19760144729142845,0.2594676048045563,2
2021-11-16,1340,5423.61,3424.74,0.39,2646.35,recession,718.0,0.2,330.56,610.25,4,735.81,86,0,546.81,2287.09,Salary,1768.19,Groceries,Positive,62.6,Medium,1998.87,0,2021-11-01,0.6314502702074817,0.1596646752746194,0.6678141990340873,0.11251730858229114,0.21485134637957917,2
2021-12-16,1794,5273.97,2583.11,0.16,3373.36,recession,602.0,0.44,426.18,621.56,7,898.01,71,0,547.92,2573.98,Salary,1370.0,Transportation,Positive,72.8,Medium,2690.86,0,2021-12-01,0.48978473521844074,0.2121164023212329,0.9964655008884639,0.1178542919280921,0.34764682882262077,2
2022-01-15,1776,4276.99,2785.21,0.31,3381.24,inflation,731.0,0.22,480.68,282.26,7,2344.53,29,0,482.68,2102.28,Freelance,866.95,Education,Positive,46.9,High,1491.78,0,2022-01-01,0.6512079757025385,0.17330111553527383,0.7548012537654253,0.06599501050972764,0.8417785373454785,3
2022-02-14,1173,4781.39,3279.82,0.29,2503.33,recession,691.0,0.36,742.09,0.0,7,0.0,62,0,119.8,2368.1,Salary,1530.57,Utilities,Positive,22.2,High,1501.57,0,2022-02-01,0.6859553393469263,0.03652639474117482,0.7220213304388655,0.0,0.0,3
2022-03-16,1482,4457.69,3522.27,0.3,2887.95,normal,632.0,0.13,390.65,0.0,3,1154.66,35,0,469.88,2333.02,Salary,1607.09,Entertainment,Neutral,51.5,Medium,935.42,0,2022-03-01,0.7901558879150412,0.13340260684161068,0.6623626241032061,0.0,0.32781700437501954,2
2022-04-15,1913,3782.73,2241.48,0.16,3606.0,normal,689.0,0.5,564.04,278.85,9,790.98,25,0,260.49,2092.8,Salary,1181.67,Rent,Negative,4.2,Low,1541.25,0,2022-04-01,0.5925561697504184,0.11621339472134483,0.9336688259542802,0.07371660150208977,0.35288291664436,1
2022-05-15,1529,3933.49,4154.43,0.37,3058.63,normal,635.0,0.13,880.34,552.72,3,210.08,52,0,598.5,3256.12,Salary,1213.39,Transportation,Negative,98.0,Low,0.0,0,2022-05-01,1.056168949202871,0.1440630844664611,0.7837705774318017,0.14051643705716807,0.050567707242630155,1
2022-06-14,1737,4047.29,2359.97,0.07,3092.41,normal,599.0,0.4,602.42,342.41,3,857.38,21,0,662.09,1979.19,Salary,969.63,Rent,Neutral,77.9,Low,1687.32,0,2022-06-01,0.5830988142683128,0.28055017648529434,0.838650491319805,0.08460228943317628,0.3633012284054459,1
2022-07-14,1205,4076.19,3117.55,0.32,2422.02,normal,728.0,0.59,358.86,160.08,5,471.82,70,0,482.28,2970.22,Salary,519.17,Education,Negative,4.2,High,958.64,0,2022-07-01,0.7648195986938784,0.15469840098795526,0.9527417362993374,0.03927196720466907,0.15134320219403055,3
2022-08-13,1756,4155.26,3157.23,0.17,2270.44,normal,720.0,0.27,743.05,245.03,2,1347.98,27,0,697.79,2778.93,Salary,1396.85,Insurance,Positive,11.9,Low,998.03,0,2022-08-01,0.7598152702839293,0.22101335664490707,0.880179777843236,0.058968632528409774,0.4269502063517704,1
2022-09-12,1957,1900.97,3577.86,0.4,3450.97,recession,744.0,0.31,548.82,237.28,9,1398.07,35,0,719.91,2969.82,Salary,1418.73,Education,Positive,5.2,Low,0.0,0,2022-09-01,1.882123337033199,0.20121245660814005,0.8300548372490819,0.1248204863832675,0.3907559267271497,1
2022-10-12,1983,2402.19,2901.92,0.06,2919.87,normal,705.0,0.18,686.61,461.51,6,1569.13,54,0,702.66,2610.4,Salary,1762.45,Insurance,Positive,39.9,Low,0.0,0,2022-10-01,1.2080310050412333,0.24213624083365495,0.8995423719468489,0.19212052335577118,0.5407213155428131,1
2022-11-11,1206,3764.31,2918.07,0.22,2831.01,normal,662.0,0.44,671.29,0.0,4,789.59,96,0,619.13,2275.19,Salary,1127.83,Groceries,Positive,66.0,Low,846.24,0,2022-11-01,0.7751938602293648,0.21217105826796478,0.7796900005825769,0.0,0.2705863807242458,1
2022-12-11,1983,3549.62,2797.15,0.07,2304.84,normal,690.0,0.16,639.79,313.85,7,713.24,94,0,722.47,2522.92,Salary,906.81,Insurance,Positive,71.6,High,752.47,0,2022-12-01,0.7880139282514749,0.25828790018411596,0.9019609245124501,0.08841791515711542,0.254988112900631,3
2023-01-10,1984,4722.51,3075.01,0.34,2922.43,normal,655.0,0.33,632.85,130.94,3,662.47,82,0,738.87,1951.17,Salary,936.35,Healthcare,Positive,32.4,High,1647.5,0,2023-01-01,0.6511389070642518,0.2402821454239173,0.6345247657731194,0.027726780885588383,0.21543669776683652,3
2023-02-09,1368,3393.56,3409.64,0.4,3043.73,normal,614.0,0.19,415.4,249.76,4,1264.6,96,0,626.21,3048.68,Mixed,920.01,Education,Neutral,41.1,Low,0.0,0,2023-02-01,1.0047383868268132,0.18365868537440905,0.8941354512499853,0.07359822723040112,0.3708895953825037,1
2023-03-11,1443,4264.95,1818.65,0.09,2964.82,normal,561.0,0.27,153.88,30.37,8,1429.66,35,0,466.6,3184.95,Salary,1485.3,Entertainment,Negative,27.8,Medium,2446.3,0,2023-03-01,0.4264176602304834,0.2565639347867924,1.7512715475764988,0.007120833772963341,0.7861105765265444,2
2023-04-10,1506,3170.26,2214.21,0.36,2228.47,recession,661.0,0.28,306.82,466.11,2,1084.61,40,0,925.74,2129.03,Salary,1027.2,Utilities,Negative,67.7,Medium,956.05,0,2023-04-01,0.6984316743737107,0.41809042502743643,0.9615302974875916,0.14702579599149596,0.489840620356696,2
2023-05-10,1942,4573.38,3768.84,0.27,2182.29,normal,749.0,0.55,146.4,464.62,5,1591.2,86,0,293.81,1930.96,Salary,686.66,Education,Neutral,54.3,Medium,804.54,0,2023-05-01,0.8240819700090524,0.07795767397926152,0.5123486271637957,0.10159225780494952,0.4221988728627376,2
2023-06-09,1353,2800.92,1663.92,0.24,2369.23,normal,657.0,0.17,125.73,553.6,4,1420.61,82,0,487.92,2253.56,Freelance,1787.83,Education,Positive,23.0,Low,1137.0,0,2023-06-01,0.5940619510732188,0.29323525169479303,1.3543679984614645,0.1976493437870414,0.8537730179335544,1
2023-07-09,1477,5578.55,2600.71,0.06,1942.39,recession,700.0,0.45,262.58,813.12,3,1379.9,74,0,473.79,2580.57,Freelance,1051.48,Healthcare,Negative,53.8,Medium,2977.84,1,2023-07-01,0.4661982056269102,0.18217717469460262,0.9922559608722235,0.14575830636993484,0.5305858784716482,2
2023-08-08,1657,4078.42,2546.59,0.33,2892.13,recession,630.0,0.37,589.78,690.28,8,1376.49,22,0,784.24,1158.34,Salary,1571.24,Groceries,Positive,6.3,Low,1531.83,0,2023-08-01,0.624406019978325,0.30795691493330296,0.4548592431447543,0.16925181810603124,0.5405228167863692,1
2023-09-07,1275,4116.03,2919.91,0.14,2697.48,normal,688.0,0.53,485.74,386.86,9,897.14,76,0,228.4,2745.38,Salary,916.7,Healthcare,Positive,64.1,Low,1196.12,0,2023-09-01,0.7093995913538045,0.07822158902157944,0.9402276097550952,0.09398862496143129,0.3072491960368642,1
2023-10-07,1908,4268.09,2534.99,0.13,1820.82,recession,750.0,0.5,470.08,499.18,3,928.08,80,0,430.83,2556.3,Freelance,1076.83,Utilities,Positive,76.0,Low,1733.1,0,2023-10-01,0.5939401465292437,0.1699533331492432,1.0084063447982046,0.11695629661042761,0.3661079530885724,1
2023-11-06,1585,5466.77,3518.15,0.15,3075.67,normal,675.0,0.33,300.01,419.52,8,872.66,29,0,555.2,2010.92,Salary,1257.5,Education,Positive,87.6,Low,1948.62,0,2023-11-01,0.643551859690457,0.15781021275386212,0.5715844975342155,0.07674001284122067,0.2480451373591234,1
2019-01-01,1177,3593.89,3401.82,0.25,2155.52,normal,619.0,0.13,725.61,698.79,7,1860.17,96,0,348.61,3220.52,Salary,862.47,Insurance,Positive,68.3,High,192.07,0,2019-01-01,0.9465565167548257,0.10247749733965936,0.9467049990887231,0.19443833840212138,0.54681611607904,3
2019-01-31,1900,5216.32,3003.14,0.25,3287.03,normal,695.0,0.25,322.61,207.54,4,429.86,25,0,152.69,1446.48,Mixed,1084.08,Entertainment,Negative,77.3,Low,2213.18,0,2019-01-01,0.5757200478498252,0.050843450521787195,0.4816558668593539,0.03978666952947672,0.14313685009689858,1
2019-03-02,1213,3997.43,2243.56,0.16,2257.94,normal,683.0,0.45,399.33,705.24,2,466.72,32,0,776.76,2170.57,Salary,2614.62,Education,Neutral,37.1,Medium,1753.87,0,2019-03-01,0.5612506035127569,0.34621761842785576,0.9674668829895345,0.17642335200366235,0.208026529265988,2
2019-04-01,1855,4838.69,4392.42,0.26,3274.63,recession,645.0,0.5,723.09,919.03,7,1226.78,87,0,470.58,1931.79,Salary,936.57,Groceries,Positive,23.8,Low,446.27,0,2019-04-01,0.9077704915999992,0.1071345636346251,0.43980083871760894,0.18993363906346553,0.2792947851070708,1
2019-05-01,1094,3613.29,1069.2,0.25,3365.82,recession,649.0,0.48,516.49,465.08,8,609.45,93,0,226.87,3212.17,Freelance,485.97,Groceries,Neutral,99.4,High,2544.09,0,2019-05-01,0.2959076077480634,0.21218668163112608,3.004274223718668,0.1287137207365033,0.5700056116722784,3
2019-05-31,1900,4055.69,4699.43,0.16,1905.94,normal,764.0,0.41,262.43,483.13,6,354.31,24,0,342.8,1307.91,Mixed,860.13,Transportation,Neutral,38.0,Low,0.0,0,2019-05-01,1.1587251491114952,0.07294501673607225,0.2783124761939214,0.11912399616341486,0.07539424994095029,1
2019-06-30,1483,4533.65,3390.89,0.16,2109.21,normal,658.0,0.27,568.54,122.02,7,1332.26,84,0,870.45,3362.31,Mixed,2114.22,Investments,Neutral,25.8,High,1142.76,0,2019-06-01,0.7479381954936971,0.25670251762811536,0.9915715343169492,0.02691429642782306,0.39289390101123894,3
2019-07-30,1512,5532.8,810.91,0.32,2731.72,inflation,691.0,0.14,416.89,228.69,9,1635.48,59,0,545.09,2136.32,Mixed,1562.54,Investments,Positive,45.2,Medium,4721.89,1,2019-07-01,0.14656412666281085,0.6721954347584813,2.634472382878495,0.041333502024291494,2.016845272594986,2
2019-08-29,1458,5295.24,1740.05,0.11,3118.97,normal,726.0,0.16,525.73,356.75,8,1003.08,24,0,811.35,1293.6,Freelance,1000.74,Transportation,Positive,72.3,Low,3555.19,1,2019-08-01,0.3286064465444437,0.4662797046061895,0.7434269130197407,0.06737182828351501,0.5764661935001868,1
2019-09-28,1038,3705.56,2972.45,0.18,2874.56,normal,692.0,0.11,686.14,0.0,4,1420.62,77,0,47.46,1052.47,Salary,1347.05,Groceries,Negative,97.4,Medium,733.11,0,2019-09-01,0.8021594576798109,0.015966626856633418,0.35407492136116675,0.0,0.47792898114350113,2
2019-10-28,1595,4521.79,3131.93,0.37,3025.06,normal,645.0,0.41,280.93,303.34,1,1013.99,90,0,187.14,1731.05,Salary,368.58,Entertainment,Negative,62.2,High,1389.86,0,2019-10-01,0.6926305732906658,0.0597522933143461,0.5527103096173925,0.06708405299671147,0.32375883241324044,3
2019-11-27,1205,3629.51,3352.63,0.06,2658.66,normal,727.0,0.39,4.73,495.41,7,1294.54,23,0,532.19,2227.09,Salary,1465.63,Education,Neutral,73.8,Low,276.88,0,2019-11-01,0.9237142203768552,0.1587380653397482,0.6642814745438655,0.13649500896815273,0.38612671246156,1
2019-12-27,1511,2586.17,2534.03,0.09,2409.44,inflation,613.0,0.56,604.13,979.88,7,185.58,34,0,679.0,2078.09,Salary,1681.8,Healthcare,Positive,50.3,Medium,52.14,0,2019-12-01,0.9798389123684832,0.26795262881654913,0.8200731640904014,0.37889233886403445,0.07323512349893253,2
2020-01-26,1084,3677.05,2276.04,0.17,3074.08,normal,753.0,0.57,366.83,601.09,9,834.09,36,0,146.24,2715.84,Salary,1441.28,Groceries,Positive,74.5,Medium,1401.01,0,2020-01-01,0.618985327912321,0.06425194636298133,1.1932303474455634,0.16347071701499843,0.3664654399746929,2
2020-02-25,1799,3285.42,2691.73,0.21,2966.68,recession,714.0,0.47,706.65,406.24,7,195.09,76,0,586.33,1361.88,Salary,1121.37,Entertainment,Positive,33.8,High,593.69,0,2020-02-01,0.8192955542974718,0.21782645361904798,0.5059497052081747,0.12364933554918398,0.0724775516117887,3
2020-03-26,1866,3814.84,2020.61,0.14,2757.38,recession,670.0,0.18,367.81,666.47,8,1872.93,37,0,537.93,2462.69,Freelance,465.23,Healthcare,Positive,96.9,Low,1794.23,0,2020-03-01,0.5296709691625336,0.2662215865505961,1.2187854162851812,0.17470457476591417,0.9269131598873608,1
2020-04-25,1949,2282.15,1808.42,0.08,2036.74,normal,612.0,0.43,573.76,489.73,5,486.95,93,0,438.09,2490.75,Salary,928.5,Investments,Positive,55.7,Low,473.73,0,2020-04-01,0.7924194290471704,0.24225014100706693,1.3773072626934009,0.21459150362596674,0.26926820097101334,1
2020-05-25,1730,4003.62,4254.45,0.17,2560.16,normal,628.0,0.46,660.45,767.32,1,794.26,57,0,525.02,1000.0,Salary,1609.61,Insurance,Positive,71.8,Low,0.0,0,2020-05-01,1.0626508010250724,0.12340490545193857,0.23504800855574753,0.19165655082150657,0.18668923127548803,1
2020-06-24,1355,4169.75,3064.38,0.39,3289.28,normal,658.0,0.24,633.69,759.34,8,1040.06,60,0,384.05,3045.44,Salary,1556.05,Insurance,Positive,46.4,Medium,1105.37,0,2020-06-01,0.734907368547275,0.125327146111122,0.9938193043943636,0.1821068409377061,0.3394030766419308,2
2020-07-24,1166,4154.59,3070.33,0.37,3168.63,inflation,682.0,0.35,634.79,475.69,9,723.56,53,0,563.52,2297.94,Mixed,2222.8,Investments,Positive,93.6,High,1084.26,0,2020-07-01,0.7390211789851706,0.183537274494924,0.7484342073979019,0.11449745943643054,0.23566196467480693,3
2020-08-23,1694,5530.99,996.21,0.26,1673.99,inflation,668.0,0.1,563.79,597.11,6,1304.41,50,0,437.43,1887.29,Salary,1249.45,Utilities,Neutral,69.7,High,4534.78,1,2020-08-01,0.18011422909822655,0.4390941668925227,1.8944700414571223,0.10795716499216235,1.3093725218578411,3
2020-09-22,1230,2249.0,4408.99,0.1,3479.97,inflation,681.0,0.35,832.77,312.28,4,1475.67,73,0,226.64,1547.2,Salary,1380.6,Investments,Positive,9.6,Low,0.0,0,2020-09-01,1.960422409959982,0.051404063062061835,0.3509193715567511,0.13885282347710093,0.3346957012830603,1
2020-10-22,1306,4108.07,2591.19,0.2,3900.31,recession,668.0,0.1,298.17,41.32,2,669.87,76,0,400.19,2157.76,Salary,1484.8,Transportation,Positive,28.8,Medium,1516.88,0,2020-10-01,0.6307560484607128,0.15444255342140098,0.8327293637286344,0.010058251198251248,0.25851828696467644,2
2020-11-21,1856,3281.77,2937.27,0.09,2975.45,normal,621.0,0.22,91.88,625.54,6,1642.86,89,0,579.78,2982.26,Salary,1094.01,Dining Out,Positive,40.7,Low,344.5,0,2020-11-01,0.8950261596638399,0.19738736990470743,1.0153169439649743,0.19061055467019322,0.5593152825582939,1
2020-12-21,1310,3642.2,1872.49,0.25,1972.05,normal,721.0,0.16,782.47,423.27,2,1139.84,50,0,408.48,2303.32,Salary,1540.2,Insurance,Neutral,4.5,Low,1769.71,0,2020-12-01,0.5141096040854429,0.2181480274928037,1.2300840057890832,0.11621272857064412,0.6087295526277844,1
2021-01-20,1332,3463.41,3271.94,0.08,2743.33,normal,604.0,0.16,415.25,396.61,5,1464.46,45,0,221.86,1895.09,Salary,1585.15,Healthcare,Neutral,91.8,High,191.47,0,2021-01-01,0.9447163344796026,0.06780686687408694,0.579194606258061,0.11451430815294754,0.4475815571190181,3
2021-02-19,1071,4599.21,3564.07,0.3,3528.02,inflation,657.0,0.37,385.63,736.26,6,503.96,21,0,606.22,2307.27,Salary,1451.61,Utilities,Positive,61.4,Low,1035.14,0,2021-02-01,0.7749309120479387,0.17009205767563487,0.647369439994164,0.1600840144285649,0.14140014085020775,1
2021-03-21,1371,3375.82,2627.31,0.07,3402.61,normal,661.0,0.23,885.3,580.03,2,532.31,87,1,459.21,2665.28,Salary,1306.39,Insurance,Negative,23.5,Medium,748.51,0,2021-03-01,0.7782731306763986,0.17478333352364206,1.0144520441059488,0.17181899508860068,0.20260646821273467,2
2021-04-20,1938,4023.87,1360.32,0.17,3357.66,recession,740.0,0.21,470.65,0.0,7,2018.03,77,0,830.19,2651.21,Salary,851.6,Healthcare,Positive,87.0,Low,2663.55,0,2021-04-01,0.3380626113666694,0.6102902258292168,1.9489605386967774,0.0,1.4834965302281817,1
2021-05-20,1260,4976.02,3902.74,0.27,2370.54,normal,535.0,0.43,1151.87,318.52,5,592.64,58,0,346.96,2214.83,Salary,815.3,Insurance,Positive,93.5,Low,1073.28,0,2021-05-01,0.7843095485950619,0.0889016434607481,0.567506418567468,0.0640109967403668,0.15185228839225776,1
2021-06-19,1277,3874.19,2673.9,0.06,3160.19,inflation,709.0,0.42,359.9,0.0,9,192.49,21,0,826.7,2111.3,Salary,1239.34,Utilities,Positive,22.5,Medium,1200.29,0,2021-06-01,0.690182980184245,0.3091738658887767,0.7895957216051461,0.0,0.07198848124462395,2
2021-07-19,1446,3539.63,1192.31,0.07,2554.84,normal,731.0,0.4,680.77,130.48,3,303.31,91,0,641.53,1446.19,Freelance,1269.19,Transportation,Negative,34.0,Low,2347.32,0,2021-07-01,0.3368459415249616,0.5380563779553975,1.2129312007783213,0.036862609933806634,0.2543885398931486,1
2021-08-18,1917,2832.28,4716.8,0.39,2712.04,normal,648.0,0.23,346.02,479.85,1,1165.48,68,0,390.53,2336.89,Salary,1179.15,Insurance,Negative,63.3,Medium,0.0,0,2021-08-01,1.665372067733416,0.08279553934871098,0.49543970488466754,0.1694218085782479,0.24709124830393486,2
2021-09-17,1209,3456.66,2910.41,0.3,3457.95,normal,611.0,0.48,492.74,222.84,7,592.01,68,0,429.48,2045.01,Salary,670.0,Groceries,Neutral,10.7,Low,546.25,0,2021-09-01,0.841971729935834,0.14756683766204762,0.7026535780182174,0.06446685528805263,0.20341120323253425,1
2021-10-17,1896,2954.93,5011.59,0.19,3533.22,inflation,696.0,0.35,324.05,608.22,1,959.69,69,0,516.68,2701.17,Salary,1902.67,Rent,Neutral,1.0,High,0.0,0,2021-10-01,1.696009719350374,0.10309702110507842,0.5389846336192705,0.20583228705925355,0.19149411663763397,3
2021-11-16,1335,4374.48,4704.11,0.2,2581.05,normal,666.0,0.28,791.63,275.37,9,543.07,51,0,163.42,2079.27,Freelance,1375.16,Dining Out,Positive,48.0,High,0.0,0,2021-11-01,1.0753529562370843,0.0347398338899388,0.44201134752376114,0.06294919624732541,0.11544585479506221,3
2021-12-16,1604,3185.98,1721.25,0.15,2148.24,normal,613.0,0.32,421.45,403.33,1,959.2,56,0,453.23,1440.94,Salary,812.36,Insurance,Positive,98.9,Low,1464.73,0,2021-12-01,0.5402576287358991,0.26331445170660855,0.8371474219317356,0.1265952705290052,0.5572694262890342,1
2022-01-15,1895,3150.47,2759.67,0.05,2711.72,inflation,753.0,0.16,538.51,418.16,6,689.26,52,0,748.25,1384.25,Salary,1101.52,Transportation,Neutral,8.8,Low,390.8,0,2022-01-01,0.8759550162356728,0.27113749107683166,0.5015998289650574,0.13272940227965987,0.2497617468755322,1
2022-02-14,1662,3797.06,2792.7,0.37,2453.8,inflation,690.0,0.34,372.48,25.42,1,1593.13,63,0,920.17,2452.58,Salary,1380.33,Dining Out,Positive,97.7,Low,1004.36,0,2022-02-01,0.7354900897009792,0.32949117341640705,0.8782110502381208,0.00669465323171085,0.5704622766498372,1
2022-03-16,1461,3152.89,1886.08,0.13,3334.43,inflation,754.0,0.54,728.33,325.3,9,988.54,61,0,329.4,1350.44,Salary,642.61,Insurance,Positive,57.6,Low,1266.81,0,2022-03-01,0.5982067246240751,0.17464794706481165,0.7160035629453683,0.10317518213448615,0.5241241092636579,1
2022-04-15,1243,4953.73,3013.09,0.31,2929.87,inflation,651.0,0.56,1110.26,521.1,9,1472.05,88,0,517.53,1553.91,Salary,557.02,Dining Out,Negative,45.5,Medium,1940.64,0,2022-04-01,0.6082467151015498,0.17176055146046085,0.5157197428553412,0.1051934602814445,0.4885516197657554,2
2022-05-15,1894,5299.48,2460.74,0.34,3367.14,recession,636.0,0.25,496.16,264.36,4,295.52,49,0,508.35,2556.54,Salary,1281.91,Groceries,Neutral,38.1,Low,2838.74,0,2022-05-01,0.4643361235441968,0.20658419824930715,1.0389313783658576,0.0498841395759584,0.12009395547680779,1
2022-06-14,1446,3266.25,1380.33,0.23,2511.99,normal,708.0,0.19,164.61,464.44,7,1085.1,97,0,407.98,2656.32,Salary,720.27,Groceries,Positive,99.5,High,1885.92,0,2022-06-01,0.4226039035591274,0.29556700209370224,1.924409380365565,0.14219364714887103,0.7861163634782986,3
2022-07-14,1827,3805.09,2046.66,0.38,2905.7,normal,741.0,0.27,232.36,306.77,8,980.8,75,0,505.06,2657.53,Salary,818.8,Entertainment,Positive,76.2,Low,1758.43,0,2022-07-01,0.5378742684141505,0.24677279079084946,1.2984716562594667,0.08062095771716306,0.479219802018899,1
2022-08-13,1063,4695.21,4526.43,0.2,2232.93,normal,746.0,0.52,149.62,1114.32,1,1174.05,86,0,721.25,1585.08,Salary,1277.59,Investments,Positive,4.4,Medium,168.78,0,2022-08-01,0.96405272607615,0.15934190962855938,0.35018325700386393,0.2373312375804277,0.25937659479987535,2
2022-09-12,1579,3062.59,2374.18,0.37,2715.38,normal,691.0,0.28,492.44,312.53,6,1952.76,49,0,799.8,2231.37,Freelance,1034.37,Investments,Neutral,33.3,Medium,688.41,0,2022-09-01,0.7752196670138672,0.33687420498866977,0.9398487056583748,0.10204761329462969,0.82249871534593,2
2022-10-12,1866,2567.88,2611.7,0.22,3408.13,normal,663.0,0.41,505.42,0.0,1,397.39,32,0,399.37,1913.29,Freelance,1856.11,Investments,Positive,4.9,High,0.0,0,2022-10-01,1.0170646603423834,0.152915725389593,0.732584140598078,0.0,0.1521575984990619,3
2022-11-11,1737,3564.15,2364.97,0.26,2846.31,inflation,711.0,0.14,544.1,48.06,4,397.5,68,0,285.79,2412.89,Salary,930.95,Insurance,Negative,53.1,Medium,1199.18,0,2022-11-01,0.6635439024732404,0.12084297052393901,1.0202624134767038,0.013484280964605867,0.1680782420072982,2
2022-12-11,1370,3018.3,2843.89,0.18,2417.01,normal,635.0,0.36,722.82,438.22,3,997.38,71,0,687.59,2514.67,Freelance,1535.2,Utilities,Positive,7.1,High,174.41,0,2022-12-01,0.9422158168505449,0.24177798719359753,0.8842360288196801,0.14518768843388663,0.35070976725541425,3
2023-01-10,1807,4385.93,2446.52,0.37,2618.46,normal,718.0,0.19,608.8,249.26,9,1121.99,31,0,389.61,2473.45,Salary,1307.07,Education,Positive,50.0,High,1939.41,0,2023-01-01,0.5578110001755614,0.1592506907771038,1.0110074718375488,0.05683173238058974,0.4586065104720174,3
2023-02-09,1214,3365.37,4409.87,0.28,2178.54,normal,683.0,0.22,626.78,706.14,7,1014.1,54,0,315.23,2725.96,Mixed,1455.59,Entertainment,Negative,52.2,Low,0.0,0,2023-02-01,1.3103670621655272,0.07148283282727155,0.6181497413755961,0.20982536838445698,0.22996142743436881,1
2023-03-11,1128,4797.98,3844.56,0.3,3441.53,normal,685.0,0.18,615.87,331.69,6,665.9,83,0,783.88,2484.2,Salary,1231.69,Dining Out,Positive,89.1,Low,953.42,0,2023-03-01,0.8012872083668544,0.203893293380777,0.6461597686081112,0.06913117603658207,0.17320577647377072,1
2023-04-10,1048,3940.12,3005.82,0.29,2963.31,normal,665.0,0.37,376.16,231.16,6,700.32,46,0,347.27,2089.57,Freelance,2043.99,Transportation,Positive,54.4,Medium,934.3,0,2023-04-01,0.7628752423784048,0.1155325335515766,0.6951746944261467,0.05866826391074383,0.23298800327364913,2
2023-05-10,1453,4576.18,2464.61,0.14,3021.33,recession,751.0,0.56,547.0,524.2,2,1394.16,36,0,526.62,1719.7,Freelance,418.92,Transportation,Positive,12.1,High,2111.57,0,2023-05-01,0.538573657504731,0.21367275146980658,0.6977574545262739,0.11454968991604352,0.565671647846921,3
2023-06-09,1386,5111.08,3601.36,0.12,2685.73,inflation,698.0,0.21,260.95,278.3,3,1016.3,45,0,848.56,2091.46,Salary,660.59,Education,Neutral,15.6,Medium,1509.72,0,2023-06-01,0.7046182020238384,0.23562209831841302,0.5807417197947442,0.05445033143680005,0.2821989470644423,2
2023-07-09,1962,5514.81,2614.04,0.08,3259.67,normal,703.0,0.11,809.86,28.65,3,1074.75,81,0,450.6,2559.54,Freelance,1385.43,Rent,Positive,58.3,Low,2900.77,0,2023-07-01,0.47400363747799107,0.17237685727838903,0.979151045890652,0.005195101916475816,0.4111452005325091,1
2023-08-08,1701,3737.87,3199.86,0.31,1513.22,normal,647.0,0.18,345.65,633.55,4,1414.24,74,0,611.22,2706.64,Salary,1378.12,Insurance,Positive,25.4,Low,538.01,0,2023-08-01,0.8560650851955793,0.1910146068890514,0.8458620064627826,0.16949492625479215,0.4419693361584569,1
2023-09-07,1978,2788.49,2128.48,0.19,2728.76,normal,671.0,0.14,921.83,394.93,5,640.45,64,0,487.03,1893.97,Freelance,856.72,Entertainment,Positive,11.4,Low,660.01,0,2023-09-01,0.7633091744994603,0.22881586860106742,0.8898227843343607,0.14162862337680968,0.3008954747049538,1
2023-10-07,1410,3145.16,2220.45,0.32,3615.97,normal,608.0,0.52,537.63,821.14,6,593.19,37,0,778.07,2165.56,Salary,1445.45,Entertainment,Negative,99.7,Low,924.71,0,2023-10-01,0.7059895204059571,0.35041095273480605,0.9752797856290392,0.2610805173663661,0.26714855096939816,1
2023-11-06,1389,3360.3,5853.2,0.12,3016.99,normal,693.0,0.57,565.83,392.04,5,1104.14,50,0,887.86,2093.06,Salary,1119.7,Dining Out,Positive,31.7,Medium,0.0,0,2023-11-01,1.7418682855697407,0.151687965557302,0.3575924280735324,0.11666815462905097,0.18863869336431355,2
2019-01-01,1997,2578.18,2314.4,0.07,2979.66,recession,771.0,0.33,487.37,654.57,2,1538.03,32,0,449.34,1991.85,Salary,1062.6,Dining Out,Positive,31.5,High,263.78,0,2019-01-01,0.8976875159996588,0.19414967162115448,0.8606334255098513,0.2538884018959111,0.6645480470100241,3
2019-01-31,1577,4532.96,2762.25,0.36,2286.6,normal,664.0,0.37,509.45,299.82,9,1262.0,92,0,366.62,2385.74,Salary,1465.27,Utilities,Neutral,19.1,Medium,1770.71,0,2019-01-01,0.6093700363559352,0.132725133496244,0.863694451986605,0.06614221171155271,0.45687392524210335,2
2019-03-02,1965,6148.1,3555.9,0.25,2624.66,recession,660.0,0.13,978.84,423.54,1,178.61,45,0,530.47,2209.22,Salary,1199.77,Investments,Negative,1.3,Low,2592.2,0,2019-03-01,0.5783738065418584,0.14918023566466998,0.6212829382153603,0.06888957564125502,0.05022919654658455,1
2019-04-01,1333,1947.27,4457.39,0.26,2997.07,normal,669.0,0.46,687.79,596.46,8,396.93,25,0,162.89,2171.38,Salary,1060.91,Insurance,Positive,76.4,High,0.0,0,2019-04-01,2.289045689606475,0.036543807026084764,0.48714157836760974,0.306305751128503,0.08904986999118318,3
2019-05-01,1608,2918.58,1340.14,0.32,2849.76,normal,657.0,0.35,534.33,385.09,5,686.51,59,0,342.52,2141.52,Salary,1094.19,Insurance,Negative,74.7,High,1578.44,0,2019-05-01,0.45917535239739876,0.2555852373632605,1.597982300356679,0.13194430168095442,0.5122673750503678,3
2019-05-31,1527,4743.64,3230.18,0.3,3444.56,normal,759.0,0.59,447.11,95.44,7,210.13,49,0,338.95,2888.98,Salary,1055.09,Insurance,Positive,91.4,Low,1513.46,0,2019-05-01,0.6809496504793786,0.10493223287866311,0.8943712115114328,0.02011957062508959,0.06505210235962083,1
2019-06-30,1461,2598.15,3477.97,0.25,3019.66,normal,666.0,0.48,450.99,752.74,6,435.09,94,0,679.7,2740.24,Salary,1321.52,Utilities,Positive,64.3,Medium,0.0,0,2019-06-01,1.3386332582799298,0.19543009284151389,0.7878848868736648,0.289721532628986,0.12509883639019312,2
2019-07-30,1905,3482.5,2302.83,0.33,2970.08,normal,630.0,0.15,704.13,321.0,2,683.01,60,0,116.82,2021.61,Mixed,1423.22,Investments,Neutral,90.1,Medium,1179.67,0,2019-07-01,0.6612577171572146,0.05072888576230117,0.8778806946235719,0.09217516152189519,0.29659592761949427,2
2019-08-29,1925,4313.75,2613.77,0.33,2414.02,normal,616.0,0.27,459.07,544.2,5,757.58,45,0,1007.33,2905.84,Salary,1846.99,Rent,Positive,43.3,Medium,1699.98,0,2019-08-01,0.6059159663865546,0.38539351205347067,1.1117428082807592,0.12615473775717184,0.2898418759110404,2
2019-09-28,1120,2413.74,2468.21,0.36,1868.91,normal,728.0,0.23,775.44,391.76,8,1205.19,60,0,309.67,2016.58,Salary,1710.16,Transportation,Positive,6.3,High,0.0,0,2019-09-01,1.022566639323208,0.1254633924990175,0.8170212421147309,0.16230414211969807,0.48828503247292576,3
2019-10-28,1942,3351.95,2206.76,0.16,3223.23,normal,731.0,0.33,615.16,369.66,7,1342.36,57,0,795.63,1842.64,Salary,916.09,Insurance,Positive,51.2,Medium,1145.19,0,2019-10-01,0.6583511090559228,0.36054215229567327,0.8349979154960213,0.11028207461328482,0.6082945132230055,2
2019-11-27,1061,4724.31,3619.56,0.06,2612.59,normal,622.0,0.53,477.56,610.37,7,557.75,66,0,457.14,2159.52,Salary,1127.59,Entertainment,Positive,31.0,Low,1104.75,0,2019-11-01,0.7661563275906957,0.12629711898683818,0.5966250041441501,0.1291977029449803,0.1540933152095835,1
2019-12-27,1857,4744.74,2737.26,0.08,2829.23,normal,734.0,0.44,473.71,815.78,8,295.45,64,0,490.81,1374.36,Mixed,1535.78,Transportation,Positive,46.9,High,2007.48,0,2019-12-01,0.5769041085496782,0.17930704427054792,0.5020933342101225,0.17193355168038713,0.1079364035568415,3
2020-01-26,1178,4019.61,3348.09,0.09,2223.5,inflation,662.0,0.44,361.59,39.16,6,1207.1,27,0,373.47,2248.86,Salary,591.0,Dining Out,Neutral,93.2,Low,671.52,0,2020-01-01,0.8329390164717473,0.11154718063134504,0.6716844529268926,0.00974223867489632,0.3605339163523083,1
2020-02-25,1563,3366.47,4182.38,0.31,1874.76,normal,738.0,0.48,591.37,201.73,5,841.57,34,0,720.15,2563.36,Salary,2133.36,Education,Neutral,21.4,Medium,0.0,0,2020-02-01,1.2423636628278287,0.17218664970662637,0.6128950501867358,0.05992330245034116,0.2012179668035903,2
2020-03-26,1788,4236.25,1861.05,0.31,3863.63,recession,661.0,0.3,375.76,115.31,1,588.55,80,0,388.07,2759.05,Mixed,1059.87,Rent,Positive,95.1,Medium,2375.2,0,2020-03-01,0.4393154322809088,0.20852207087396898,1.482523306735445,0.027219828858070227,0.3162462050992719,2
2020-04-25,1759,3391.04,4857.85,0.37,3028.27,inflation,726.0,0.17,420.55,748.4,2,1696.56,83,0,879.56,1430.28,Salary,1914.63,Healthcare,Neutral,5.9,Low,0.0,0,2020-04-01,1.4325546145135417,0.18105952221661845,0.2944265467233447,0.22069925450599226,0.34924091933674356,1
2020-05-25,1718,2598.82,2864.59,0.13,2660.26,inflation,671.0,0.11,758.38,0.0,1,447.74,32,0,866.5,1636.85,Freelance,1055.44,Education,Negative,83.2,Low,0.0,0,2020-05-01,1.1022656436382665,0.30248656875853086,0.5714081247229097,0.0,0.156301599879913,1
2020-06-24,1250,3511.52,3264.87,0.3,2937.08,recession,665.0,0.27,37.48,696.03,2,1044.62,22,0,752.48,2461.02,Freelance,658.9,Healthcare,Positive,31.2,Low,246.65,0,2020-06-01,0.9297597621542807,0.23047778318891718,0.7537880528168044,0.19821330933612794,0.3199576093381972,1
2020-07-24,1671,3735.72,3341.88,0.23,2812.9,recession,674.0,0.4,572.46,298.72,6,951.49,82,0,310.85,1917.47,Salary,1430.52,Insurance,Positive,90.5,Low,393.84,0,2020-07-01,0.8945745398477403,0.09301650567943792,0.5737698540941027,0.07996316640433439,0.2847169856487965,1
2020-08-23,1224,2829.98,2944.6,0.29,3228.37,inflation,695.0,0.41,558.19,254.35,7,808.29,52,0,534.4,1254.88,Salary,1527.49,Rent,Positive,56.4,Medium,0.0,0,2020-08-01,1.0405020530180424,0.1814847517489642,0.42616314609794204,0.08987696026120326,0.27449908306730963,2
2020-09-22,1947,2249.7,3320.08,0.36,2595.9,recession,644.0,0.45,563.4,393.77,4,1159.91,79,0,740.21,2155.4,Freelance,1587.66,Utilities,Neutral,28.4,Low,0.0,0,2020-09-01,1.4757878828288218,0.22294944700127708,0.64920122406689,0.17503222651909145,0.3493620635647334,1
2020-10-22,1538,5275.13,2932.46,0.31,3945.1,normal,661.0,0.4,743.21,264.15,9,766.96,87,0,284.43,1907.7,Salary,1290.68,Utilities,Positive,9.8,Low,2342.67,0,2020-10-01,0.5559028877013458,0.09699365038227291,0.6505459580011321,0.050074595318030074,0.2615415044024471,1
2020-11-21,1070,5822.68,3179.36,0.21,3325.13,recession,628.0,0.2,507.93,29.11,1,761.82,54,0,339.71,1000.0,Salary,970.58,Groceries,Positive,93.4,Low,2643.32,0,2020-11-01,0.5460303502854356,0.1068485481354738,0.3145287101806653,0.004999416076445898,0.23961426198983443,1
2020-12-21,1568,2841.36,2155.87,0.26,2378.99,normal,786.0,0.36,441.54,0.0,1,745.31,43,0,839.27,1766.43,Freelance,1259.7,Healthcare,Neutral,52.7,Low,685.49,0,2020-12-01,0.7587458118647408,0.3892952729060658,0.8193583101021862,0.0,0.34571193995927396,1
2021-01-20,1561,5173.36,1901.57,0.26,2810.5,inflation,720.0,0.46,253.85,347.42,5,912.0,77,0,799.8,1000.0,Salary,958.44,Entertainment,Positive,56.6,High,3271.79,1,2021-01-01,0.3675696259297633,0.420599820148614,0.5258812454971419,0.06715558167225943,0.47960369589339336,3
2021-02-19,1726,3916.1,3321.43,0.12,3274.45,normal,598.0,0.28,369.36,275.25,1,2192.03,75,0,657.48,3000.99,Salary,911.81,Dining Out,Positive,64.8,High,594.67,0,2021-02-01,0.8481473915374991,0.19795088260177093,0.9035234823554914,0.07028676489364419,0.6599657376491452,3
2021-03-21,1109,4870.59,3461.87,0.22,2200.37,inflation,643.0,0.25,371.28,380.98,3,448.36,81,0,254.78,1622.42,Salary,1256.79,Entertainment,Positive,15.9,Low,1408.72,0,2021-03-01,0.7107701531026015,0.07359606224381621,0.46865422445094707,0.07822050306020421,0.12951381767657366,1
2021-04-20,1532,3192.65,2536.07,0.15,3016.3,recession,629.0,0.28,428.2,110.83,4,1500.46,68,0,397.23,2430.85,Salary,1639.1,Education,Neutral,28.1,Medium,656.58,0,2021-04-01,0.7943463893630683,0.15663211188965603,0.9585106089342958,0.03471410896903826,0.5916477068850623,2
2021-05-20,1433,4364.93,2068.6,0.32,2835.57,normal,630.0,0.18,524.35,0.0,8,1337.57,47,0,773.77,2679.95,Salary,1535.82,Transportation,Positive,18.9,Low,2296.33,0,2021-05-01,0.47391367100961523,0.3740549163685585,1.2955380450546263,0.0,0.646606400464082,1
2021-06-19,1469,4424.01,3273.45,0.39,2313.13,normal,734.0,0.41,399.9,448.44,6,1072.04,51,0,688.96,1000.0,Salary,1040.46,Investments,Neutral,42.1,Low,1150.56,0,2021-06-01,0.7399282551350471,0.2104690769677252,0.3054880936015519,0.10136505116398922,0.3274954558646077,1
2021-07-19,1942,3950.61,4145.59,0.08,3392.67,inflation,717.0,0.22,656.13,94.21,4,972.52,37,0,348.13,1725.78,Salary,1722.81,Entertainment,Positive,40.4,High,0.0,0,2021-07-01,1.0493544034971813,0.0839759841180628,0.41629297639178015,0.023846950217814463,0.23459145742825507,3
2021-08-18,1191,3552.09,2608.6,0.31,2597.95,normal,674.0,0.16,537.44,352.15,1,1932.91,22,0,536.73,3491.05,Salary,547.59,Dining Out,Neutral,94.8,Low,943.49,0,2021-08-01,0.7343845454366302,0.20575404431495822,1.3382849037798055,0.09913881686556364,0.7409760024534233,1
2021-09-17,1975,3780.84,2435.75,0.4,2923.72,normal,639.0,0.25,452.79,577.32,3,244.24,38,0,474.94,2171.6,Mixed,1811.64,Investments,Neutral,14.4,Medium,1345.09,0,2021-09-01,0.6442351435130818,0.19498717027609566,0.8915529097813815,0.15269622623543974,0.10027301652468439,2
2021-10-17,1611,4348.0,2301.0,0.16,2533.29,normal,714.0,0.39,210.95,335.33,4,976.95,79,0,818.7,2833.09,Salary,1248.21,Insurance,Neutral,13.0,Medium,2047.0,0,2021-10-01,0.5292088316467342,0.35580182529335075,1.2312429378531073,0.0771228150873965,0.4245762711864407,2
2021-11-16,1869,4451.58,2430.48,0.13,3152.31,recession,826.0,0.2,600.37,799.51,3,1704.66,45,0,456.41,2881.27,Salary,1268.71,Healthcare,Positive,45.9,Medium,2021.1,0,2021-11-01,0.5459814268192417,0.18778595174615714,1.1854736512952173,0.17960139995237645,0.7013676310852177,2
2021-12-16,1247,4514.39,2230.66,0.17,2506.81,normal,589.0,0.36,811.28,83.75,3,957.85,81,0,669.9,2321.88,Salary,1666.56,Groceries,Positive,72.0,Medium,2283.73,0,2021-12-01,0.4941221294571359,0.3003147050648687,1.0408937265204021,0.018551786620119217,0.4294020603767495,2
2022-01-15,1117,4224.96,2896.18,0.23,3389.0,recession,590.0,0.39,478.88,113.33,4,632.33,93,0,748.45,1618.49,Salary,647.79,Dining Out,Positive,13.9,Low,1328.78,0,2022-01-01,0.6854928804059683,0.2584266171301508,0.5588361220642364,0.026823922593349994,0.21833242408966297,1
2022-02-14,1401,3522.96,3828.39,0.05,3072.32,inflation,682.0,0.36,279.02,298.87,8,1881.79,45,0,302.61,1994.3,Salary,1237.43,Investments,Positive,61.9,Low,0.0,0,2022-02-01,1.0866969820832482,0.07904367109933942,0.520923939306079,0.08483491155164975,0.491535606351495,1
2022-03-16,1805,5599.7,2721.35,0.34,2719.29,recession,523.0,0.15,586.9,1049.32,5,0.0,81,0,547.21,1000.0,Mixed,999.3,Dining Out,Positive,82.8,High,2878.35,1,2022-03-01,0.4859813918602782,0.20108034615172618,0.36746467745787936,0.1873886101041127,0.0,3
2022-04-15,1808,4148.47,3669.69,0.36,2487.54,inflation,720.0,0.32,369.29,45.38,8,2083.31,46,0,814.04,2672.96,Salary,1480.44,Dining Out,Negative,91.5,Low,478.78,0,2022-04-01,0.884588776102997,0.22182800182031723,0.7283885014810515,0.010938972681494623,0.5677073540271794,1
2022-05-15,1733,5173.72,3570.01,0.37,2631.98,normal,650.0,0.47,695.4,412.01,5,817.05,50,0,604.38,2388.88,Salary,1071.56,Healthcare,Positive,44.7,Low,1603.71,0,2022-05-01,0.690027678343629,0.16929364343517245,0.6691521872487752,0.0796351561352373,0.2288649051403217,1
2022-06-14,1856,878.47,3711.08,0.12,2918.12,recession,694.0,0.29,766.45,451.01,4,1628.87,25,0,585.98,1678.89,Salary,1729.85,Utilities,Positive,5.7,Low,0.0,0,2022-06-01,4.224481200268649,0.15790012610884163,0.45239930155103103,0.5134039864764876,0.43892074544337495,1
2022-07-14,1317,5784.09,3430.15,0.17,3111.91,normal,721.0,0.39,708.76,773.55,1,1764.62,74,0,609.4,2013.63,Salary,1291.04,Healthcare,Neutral,78.2,Low,2353.94,0,2022-07-01,0.5930319203193588,0.17765986910193432,0.587038467705494,0.1337375455776103,0.5144439747532906,1
2022-08-13,1491,3598.39,3003.42,0.14,2793.03,normal,652.0,0.5,594.12,602.97,3,920.91,44,0,397.14,1625.5,Mixed,1770.26,Dining Out,Positive,50.4,Low,594.97,0,2022-08-01,0.834656610317392,0.13222925864514454,0.5412163466980975,0.16756660617665123,0.3066204526839403,1
2022-09-12,1643,3751.22,4491.63,0.14,3562.7,normal,672.0,0.48,210.01,391.71,5,1726.02,25,0,357.57,1613.11,Salary,583.68,Groceries,Negative,78.4,Low,0.0,0,2022-09-01,1.1973784528766642,0.07960807101208248,0.3591368834921843,0.10442202803354642,0.38427475103692865,1
2022-10-12,1865,4018.19,2347.54,0.36,3538.24,inflation,723.0,0.44,321.21,559.82,5,811.69,20,0,792.24,2164.37,Freelance,300.0,Entertainment,Positive,39.6,Low,1670.65,0,2022-10-01,0.5842282221597286,0.3374766777136918,0.9219736404917488,0.13932143577083214,0.34576194654830167,1
2022-11-11,1194,4405.6,2086.74,0.25,3067.48,inflation,667.0,0.31,690.36,291.7,2,1254.99,78,0,604.26,1317.03,Freelance,1402.39,Transportation,Negative,42.6,Low,2318.86,0,2022-11-01,0.4736562556745959,0.289571293021651,0.631142356019437,0.06621118576357363,0.6014117714712902,1
2022-12-11,1889,3988.46,4850.38,0.23,3107.88,normal,726.0,0.39,503.97,513.48,2,997.14,38,0,98.36,2494.41,Salary,962.58,Healthcare,Negative,43.7,Low,0.0,0,2022-12-01,1.2161034584777082,0.02027882351485863,0.5142710468045802,0.1287414189937971,0.20557976900778907,1
2023-01-10,1760,2349.1,3478.14,0.24,3023.22,normal,741.0,0.6,547.97,478.93,1,1723.6,88,0,797.64,2166.48,Salary,1041.19,Rent,Neutral,34.4,Medium,0.0,0,2023-01-01,1.4806266229619856,0.22932946919905467,0.6228846452414222,0.20387808096717894,0.4955522204396603,2
2023-02-09,1845,3384.49,3124.1,0.08,2997.07,normal,611.0,0.19,297.28,279.95,3,625.08,66,1,525.95,1865.02,Salary,1226.57,Transportation,Negative,36.4,Low,260.39,0,2023-02-01,0.9230637407703968,0.16835248551582857,0.5969783297589706,0.0827155642356751,0.20008322396850295,1
2023-03-11,1300,2772.8,3557.14,0.36,3356.31,normal,640.0,0.47,363.99,420.95,7,1376.08,28,0,423.83,1419.48,Salary,1254.4,Investments,Positive,12.9,Low,0.0,0,2023-03-01,1.2828693017888053,0.11914909168601742,0.39905092293246824,0.15181405077899596,0.386850109919767,1
2023-04-10,1942,3791.64,3048.59,0.29,3367.34,normal,665.0,0.12,436.53,255.32,1,727.69,98,0,492.46,2540.57,Mixed,1586.13,Healthcare,Positive,55.9,Medium,743.05,0,2023-04-01,0.8040293909759366,0.1615369728300624,0.8333590282720864,0.06733761644037936,0.23869723380316804,2
2023-05-10,1639,5591.87,2156.97,0.16,2462.58,inflation,653.0,0.57,790.76,0.0,8,467.08,98,0,403.2,3084.99,Salary,1334.98,Insurance,Positive,42.1,High,3434.9,1,2023-05-01,0.38573321625860396,0.18692888635446947,1.430242423399491,0.0,0.21654450455963692,3
2023-06-09,1722,5463.62,2816.29,0.25,2446.48,normal,739.0,0.46,580.65,220.9,5,1519.15,86,0,842.28,2560.7,Freelance,1018.91,Rent,Neutral,44.1,Low,2647.33,1,2023-06-01,0.5154622759269495,0.299074314079871,0.9092458518121358,0.04043106951069072,0.5394153300973977,1
2023-07-09,1351,5500.56,2501.94,0.34,3216.31,normal,678.0,0.17,131.92,0.0,1,479.11,41,0,416.96,1793.33,Salary,739.18,Dining Out,Positive,49.5,Low,2998.62,0,2023-07-01,0.4548518696278197,0.16665467597144615,0.7167757819931733,0.0,0.19149539956993372,1
2023-08-08,1680,4786.28,2579.17,0.24,3106.51,normal,689.0,0.13,697.21,728.56,7,1494.09,40,0,786.79,3247.95,Mixed,1074.03,Transportation,Positive,45.6,Low,2207.11,0,2023-08-01,0.5388673458301646,0.30505550235153167,1.2593004726326686,0.15221842432954194,0.579291012224863,1
2023-09-07,1432,3035.68,2846.88,0.4,2889.28,inflation,631.0,0.53,610.9,344.4,3,1150.27,50,0,897.23,1452.31,Salary,1335.64,Rent,Positive,79.6,High,188.8,0,2023-09-01,0.9378063564012018,0.31516256392963526,0.5101409262069353,0.11345069309018078,0.40404583263080984,3
2023-10-07,1077,2216.99,3393.73,0.33,3273.4,recession,718.0,0.27,977.65,839.46,3,489.56,50,0,498.4,3829.47,Salary,785.53,Transportation,Negative,42.4,Medium,0.0,0,2023-10-01,1.5307827279329183,0.14685906067954727,1.1283956001214004,0.3786485279590797,0.14425425711532738,2
2023-11-06,1848,4581.92,4121.99,0.39,2635.18,normal,680.0,0.51,475.71,81.65,3,2116.1,81,0,300.61,2129.07,Salary,1371.69,Dining Out,Positive,28.7,High,459.93,0,2023-11-01,0.8996206830324405,0.0729283671236466,0.516515081307815,0.017820040507036353,0.513368542864005,3
2019-01-01,1254,2335.32,3350.56,0.06,2856.34,inflation,659.0,0.23,813.66,388.09,7,1200.13,31,0,624.75,2607.93,Salary,1172.8,Transportation,Neutral,5.2,Medium,0.0,0,2019-01-01,1.4347327132898273,0.1864613676519746,0.7783564538465212,0.16618279293629992,0.358187885010267,2
2019-01-31,1984,4529.28,3330.63,0.21,3601.6,normal,674.0,0.41,497.97,415.73,8,1029.0,34,0,623.43,2072.06,Salary,1605.25,Entertainment,Negative,35.9,Low,1198.65,0,2019-01-01,0.7353552882577364,0.18718080363174533,0.62212254138106,0.09178721562809102,0.30895055890327056,1
2019-03-02,1810,3107.16,2657.15,0.09,2755.0,normal,675.0,0.37,89.65,365.92,7,1137.77,62,0,632.18,1992.41,Salary,300.0,Groceries,Positive,37.9,Low,450.01,0,2019-03-01,0.8551699944643985,0.23791656474041734,0.7498297047588581,0.11776670657449248,0.42819185969930185,1
2019-04-01,1928,4721.11,3425.31,0.21,3193.98,normal,688.0,0.11,335.82,256.28,6,1563.67,97,0,632.74,1726.92,Salary,1487.11,Dining Out,Positive,45.8,Medium,1295.8,0,2019-04-01,0.7255306485127438,0.1847248862146784,0.504164586562968,0.05428384426543757,0.45650466673089446,2
2019-05-01,1229,3908.56,3196.97,0.18,3962.26,recession,807.0,0.18,563.12,546.06,2,1550.13,41,0,689.1,2458.84,Salary,1746.55,Utilities,Neutral,20.2,Low,711.59,0,2019-05-01,0.8179406226333995,0.2155478468675027,0.7691157564819189,0.1397087418384264,0.4848747407701668,1
2019-05-31,1320,4813.79,2222.54,0.21,3386.62,normal,645.0,0.19,571.44,323.59,5,378.27,38,0,493.48,3700.98,Mixed,1025.64,Transportation,Neutral,49.6,Low,2591.25,0,2019-05-01,0.46170273318944116,0.22203424910237837,1.6652028759887336,0.06722146167572744,0.17019716180586175,1
2019-06-30,1295,3797.07,3606.88,0.39,2300.44,normal,736.0,0.2,382.19,903.44,1,39.23,80,0,643.59,2155.69,Freelance,1728.14,Dining Out,Positive,95.0,Low,190.19,0,2019-06-01,0.9499113790369943,0.17843399281373376,0.5976605819988466,0.23793082561027318,0.01087643614425764,1
2019-07-30,1784,4018.31,1566.09,0.12,2757.69,normal,765.0,0.26,414.11,316.5,8,1123.86,98,0,238.58,1612.76,Salary,1304.51,Education,Positive,3.9,Medium,2452.22,0,2019-07-01,0.3897384721437619,0.15234118090275783,1.0298003307600458,0.07876445570401487,0.7176215926287761,2
2019-08-29,1283,6187.45,3518.25,0.23,2703.76,inflation,676.0,0.22,733.8,443.23,6,976.4,79,0,457.05,2462.77,Freelance,612.75,Utilities,Neutral,56.2,Low,2669.2,0,2019-08-01,0.56861065543964,0.1299083351097847,0.6999985788389114,0.07163371017139533,0.2775243373836424,1
2019-09-28,1567,2602.7,3487.53,0.38,2589.63,normal,654.0,0.19,306.94,289.13,1,1684.59,34,0,236.9,1778.1,Salary,1418.38,Insurance,Neutral,86.1,Medium,0.0,0,2019-09-01,1.339966188957621,0.06792773108761788,0.5098450766014916,0.11108848503477159,0.48303240402233094,2
2019-10-28,1634,3970.71,4435.95,0.15,2748.72,recession,676.0,0.44,640.58,273.26,6,1635.22,35,0,852.02,2311.11,Freelance,1355.55,Entertainment,Neutral,29.9,Low,0.0,0,2019-10-01,1.1171679624047084,0.19207159683945943,0.5209955026544484,0.06881892658995495,0.36862904225701376,1
2019-11-27,1800,4896.1,3404.36,0.24,2018.65,inflation,757.0,0.36,542.81,487.6,2,838.45,70,0,687.49,1928.02,Salary,851.91,Utilities,Positive,65.4,High,1491.74,0,2019-11-01,0.6953207655072404,0.20194397772268502,0.5663384600923521,0.09958946916933886,0.24628711417123925,3
2019-12-27,1108,2149.49,3535.83,0.06,3321.08,normal,662.0,0.58,537.2,577.28,5,442.88,93,0,337.93,1883.77,Salary,904.08,Utilities,Negative,84.9,High,0.0,0,2019-12-01,1.6449622933812207,0.09557303377142001,0.532765998365306,0.26856603194246076,0.12525489064802323,3
2020-01-26,1332,4425.12,2375.51,0.25,3099.92,normal,656.0,0.15,379.77,221.77,3,1568.27,53,0,861.52,2568.6,Salary,798.01,Rent,Positive,7.9,Medium,2049.61,0,2020-01-01,0.5368238601439058,0.36266738510888186,1.081283598048419,0.050116155042123155,0.6601824450328561,2
2020-02-25,1521,4516.16,3683.37,0.31,1824.49,inflation,685.0,0.23,297.37,155.75,7,1878.64,42,0,440.47,1503.34,Salary,1362.81,Investments,Neutral,33.7,Low,832.79,0,2020-02-01,0.8155977644724722,0.11958342496138048,0.40814254337739625,0.03448726351590732,0.510032931798869,1
2020-03-26,1749,4960.36,3565.49,0.35,2418.21,recession,654.0,0.57,781.6,436.03,5,1351.29,25,0,289.44,3135.85,Mixed,947.18,Dining Out,Neutral,77.0,Low,1394.87,0,2020-03-01,0.7187966196001904,0.08117818308283013,0.8795004333205254,0.08790289414477981,0.3789913868781009,1
2020-04-25,1244,3579.28,3564.95,0.08,3138.08,normal,578.0,0.55,697.35,582.85,1,1135.29,49,0,461.58,2004.93,Salary,982.64,Rent,Positive,73.5,Low,14.33,0,2020-04-01,0.9959964015109183,0.12947727177099258,0.5624005946787473,0.16284001251648375,0.31845888441633124,1
2020-05-25,1852,4195.32,4528.08,0.06,3192.45,normal,722.0,0.43,789.01,436.08,2,246.74,57,0,504.13,2207.11,Salary,770.82,Education,Negative,92.6,Medium,0.0,0,2020-05-01,1.0793169531763966,0.111334163707355,0.48742734227310475,0.10394439518320414,0.054491086729916434,2
2020-06-24,1353,3861.33,2315.84,0.36,2977.54,recession,677.0,0.29,434.62,709.77,6,747.03,36,0,846.35,1453.05,Salary,803.2,Investments,Neutral,12.7,Medium,1545.49,0,2020-06-01,0.5997518989570951,0.3654613444797568,0.6274397194970291,0.1838149031551305,0.322574098383308,2
2020-07-24,1370,4628.51,2707.27,0.17,3734.83,inflation,661.0,0.22,447.31,585.0,6,246.27,49,0,910.56,2398.46,Mixed,818.51,Healthcare,Positive,61.5,Low,1921.24,0,2020-07-01,0.5849117750636814,0.33633882102634755,0.8859330617190011,0.12639056629455267,0.09096617625874036,1
2020-08-23,1849,4985.68,3857.51,0.35,2972.64,normal,779.0,0.22,476.72,712.01,3,866.14,60,0,550.23,2524.21,Salary,872.95,Education,Negative,55.3,Medium,1128.17,0,2020-08-01,0.7737179281462108,0.14263864513637034,0.654362529196295,0.1428110107347443,0.2245334425575047,2
2020-09-22,1770,4960.6,3365.61,0.3,3305.15,normal,702.0,0.1,648.79,1084.24,9,975.05,25,0,629.38,2203.43,Salary,1697.35,Investments,Neutral,7.7,Low,1594.99,0,2020-09-01,0.6784683304438979,0.18700324755393524,0.6546896402138096,0.21857033423376204,0.289709740581945,1
2020-10-22,1971,3400.45,2751.58,0.29,3033.65,normal,767.0,0.51,374.47,0.0,2,941.59,39,0,798.83,2362.15,Salary,1239.84,Transportation,Neutral,1.7,Medium,648.87,0,2020-10-01,0.8091811377905865,0.2903168361450512,0.8584704060939533,0.0,0.34219975432297084,2
2020-11-21,1439,4381.57,3102.35,0.11,3022.66,normal,628.0,0.52,354.83,456.38,5,914.8,39,0,953.03,1807.13,Salary,1779.79,Insurance,Positive,76.0,Low,1279.22,0,2020-11-01,0.7080452897020931,0.30719615775138204,0.5825035859912647,0.10415901149587933,0.29487324125259884,1
2020-12-21,1045,3925.11,3033.29,0.37,2635.8,normal,612.0,0.1,331.05,243.98,1,1115.71,94,0,529.17,1566.64,Salary,1266.81,Utilities,Negative,99.0,High,891.82,0,2020-12-01,0.7727910810142901,0.17445414055365624,0.5164821035904908,0.06215876752498656,0.36782173811274227,3
2021-01-20,1196,2046.45,4009.84,0.4,3060.09,normal,663.0,0.28,362.11,730.73,8,315.68,87,0,452.14,2178.34,Salary,1651.71,Transportation,Positive,46.6,High,0.0,0,2021-01-01,1.9594126414034059,0.11275761626399057,0.5432486084232787,0.357072002736446,0.07872633322027811,3
2021-02-19,1317,4301.87,2687.81,0.28,3167.77,normal,715.0,0.59,960.2,527.68,3,884.83,98,0,476.81,1884.19,Salary,1060.97,Rent,Positive,25.0,Low,1614.06,0,2021-02-01,0.6248003775102455,0.17739721185649285,0.7010130924432902,0.12266293495619346,0.32920109680371756,1
2021-03-21,1239,4030.27,4110.0,0.08,3068.57,normal,682.0,0.51,519.56,369.45,6,1814.19,82,0,647.95,1579.39,Salary,1138.58,Utilities,Positive,95.0,Low,0.0,0,2021-03-01,1.0197827937086101,0.1576520681265207,0.3842798053527981,0.09166879638336885,0.4414087591240876,1
2021-04-20,1183,4628.88,3948.03,0.21,2901.07,recession,684.0,0.55,721.14,455.05,2,1553.77,55,0,731.04,2352.05,Salary,1376.24,Education,Negative,99.0,High,680.85,0,2021-04-01,0.8529125836055375,0.1851657662175819,0.5957528184942871,0.09830671782375003,0.39355577338571385,3
2021-05-20,1542,4199.72,3447.17,0.38,2524.56,recession,637.0,0.3,781.35,401.6,3,1139.96,53,0,586.17,1683.32,Salary,977.54,Groceries,Negative,12.2,Medium,752.55,0,2021-05-01,0.820809482536931,0.17004383305726145,0.4883194040328733,0.0956254226472241,0.33069445371130524,2
2021-06-19,1018,3727.2,2866.51,0.34,3024.36,normal,756.0,0.37,715.66,651.92,2,767.64,85,0,233.62,2389.16,Mixed,819.47,Healthcare,Negative,8.9,Low,860.69,0,2021-06-01,0.7690786649495601,0.08149980289620479,0.8334734572703391,0.17490877870787722,0.2677960307133064,1
2021-07-19,1680,4566.2,2625.76,0.17,1714.73,inflation,718.0,0.36,698.12,302.37,3,492.93,95,0,298.67,3050.94,Freelance,1011.88,Insurance,Neutral,58.1,High,1940.44,1,2021-07-01,0.5750427050939513,0.11374611541039546,1.1619264517701542,0.0662191756821865,0.1877285052708549,3
2021-08-18,1715,3905.58,3644.25,0.34,2970.4,recession,742.0,0.56,493.53,511.12,1,1729.69,98,0,775.94,1854.28,Salary,1025.89,Utilities,Negative,10.5,Low,261.33,0,2021-08-01,0.9330880432611802,0.21292172600672293,0.5088234890581053,0.13086916667946888,0.47463538450984427,1
2021-09-17,1191,4625.76,3753.91,0.17,2701.65,recession,727.0,0.3,128.14,0.0,8,900.37,34,0,639.96,1946.77,Salary,1224.58,Entertainment,Positive,50.7,Low,871.85,0,2021-09-01,0.8115228632700355,0.1704782480134047,0.5185979418792672,0.0,0.239848584542517,1
2021-10-17,1419,4153.75,2946.18,0.37,2685.02,recession,680.0,0.31,577.34,482.11,4,1297.86,72,0,686.32,2952.92,Freelance,1156.4,Groceries,Positive,81.7,High,1207.57,0,2021-10-01,0.7092819741197712,0.23295250120495017,1.0022877081508939,0.11606620523623232,0.44052298230250697,3
2021-11-16,1287,2929.28,2062.0,0.18,3302.54,recession,769.0,0.35,736.25,644.58,8,1136.83,81,0,629.97,1122.05,Salary,1149.32,Investments,Positive,92.6,Low,867.28,0,2021-11-01,0.7039272449202534,0.30551406401551895,0.5441561590688652,0.22004724710509066,0.5513239573229873,1
2021-12-16,1701,2378.14,3431.58,0.09,3004.2,normal,609.0,0.53,0.0,201.84,8,1887.34,86,0,446.63,1822.37,Salary,1372.98,Groceries,Neutral,63.8,High,0.0,0,2021-12-01,1.4429680338415738,0.13015287418623492,0.5310585794298835,0.08487305204908038,0.5499915490823469,3
2022-01-15,1528,2932.61,3926.52,0.16,2976.24,normal,714.0,0.18,463.01,0.0,3,534.47,60,0,261.2,2403.36,Salary,955.07,Education,Positive,11.7,Low,0.0,0,2022-01-01,1.338916528280269,0.06652200931104388,0.6120839827633631,0.0,0.13611798742907205,1
2022-02-14,1271,4008.54,2737.67,0.23,2528.4,recession,629.0,0.15,587.48,150.28,5,1254.63,62,0,730.14,2945.52,Salary,1646.5,Healthcare,Positive,6.2,Medium,1270.87,0,2022-02-01,0.6829593817200278,0.2667012459500232,1.0759222258343775,0.03748995893766808,0.45828386912958835,2
2022-03-16,1119,4018.94,2129.49,0.26,3067.24,normal,652.0,0.57,727.8,709.48,7,846.47,62,0,238.98,2600.49,Salary,1007.75,Groceries,Positive,41.6,Low,1889.45,0,2022-03-01,0.5298635958735387,0.1122240536466478,1.221179719087669,0.17653411098448846,0.3974989316690851,1
2022-04-15,1322,4729.29,1401.51,0.33,2655.49,normal,636.0,0.38,115.85,665.94,8,996.27,76,0,286.52,2161.93,Salary,570.3,Investments,Positive,45.2,High,3327.78,1,2022-04-01,0.29634680892903587,0.204436643334689,1.542571940264429,0.14081183433454073,0.710854720979515,3
2022-05-15,1863,4371.96,2455.72,0.36,2535.29,normal,760.0,0.17,346.45,553.16,5,1123.53,59,0,391.69,1875.97,Salary,958.13,Entertainment,Neutral,49.2,Medium,1916.24,0,2022-05-01,0.5616977282500297,0.15950108318537945,0.7639185249132638,0.1265244878727161,0.45751551479810404,2
2022-06-14,1510,4552.98,3002.22,0.1,2919.41,normal,657.0,0.41,560.19,379.79,2,427.6,20,0,964.29,2484.22,Mixed,1729.39,Transportation,Negative,26.4,High,1550.76,0,2022-06-01,0.6593967028188132,0.3211923176849132,0.8274610121843169,0.08341569697209301,0.1424279366602048,3
2022-07-14,1199,4745.46,2585.7,0.2,2623.14,recession,682.0,0.42,654.38,863.13,3,296.47,76,0,152.45,1263.81,Salary,1237.81,Dining Out,Positive,37.4,Medium,2159.76,0,2022-07-01,0.5448786840474895,0.05895888927563136,0.48876899872374985,0.1818854231202033,0.11465753954441739,2
2022-08-13,1260,4820.37,2712.34,0.07,2917.38,normal,724.0,0.48,340.47,221.39,8,1462.83,67,0,211.92,1714.96,Salary,1695.02,Dining Out,Negative,77.2,Low,2108.03,0,2022-08-01,0.5626829475745638,0.07813179763598958,0.632280613787357,0.04592800967560581,0.5393239785572604,1
2022-09-12,1005,5907.23,2670.07,0.31,2905.78,normal,688.0,0.15,558.97,398.13,5,1354.07,64,0,658.11,2295.59,Salary,1208.49,Investments,Negative,25.3,Low,3237.16,1,2022-09-01,0.45200034533952466,0.24647668413187668,0.8597489953446913,0.06739707104683583,0.5071290265798274,1
2022-10-12,1145,5196.78,3775.28,0.05,2880.0,inflation,704.0,0.21,634.59,433.45,4,1068.71,63,0,799.53,2485.54,Salary,361.49,Dining Out,Positive,32.2,Low,1421.5,0,2022-10-01,0.7264652342412032,0.21178031828102814,0.6583723591362759,0.08340741767017268,0.28308099001928333,1
2022-11-11,1391,3008.33,2707.59,0.16,2970.39,recession,662.0,0.52,331.77,393.5,4,573.03,27,0,528.58,2332.52,Salary,1616.83,Healthcare,Negative,78.2,Low,300.74,0,2022-11-01,0.9000309141616778,0.1952215808154115,0.8614745954889772,0.13080346903431472,0.21163839429160247,1
2022-12-11,1829,4589.2,2140.76,0.36,2019.69,inflation,682.0,0.46,245.8,285.51,2,921.04,58,0,666.19,2528.63,Freelance,1411.3,Insurance,Neutral,60.2,Low,2448.44,1,2022-12-01,0.46647781748452893,0.31119322109904896,1.181183318073955,0.06221345768325634,0.43023972794708415,1
2023-01-10,1578,4151.52,3116.6,0.22,2889.56,inflation,623.0,0.55,589.79,442.22,4,754.9,21,0,124.82,1781.24,Salary,529.5,Education,Positive,23.2,Medium,1034.92,0,2023-01-01,0.7507129918680386,0.04005005454662132,0.5715330809215171,0.10652002158245655,0.24221908490021177,2
2023-02-09,1026,4517.63,2694.5,0.2,2979.15,recession,648.0,0.59,752.08,592.76,7,88.41,95,0,680.79,1599.26,Salary,540.69,Transportation,Positive,30.3,Low,1823.13,0,2023-02-01,0.5964410542696059,0.2526591204305066,0.5935275561328632,0.13121039128923795,0.03281128224160326,1
2023-03-11,1329,3282.64,3340.16,0.15,3883.44,normal,737.0,0.6,307.81,300.92,5,719.85,25,0,523.37,2411.47,Salary,1614.83,Entertainment,Positive,84.7,Medium,0.0,0,2023-03-01,1.0175224819048083,0.15669009867790765,0.72196242096187,0.09167011917237346,0.21551362808967237,2
2023-04-10,1961,5793.84,3009.44,0.37,2895.1,recession,634.0,0.31,89.89,588.66,8,773.82,40,0,516.09,1000.0,Mixed,300.0,Transportation,Positive,44.7,High,2784.4,0,2023-04-01,0.5194206260442125,0.17149037694720612,0.3322877345951406,0.10160101072863592,0.25713089478441176,3
2023-05-10,1798,916.04,3094.28,0.26,2511.34,normal,680.0,0.18,409.43,882.13,7,1389.3,48,0,543.92,1000.0,Salary,857.33,Dining Out,Neutral,37.7,Medium,0.0,0,2023-05-01,3.3778874284965728,0.17578241141719558,0.32317695877554714,0.9629819658530195,0.4489897488268676,2
2023-06-09,1822,3196.81,2748.36,0.24,2671.3,normal,576.0,0.39,425.05,341.02,7,2046.22,40,0,828.51,1608.31,Salary,1166.25,Groceries,Neutral,12.3,Medium,448.45,0,2023-06-01,0.8597195329093691,0.30145614111688424,0.5851889854313117,0.1066750917320704,0.7445240070442009,2
2023-07-09,1623,3884.77,3691.02,0.34,3562.9,recession,640.0,0.22,762.35,545.5,5,660.4,34,0,494.58,2567.83,Salary,1713.33,Healthcare,Positive,16.6,Low,193.75,0,2023-07-01,0.9501257474702492,0.13399548092397223,0.6956965825164859,0.14042015357408547,0.17892073193859692,1
2023-08-08,1615,6303.25,2367.02,0.39,3291.62,recession,690.0,0.34,627.34,371.63,1,74.49,48,0,462.13,1725.06,Freelance,1114.01,Transportation,Neutral,10.2,Medium,3936.23,1,2023-08-01,0.37552373775433306,0.19523704911661077,0.7287897863135926,0.05895847380319676,0.03146994955682673,2
2023-09-07,1161,6580.84,2714.76,0.12,2997.07,recession,657.0,0.47,232.56,50.39,3,1815.1,93,0,473.14,1752.62,Salary,981.29,Investments,Positive,4.7,Low,3866.08,1,2023-09-01,0.4125248448526328,0.1742842829568728,0.6455892970280982,0.007657077212027644,0.6686042228410614,1
2023-10-07,1358,2303.02,3598.26,0.3,2229.49,normal,663.0,0.44,455.64,573.45,8,1127.97,64,0,708.84,2370.78,Salary,1711.78,Healthcare,Positive,99.0,Medium,0.0,0,2023-10-01,1.5624093581471286,0.19699521435360423,0.6588684530856581,0.24899914025931172,0.3134765136482633,2
2023-11-06,1676,3441.61,3902.53,0.18,2686.9,inflation,720.0,0.37,362.76,726.65,9,1653.31,46,0,538.13,2155.96,Mixed,1816.79,Dining Out,Positive,71.0,Medium,0.0,0,2023-11-01,1.1339256917547311,0.13789259787881195,0.5524518709657581,0.21113664825474124,0.42365081114046527,2
2019-01-01,1180,2739.6,3771.22,0.2,2381.32,inflation,699.0,0.12,202.75,132.88,9,143.83,39,0,187.94,1717.87,Salary,1093.59,Dining Out,Positive,15.4,Low,0.0,0,2019-01-01,1.376558621696598,0.04983533180244059,0.45552102502638403,0.04850343115783326,0.0381388516183092,1
2019-01-31,1384,3548.86,2081.26,0.15,2753.81,recession,641.0,0.46,481.66,418.19,2,919.14,36,0,538.73,1818.82,Freelance,1814.45,Entertainment,Positive,81.7,Medium,1467.6,0,2019-01-01,0.5864587501338459,0.2588480055351085,0.8739033085726914,0.11783784088411489,0.44162670689870553,2
2019-03-02,1585,4373.16,2110.01,0.09,3177.66,inflation,652.0,0.32,541.47,433.3,3,568.34,97,0,722.9,2246.69,Salary,865.02,Rent,Positive,30.9,Low,2263.15,0,2019-03-01,0.4824909218962947,0.3426050113506571,1.0647769441850985,0.09908167091988403,0.269354173676902,1
2019-04-01,1637,2884.4,2870.08,0.33,3144.62,inflation,707.0,0.14,292.64,654.29,5,623.76,30,0,544.29,2324.03,Freelance,924.24,Healthcare,Neutral,33.0,Low,14.32,0,2019-04-01,0.9950353626404105,0.18964279741331252,0.8097439792619022,0.22683747053113298,0.21733192106143384,1
2019-05-01,1844,4925.07,2916.49,0.28,2264.48,normal,684.0,0.37,626.16,710.26,3,974.63,42,0,0.0,1730.6,Salary,1082.22,Insurance,Positive,76.6,Low,2008.58,0,2019-05-01,0.5921722939978518,0.0,0.5933845135762509,0.14421317869593733,0.3341790988482731,1
2019-05-31,1038,3555.98,2493.91,0.17,3398.87,recession,716.0,0.27,466.59,400.1,8,339.46,62,0,717.65,2967.72,Freelance,1347.04,Groceries,Negative,10.0,Medium,1062.07,0,2019-05-01,0.7013284664143218,0.2877609857613146,1.1899868078639566,0.11251469355845646,0.13611557754690426,2
2019-06-30,1776,2902.45,3733.93,0.26,2883.64,normal,651.0,0.36,211.78,628.9,3,1027.48,75,0,637.51,1964.1,Salary,1312.54,Transportation,Positive,74.5,Low,0.0,0,2019-06-01,1.286475219211356,0.17073432013990622,0.5260141459534592,0.21667901255835587,0.27517387846049607,1
2019-07-30,1236,4524.43,3708.33,0.16,3306.8,inflation,714.0,0.46,705.24,601.38,2,1114.45,67,0,506.18,1860.51,Salary,1577.19,Healthcare,Negative,22.1,Low,816.1,0,2019-07-01,0.819623687403717,0.13649810022301145,0.501711012773944,0.13291840077092584,0.300526112832461,1
2019-08-29,1398,3624.63,2615.67,0.29,2958.93,normal,712.0,0.6,811.57,457.97,3,1289.36,95,0,695.06,1551.12,Salary,1298.37,Groceries,Positive,35.3,Medium,1008.96,0,2019-08-01,0.7216377947542232,0.26572923954474376,0.5930105861978001,0.1263494480815973,0.49293680013151503,2
2019-09-28,1432,4636.99,2274.65,0.31,1541.2,recession,691.0,0.41,689.38,360.27,5,789.39,28,0,843.52,3159.83,Mixed,1368.84,Insurance,Positive,34.8,Low,2362.34,1,2019-09-01,0.49054451271191013,0.3708350735277955,1.3891499791176665,0.07769479770282015,0.34703800584705335,1
2019-10-28,1652,3828.64,2606.47,0.2,2631.87,normal,690.0,0.49,369.24,172.91,4,1175.35,23,0,385.35,1024.55,Salary,337.61,Transportation,Negative,73.8,Medium,1222.17,0,2019-10-01,0.6807822098708679,0.14784363526148395,0.393079529018174,0.04516225082535835,0.4509355565189701,2
2019-11-27,1834,4317.9,4029.09,0.25,2380.06,normal,608.0,0.34,357.29,437.23,8,1119.27,55,0,638.48,1678.86,Salary,1808.17,Groceries,Positive,88.8,Low,288.81,0,2019-11-01,0.9331133189745016,0.1584675447805832,0.41668466080430067,0.1012598716968897,0.27779721971958926,1
2019-12-27,1994,3518.17,2805.6,0.33,2453.71,inflation,697.0,0.13,347.13,156.48,2,583.75,64,0,587.21,2684.17,Mixed,711.26,Healthcare,Negative,46.3,Low,712.57,0,2019-12-01,0.7974600431474317,0.20929925862560594,0.9567187054462504,0.044477668788034684,0.2080660108354719,1
2020-01-26,1314,4083.62,3354.56,0.09,2979.78,normal,636.0,0.42,300.91,196.15,9,1743.24,37,0,413.06,2072.72,Salary,1039.35,Investments,Positive,59.0,Medium,729.06,0,2020-01-01,0.8214672276068782,0.12313388343031575,0.6178813316798626,0.0480333625557716,0.5196627873700277,2
2020-02-25,1950,4455.53,3308.17,0.32,2815.92,normal,720.0,0.54,402.27,371.17,9,1435.17,48,0,674.34,2461.61,Salary,1117.59,Rent,Positive,45.3,Medium,1147.36,0,2020-02-01,0.7424863035374019,0.20384079415507667,0.7441002125041942,0.08330546534306806,0.43382595211249725,2
2020-03-26,1982,3787.96,1551.83,0.19,3098.12,normal,627.0,0.41,712.19,483.07,2,1110.87,52,0,443.07,1233.79,Salary,622.68,Healthcare,Positive,87.8,Low,2236.13,0,2020-03-01,0.40967433658222363,0.2855145215648621,0.7950548707010433,0.12752774580512993,0.7158451634521822,1
2020-04-25,1891,3379.5,3878.12,0.12,2734.71,recession,616.0,0.58,215.77,402.27,4,669.03,80,0,552.46,2799.78,Salary,1095.54,Education,Neutral,13.1,Medium,0.0,0,2020-04-01,1.1475425358780884,0.14245562282755564,0.7219425907398431,0.11903240124278738,0.1725140016296556,2
2020-05-25,1484,4088.09,3620.7,0.34,2010.8,inflation,710.0,0.34,611.34,735.94,1,1614.93,75,0,551.29,2624.18,Salary,1461.19,Transportation,Positive,46.1,Low,467.39,0,2020-05-01,0.8856703252619194,0.15226061258872595,0.7247714530339437,0.18002049857023697,0.44602701135139616,1
2020-06-24,1415,6821.53,3505.87,0.27,2737.23,normal,653.0,0.56,237.46,147.67,8,218.72,22,0,470.28,2322.59,Salary,1031.42,Insurance,Positive,25.1,Low,3315.66,1,2020-06-01,0.513941886937388,0.13414074109992669,0.6624860590951748,0.021647636234099973,0.06238679700045923,1
2020-07-24,1580,5869.52,3657.56,0.33,2996.28,normal,763.0,0.12,604.4,154.42,6,910.57,38,0,435.45,2560.03,Freelance,865.11,Investments,Negative,45.2,Medium,2211.96,0,2020-07-01,0.6231446523736183,0.1190547796891917,0.6999283675455769,0.026308795267756133,0.24895558787825767,2
2020-08-23,1392,2646.33,2649.57,0.07,3068.22,normal,757.0,0.26,537.53,395.3,4,789.02,34,0,624.87,2621.33,Salary,1364.64,Insurance,Positive,68.7,Medium,0.0,0,2020-08-01,1.0012243371008152,0.2358382680963326,0.9893416667610215,0.1493766839358659,0.29779171714655583,2
2020-09-22,1031,2979.88,4356.16,0.07,3101.58,normal,700.0,0.6,295.74,610.97,7,1241.42,78,0,509.17,1723.53,Freelance,1132.24,Transportation,Negative,73.5,High,0.0,0,2020-09-01,1.4618575244640724,0.1168850547270991,0.3956535113494454,0.20503174624481524,0.2849803496657607,3
2020-10-22,1219,3914.16,2159.97,0.28,2840.27,recession,648.0,0.37,477.05,407.84,5,1458.76,75,0,486.96,2272.18,Salary,1344.01,Investments,Positive,80.3,Low,1754.19,0,2020-10-01,0.5518348764485866,0.2254475756607731,1.051949795599013,0.10419604717231794,0.6753612318689612,1
2020-11-21,1778,2476.92,1869.67,0.08,2292.18,inflation,598.0,0.21,587.83,495.08,8,199.86,86,0,158.12,1593.15,Salary,1338.36,Education,Positive,88.4,Medium,607.25,0,2020-11-01,0.7548366519709963,0.08457107403980381,0.8521022426417496,0.1998772669282819,0.10689586932453321,2
2020-12-21,1697,4036.28,3829.82,0.35,2663.89,inflation,781.0,0.11,819.33,161.19,9,1349.24,55,0,636.08,1301.27,Salary,1048.71,Transportation,Negative,43.9,High,206.46,0,2020-12-01,0.9488489401131736,0.166086134596404,0.33977314860750635,0.0399352869473872,0.3522985414458121,3
2021-01-20,1271,4712.15,3397.54,0.14,2981.73,normal,679.0,0.14,192.61,767.44,7,1899.8,27,0,665.8,2817.97,Salary,1193.97,Insurance,Neutral,42.4,Medium,1314.61,0,2021-01-01,0.7210169455556381,0.19596531608163553,0.829414811893311,0.16286408539626288,0.5591692813035314,2
2021-02-19,1207,3789.06,2571.24,0.34,3195.33,normal,661.0,0.52,833.95,600.14,4,1455.27,57,0,577.05,2842.82,Salary,1880.98,Education,Neutral,50.2,Medium,1217.82,0,2021-02-01,0.6785957467023483,0.2244247911513511,1.1056221900717165,0.1583875684206637,0.5659798385214916,2
2021-03-21,1624,3647.49,3318.78,0.27,1786.74,normal,660.0,0.18,316.56,1069.32,6,1287.53,54,0,648.47,1165.72,Salary,1431.22,Entertainment,Negative,30.1,Medium,328.71,0,2021-03-01,0.9098804931610506,0.19539409059955767,0.3512495555595731,0.29316598537624505,0.3879528019332405,2
2021-04-20,1563,5012.67,2133.72,0.05,3351.43,normal,626.0,0.4,408.36,284.12,1,1458.97,98,0,605.61,1511.97,Salary,785.35,Investments,Positive,6.1,Low,2878.95,0,2021-04-01,0.42566536396770577,0.28382824363084197,0.7086075023901919,0.05668037193751035,0.6837682545038712,1
2021-05-20,1543,2824.81,3960.22,0.11,2458.07,normal,636.0,0.46,610.99,212.63,7,260.04,38,0,758.35,2567.74,Mixed,1712.07,Utilities,Neutral,79.8,Low,0.0,0,2021-05-01,1.401942077520258,0.1914918868143689,0.6483831706319345,0.07527231920022939,0.06566301872118216,1
2021-06-19,1158,3652.62,3357.22,0.26,2534.24,normal,637.0,0.56,125.84,0.0,1,647.0,75,0,343.91,2069.21,Salary,441.35,Rent,Positive,1.3,Low,295.4,0,2021-06-01,0.9191265447815541,0.1024389226800746,0.6163462626816235,0.0,0.19271897581927905,1
2021-07-19,1032,2831.05,1633.94,0.19,2877.03,normal,734.0,0.51,718.85,559.11,8,1629.45,49,1,71.27,2196.12,Salary,1196.39,Groceries,Neutral,52.8,High,1197.11,0,2021-07-01,0.5771498207378888,0.043618492723111,1.3440640415192724,0.19749209657194328,0.9972520410786198,3
2021-08-18,1129,3913.95,3876.22,0.15,2955.47,inflation,691.0,0.5,624.62,399.92,6,1176.73,30,0,498.77,1838.49,Freelance,1460.22,Dining Out,Positive,4.1,Medium,37.73,0,2021-08-01,0.9903601221272628,0.1286743270505802,0.47429970435114627,0.10217810651643482,0.303576680374179,2
2021-09-17,1124,5046.77,3509.69,0.23,2336.68,normal,664.0,0.16,572.28,62.53,7,1500.59,94,0,253.73,2968.49,Mixed,1391.38,Utilities,Negative,67.7,Low,1537.08,0,2021-09-01,0.6954329204619984,0.07229413423977615,0.8457983468625433,0.012390102976755428,0.4275562798993643,1
2021-10-17,1760,3273.03,4972.57,0.19,2089.53,normal,752.0,0.6,369.34,595.49,3,374.93,99,0,465.91,2604.53,Freelance,1014.43,Entertainment,Negative,14.5,Low,0.0,0,2021-10-01,1.5192558577220494,0.09369601634567237,0.523779454085111,0.18193844847129417,0.07539964243841717,1
2021-11-16,1260,3322.09,3557.36,0.11,2501.65,inflation,700.0,0.4,583.16,628.83,6,1535.07,48,0,996.56,2094.45,Salary,802.1,Groceries,Positive,94.5,Low,0.0,0,2021-11-01,1.0708198754398586,0.28014032878314254,0.5887652641284548,0.18928746662492588,0.43151944138349785,1
2021-12-16,1487,3873.44,2452.8,0.11,2152.96,normal,719.0,0.57,231.57,321.14,2,466.03,29,0,476.19,3566.47,Salary,1039.99,Education,Positive,91.0,Medium,1420.64,0,2021-12-01,0.633235573547028,0.1941413894324853,1.4540402804957597,0.08290821595274485,0.18999918460534895,2
2022-01-15,1378,4283.67,2417.46,0.35,2988.46,normal,575.0,0.12,590.8,634.71,9,1505.59,33,0,782.71,2718.95,Salary,749.15,Utilities,Neutral,59.3,High,1866.21,0,2022-01-01,0.5643431917024421,0.3237737129052808,1.1247135423130061,0.14816967693589844,0.6227983089689177,3
2022-02-14,1119,4741.24,2250.81,0.26,2820.0,inflation,769.0,0.56,569.44,461.04,4,856.31,52,0,690.65,2450.71,Salary,1696.36,Transportation,Positive,35.6,Low,2490.43,0,2022-02-01,0.4747302393466688,0.3068450913226794,1.088812471954541,0.09724038437202083,0.38044526192792816,1
2022-03-16,1804,3561.44,4684.11,0.09,3305.09,recession,765.0,0.37,541.53,102.87,4,849.78,69,0,731.04,2901.39,Salary,872.25,Entertainment,Positive,81.4,High,0.0,0,2022-03-01,1.3152292331191877,0.15606806842708648,0.6194111581495738,0.02888438384473696,0.1814176012091945,3
2022-04-15,1243,3093.65,2327.95,0.05,2794.67,normal,684.0,0.47,639.45,760.27,9,1773.26,59,0,426.02,1599.92,Freelance,1750.89,Healthcare,Negative,38.5,Low,765.7,0,2022-04-01,0.7524930098750666,0.1830022122468266,0.6872656199660646,0.24575178187577779,0.7617259820872442,1
2022-05-15,1050,1681.0,3932.68,0.05,2806.41,normal,674.0,0.59,952.51,290.41,6,1079.44,73,0,517.04,1246.95,Salary,1570.24,Dining Out,Positive,12.9,Low,0.0,0,2022-05-01,2.3394883997620464,0.13147268529348943,0.31707385294506546,0.17276026174895898,0.2744794898135623,1
2022-06-14,1333,4274.61,1909.03,0.31,2826.03,normal,757.0,0.51,535.78,545.12,1,1198.51,47,0,304.68,2570.49,Salary,1481.57,Entertainment,Positive,84.7,Medium,2365.58,0,2022-06-01,0.44659746737129236,0.15959937769443122,1.3464901023032638,0.12752508415972452,0.6278109825408715,2
2022-07-14,1122,3443.99,1600.36,0.17,2361.89,recession,704.0,0.54,694.32,544.92,2,1039.25,33,0,205.16,2248.27,Salary,786.4,Entertainment,Negative,14.2,Low,1843.63,0,2022-07-01,0.46468195319963185,0.12819615586493038,1.4048526581519158,0.1582234559333796,0.6493851383438727,1
2022-08-13,1223,2990.7,1765.16,0.19,2513.36,inflation,651.0,0.22,617.52,816.62,3,1103.98,93,0,673.85,1965.37,Mixed,420.06,Transportation,Negative,24.0,Medium,1225.54,0,2022-08-01,0.5902163373123349,0.38175009630854995,1.1134231457771533,0.27305313137392584,0.6254277232658796,2
2022-09-12,1568,3688.35,3530.27,0.24,2616.2,recession,643.0,0.27,386.02,513.43,4,1373.92,25,0,612.91,2005.82,Salary,993.77,Entertainment,Positive,42.3,High,158.08,0,2022-09-01,0.9571407268832948,0.17361561580275728,0.5681775048367406,0.13920316672766955,0.3891826970741615,3
2022-10-12,1683,4431.8,2816.37,0.25,2584.6,normal,607.0,0.49,908.21,1089.91,9,831.46,55,0,774.05,2509.19,Salary,1433.18,Utilities,Positive,7.5,Low,1615.43,0,2022-10-01,0.6354912225280924,0.2748395984902552,0.8909305240433608,0.24592941919761724,0.29522399400646937,1
2022-11-11,1875,2482.74,2494.31,0.08,2043.34,normal,656.0,0.21,642.08,354.87,4,779.65,24,0,472.08,3925.17,Mixed,908.01,Dining Out,Positive,39.0,Medium,0.0,0,2022-11-01,1.0046601738401928,0.18926276204641765,1.573649626550028,0.14293482201116509,0.3125714125349295,2
2022-12-11,1867,3893.7,4059.59,0.36,2105.37,inflation,720.0,0.52,548.56,270.79,1,617.51,36,0,666.82,1463.57,Salary,709.16,Groceries,Positive,28.1,Medium,0.0,0,2022-12-01,1.0426047204458484,0.16425796693754788,0.36052162903150314,0.06954567634897399,0.15211142011878045,2
2023-01-10,1932,4633.53,2293.26,0.19,3413.65,inflation,609.0,0.41,367.22,358.86,5,468.73,63,0,477.22,1365.3,Salary,1071.79,Groceries,Positive,86.7,Low,2340.27,0,2023-01-01,0.49492719373781985,0.20809677053626713,0.595353339787028,0.07744851117830251,0.20439461726973826,1
2023-02-09,1192,4343.46,3503.16,0.28,2243.33,normal,699.0,0.55,641.11,850.99,3,344.29,70,0,749.1,2624.58,Salary,1627.27,Investments,Negative,96.6,Medium,840.3,0,2023-02-01,0.8065367241784199,0.21383550851231461,0.749203576199774,0.1959244473300088,0.09827983877413536,2
2023-03-11,1776,3214.42,3378.15,0.11,2470.65,inflation,748.0,0.45,577.77,161.17,3,1091.36,35,1,525.25,2113.39,Freelance,873.93,Insurance,Negative,84.8,Low,0.0,0,2023-03-01,1.050936094225397,0.15548451075292688,0.625605730947412,0.050139683053241325,0.32306439915338275,1
2023-04-10,1259,2872.44,2272.67,0.35,2222.63,normal,680.0,0.49,441.3,174.67,8,67.14,35,0,515.89,2539.84,Salary,2165.26,Investments,Positive,47.5,High,599.77,0,2023-04-01,0.7911984236398324,0.22699732033247236,1.117557762455614,0.060808928994165234,0.02954234446708057,3
2023-05-10,1777,2989.19,3440.24,0.21,2774.66,inflation,711.0,0.45,375.28,705.64,8,399.25,22,0,329.38,1990.34,Salary,800.33,Education,Negative,54.5,Low,0.0,0,2023-05-01,1.1508937203724086,0.09574332023347208,0.5785468455689138,0.23606395043473313,0.11605294979420042,1
2023-06-09,1390,2402.24,3288.0,0.36,2014.06,recession,639.0,0.25,509.11,726.06,2,1072.47,84,0,321.86,3007.72,Mixed,1671.95,Education,Negative,21.1,Medium,0.0,0,2023-06-01,1.3687225256427336,0.09788929440389295,0.9147566909975668,0.30224290662048753,0.32617700729927007,2
2023-07-09,1502,3919.48,4018.3,0.38,3114.94,normal,636.0,0.49,505.75,751.48,4,776.84,53,0,569.05,1844.03,Salary,844.06,Insurance,Neutral,98.9,Low,0.0,0,2023-07-01,1.0252125281925153,0.14161461314486223,0.45890799591867204,0.19172951513976344,0.19332553567429012,1
2023-08-08,1036,4850.12,1752.14,0.14,3573.38,normal,703.0,0.32,512.53,627.08,1,1163.01,24,0,368.38,2357.52,Salary,889.28,Healthcare,Positive,95.4,Medium,3097.98,0,2023-08-01,0.3612570410629016,0.21024575661762188,1.3455089205200497,0.1292916463922542,0.6637654525323319,2
2023-09-07,1743,3969.26,2561.17,0.06,2352.22,normal,734.0,0.27,429.39,718.78,7,1281.54,55,0,906.02,1636.05,Salary,907.71,Entertainment,Negative,15.8,Low,1408.09,0,2023-09-01,0.6452512559016038,0.3537523866045596,0.6387900842193216,0.1810866509122607,0.5003728764588059,1
2023-10-07,1800,3390.22,3241.42,0.18,2988.99,inflation,717.0,0.56,629.2,574.92,6,965.47,77,0,781.08,2756.08,Salary,765.13,Rent,Negative,95.5,High,148.8,0,2023-10-01,0.9561090430709512,0.24096846443842515,0.850269326406328,0.16958191503796213,0.29785402693881075,3
2023-11-06,1037,4140.54,2259.24,0.38,2878.09,normal,695.0,0.48,580.84,512.94,8,184.94,74,0,302.81,2611.32,Salary,1370.45,Investments,Positive,26.0,High,1881.3,0,2023-11-01,0.5456389746264979,0.1340317983038544,1.1558400169968663,0.12388239215174833,0.08185938634230981,3
2019-01-01,1165,4134.92,2963.51,0.19,3462.74,normal,647.0,0.59,308.83,0.0,1,2210.68,67,0,194.65,1858.83,Salary,944.59,Transportation,Negative,42.9,High,1171.41,0,2019-01-01,0.7167031042922234,0.0656822484148864,0.6272393209403713,0.0,0.7459667758840023,3
2019-01-31,1391,3991.48,2873.48,0.27,2994.05,normal,705.0,0.44,780.34,572.82,7,1736.92,40,0,452.17,2284.59,Freelance,988.51,Healthcare,Neutral,64.7,Medium,1118.0,0,2019-01-01,0.7199033942297093,0.15735971713740832,0.7950603449475897,0.14351067774359386,0.6044656653256678,2
2019-03-02,1867,4700.05,2531.95,0.05,2651.93,recession,671.0,0.41,513.77,251.49,9,694.98,97,0,426.9,2637.38,Salary,1011.46,Healthcare,Positive,52.7,Low,2168.1,0,2019-03-01,0.5387070350315422,0.1686052252216671,1.0416398428089024,0.05350794140487867,0.27448409328778217,1
2019-04-01,1639,4370.54,3943.51,0.06,2581.08,recession,736.0,0.34,499.46,373.86,2,998.29,84,0,245.49,1210.14,Freelance,2088.46,Dining Out,Negative,11.6,Low,427.03,0,2019-04-01,0.9022935380982671,0.062251648911756274,0.3068687539780551,0.0855409171406737,0.25314757665125737,1
2019-05-01,1502,3195.59,2605.17,0.26,2720.14,normal,621.0,0.45,767.7,337.21,3,769.77,40,0,666.17,2209.88,Salary,1236.68,Investments,Positive,62.7,Low,590.42,0,2019-05-01,0.8152391264210991,0.25571075975848023,0.8482670996518461,0.10552354964185016,0.29547783829846036,1
2019-05-31,1113,3193.45,2559.28,0.38,3179.79,normal,725.0,0.52,288.28,1016.47,7,1254.46,95,0,126.32,2727.35,Salary,1304.24,Healthcare,Positive,73.4,High,634.17,0,2019-05-01,0.8014153971410232,0.049357631833953294,1.0656708136663435,0.31829839202116833,0.4901612953643212,3
2019-06-30,1953,4276.42,4024.49,0.1,2535.15,normal,706.0,0.36,295.44,663.43,4,2356.07,93,0,584.31,1798.22,Salary,1223.98,Rent,Negative,48.7,Medium,251.93,0,2019-06-01,0.9410885740876714,0.14518858290118747,0.44681934853857264,0.15513677328232492,0.5854331853228608,2
2019-07-30,1311,3261.08,2935.4,0.05,2587.59,inflation,727.0,0.28,633.75,590.98,1,563.4,58,0,301.42,2158.86,Freelance,1193.31,Utilities,Positive,45.3,Low,325.68,0,2019-07-01,0.9001312448636648,0.10268447230360428,0.7354568372283165,0.1812221717958468,0.1919329563262247,1
2019-08-29,1856,4344.02,2797.36,0.33,2189.92,normal,710.0,0.16,809.89,583.72,8,281.72,61,0,0.0,1734.17,Salary,1443.29,Groceries,Positive,67.8,Low,1546.66,0,2019-08-01,0.6439565195372028,0.0,0.6199309348814597,0.1343732303258272,0.10070924014070409,1
2019-09-28,1702,2981.02,1794.53,0.25,2942.05,recession,722.0,0.37,790.68,813.49,9,2026.73,49,0,267.46,2625.12,Salary,1491.65,Investments,Neutral,13.7,High,1186.49,0,2019-09-01,0.6019852265332001,0.14904181039046435,1.4628454247073048,0.2728898162373953,1.1293932115930077,3
2019-10-28,1132,6056.93,3329.73,0.28,2610.68,normal,705.0,0.26,536.89,156.68,7,1040.05,66,0,569.5,1000.0,Mixed,1386.32,Healthcare,Positive,62.3,Medium,2727.2,1,2019-10-01,0.5497388941262322,0.1710348887147006,0.3003246509476744,0.025867890168781875,0.3123526532181288,2
2019-11-27,1536,2565.16,3794.76,0.35,2632.0,recession,700.0,0.22,749.45,272.21,7,1972.24,51,0,480.12,1432.31,Salary,577.5,Dining Out,Negative,3.1,High,0.0,0,2019-11-01,1.4793463175786308,0.126521835372988,0.37744415984146557,0.10611813688035054,0.519727202774352,3
2019-12-27,1656,4371.67,3226.87,0.18,3120.73,normal,682.0,0.44,627.15,463.85,5,708.55,88,0,748.92,1718.06,Mixed,1261.64,Rent,Positive,43.2,Low,1144.8,0,2019-12-01,0.7381321096972095,0.2320886803620846,0.5324230601170794,0.10610361715317031,0.21957810509874895,1
2020-01-26,1587,5040.93,3350.26,0.21,3111.74,recession,708.0,0.43,760.56,300.43,9,789.99,21,0,516.09,2329.35,Salary,802.08,Utilities,Neutral,56.5,Medium,1690.67,0,2020-01-01,0.6646114903400762,0.1540447607051393,0.695274396613994,0.05959812971019236,0.23579960958253984,2
2020-02-25,1029,2498.07,3418.06,0.2,2581.18,inflation,681.0,0.29,403.3,200.59,2,275.75,79,0,481.99,1671.09,Mixed,1822.25,Rent,Negative,99.3,Medium,0.0,0,2020-02-01,1.3682803124011735,0.14101273821992594,0.48890013633464596,0.0802979900483173,0.08067441765211845,2
2020-03-26,1924,3314.49,2616.74,0.12,2834.98,inflation,668.0,0.12,906.75,1006.41,4,930.4,91,0,578.38,2802.85,Salary,664.43,Dining Out,Negative,90.7,Low,697.75,0,2020-03-01,0.7894849584702323,0.22103074818285348,1.0711228475125538,0.303639473946218,0.35555691432851566,1
2020-04-25,1066,3804.27,2920.26,0.09,3017.68,recession,638.0,0.32,772.03,189.5,2,311.97,22,0,241.23,2253.05,Salary,1250.39,Utilities,Positive,22.8,Low,884.01,0,2020-04-01,0.767626903453225,0.08260565840027942,0.771523768431578,0.04981244759178502,0.1068295288775657,1
2020-05-25,1605,3942.37,4078.75,0.32,3336.25,normal,718.0,0.53,690.54,275.01,7,818.54,86,0,562.32,2412.97,Salary,1326.91,Healthcare,Positive,53.4,High,0.0,0,2020-05-01,1.0345934044749732,0.13786576769843703,0.5915954642966594,0.06975753163706096,0.2006840330983757,3
2020-06-24,1528,3509.23,1976.53,0.18,2721.05,normal,674.0,0.32,187.8,323.03,5,2370.01,82,0,456.32,2232.27,Freelance,1676.3,Entertainment,Positive,43.4,Medium,1532.7,0,2020-06-01,0.56323751934185,0.23086925065645347,1.1293883725518965,0.0920515326724096,1.19907615872261,2
2020-07-24,1252,5186.4,3313.47,0.34,2842.88,recession,633.0,0.3,858.02,844.41,5,1407.53,65,0,793.91,2515.57,Salary,1655.58,Utilities,Positive,78.1,High,1872.93,0,2020-07-01,0.638876677464137,0.2396007810543026,0.7591950432628032,0.16281235539102268,0.42479032554995216,3
2020-08-23,1306,2162.05,4840.09,0.3,3477.9,recession,626.0,0.4,501.73,641.28,2,171.64,67,0,700.72,2861.31,Salary,1345.29,Dining Out,Positive,63.2,High,0.0,0,2020-08-01,2.23865775537106,0.1447741674225066,0.5911687592586088,0.2966073865081751,0.03546215049720149,3
2020-09-22,1251,3451.67,2081.86,0.34,2485.6,recession,681.0,0.22,621.69,144.44,7,1385.46,24,0,128.07,2657.69,Salary,1715.0,Entertainment,Neutral,12.6,High,1369.81,0,2020-09-01,0.6031457236641974,0.06151710489658286,1.2765940072819497,0.041846410578068004,0.6654914355432161,3
2020-10-22,1718,3212.02,3857.04,0.35,2961.51,inflation,663.0,0.5,497.59,122.72,1,864.64,99,0,748.54,2301.04,Salary,1396.57,Insurance,Positive,47.3,Low,0.0,0,2020-10-01,1.2008144407569068,0.19407110115529005,0.5965818347748533,0.038206486883643316,0.22417190384336175,1
2020-11-21,1945,4015.48,2304.72,0.09,3023.05,normal,580.0,0.48,725.06,146.85,2,130.62,86,0,0.0,3905.56,Salary,1761.48,Utilities,Positive,55.6,Low,1710.76,0,2020-11-01,0.573958779523245,0.0,1.6945919677878443,0.03657097034476575,0.05667499739664689,1
2020-12-21,1278,3666.66,3711.48,0.19,2365.41,recession,669.0,0.57,181.24,0.0,5,1330.03,58,0,874.35,1910.88,Salary,1513.23,Groceries,Neutral,62.6,Low,0.0,0,2020-12-01,1.0122236585884703,0.23557987649131884,0.5148566070678005,0.0,0.3583556963798808,1
2021-01-20,1482,3989.76,903.28,0.21,3067.23,inflation,698.0,0.35,454.33,445.73,4,1391.66,46,0,525.44,2510.82,Salary,1198.94,Rent,Positive,6.7,Medium,3086.48,1,2021-01-01,0.2263995829323067,0.5817022407226996,2.779669648392525,0.1117184993583574,1.5406739881321407,2
2021-02-19,1874,1533.84,3622.3,0.23,3438.26,normal,667.0,0.23,565.34,503.81,2,924.7,68,0,763.53,2636.74,Freelance,1810.69,Insurance,Positive,47.6,Low,0.0,0,2021-02-01,2.361589213998853,0.21078596471854896,0.7279187256715346,0.32846320346320346,0.2552797946056373,1
2021-03-21,1115,5395.68,3656.6,0.1,2801.69,normal,673.0,0.18,584.69,668.13,5,1187.26,51,0,519.8,1835.08,Freelance,300.0,Transportation,Positive,56.8,Medium,1739.08,0,2021-03-01,0.6776903003884589,0.14215391347153092,0.5018541814800634,0.12382683924917712,0.3246896023628507,2
2021-04-20,1713,5064.66,2634.9,0.33,2879.74,normal,666.0,0.19,588.41,41.33,6,888.0,88,0,681.37,2533.74,Salary,786.12,Utilities,Neutral,46.7,Low,2429.76,0,2021-04-01,0.520252099844807,0.25859425405138714,0.9616076511442558,0.008160468817255255,0.33701468746441987,1
2021-05-20,1540,2556.47,2812.86,0.13,3929.76,recession,636.0,0.31,708.7,419.84,6,1187.26,59,0,821.83,1948.5,Salary,878.22,Rent,Neutral,85.4,Low,0.0,0,2021-05-01,1.1002906351336024,0.2921688246126718,0.6927113329493825,0.16422645288229473,0.4220828622825167,1
2021-06-19,1382,1949.72,3154.76,0.16,3199.38,normal,571.0,0.48,902.18,280.87,8,1081.59,35,0,627.5,1474.79,Salary,1390.28,Groceries,Positive,12.2,High,0.0,0,2021-06-01,1.6180579775557518,0.1989057804714146,0.4674808860261953,0.14405658248363867,0.34284382964155746,3
2021-07-19,1586,3633.4,2973.05,0.14,2713.93,normal,668.0,0.29,261.2,345.66,2,1592.85,27,0,379.58,2490.03,Freelance,881.9,Investments,Positive,39.9,Medium,660.35,0,2021-07-01,0.8182556283370948,0.1276736011839693,0.8375338457139975,0.0951340342379039,0.5357629370511764,2
2021-08-18,1719,5471.78,1498.72,0.11,2378.91,inflation,696.0,0.55,519.78,364.23,7,1004.42,68,0,542.82,1802.09,Salary,2423.01,Education,Positive,81.7,Medium,3973.06,1,2021-08-01,0.27389990094631,0.36218906800469736,1.2024193978861961,0.06656517623150054,0.6701852247250987,2
2021-09-17,1588,4551.86,2345.05,0.22,2186.93,normal,711.0,0.11,511.6,555.36,9,1723.44,58,0,319.13,1874.79,Salary,903.03,Education,Positive,39.2,Medium,2206.81,1,2021-09-01,0.5151850012961735,0.1360866506044647,0.799466962324897,0.12200726735883793,0.7349267606234409,2
2021-10-17,1279,3550.85,2607.99,0.32,2261.81,normal,716.0,0.39,593.65,11.25,4,384.88,35,0,669.37,2166.84,Freelance,1311.01,Insurance,Negative,21.9,High,942.86,0,2021-10-01,0.7344692115972231,0.2566612602042186,0.8308467440442641,0.0031682554881225624,0.1475772529802645,3
2021-11-16,1424,3406.61,1878.88,0.22,2730.24,recession,722.0,0.38,413.46,718.11,3,771.6,91,0,630.54,2218.15,Salary,1505.23,Healthcare,Positive,79.4,Low,1527.73,0,2021-11-01,0.55153950701724,0.3355935450906923,1.1805703397768883,0.21079900546290886,0.41067018649408155,1
2021-12-16,1853,3462.58,3017.41,0.12,3034.22,inflation,699.0,0.42,652.12,303.09,6,591.44,37,0,609.52,2748.45,Mixed,1040.43,Groceries,Positive,89.0,Medium,445.17,0,2021-12-01,0.8714340174089841,0.20200105388396009,0.9108639528602345,0.08753299562753784,0.19600916017379147,2
2022-01-15,1199,3659.97,2801.27,0.25,3232.5,normal,630.0,0.1,445.12,306.85,1,1109.42,41,0,347.53,1755.42,Salary,355.49,Rent,Positive,41.7,Medium,858.7,0,2022-01-01,0.7653805905512887,0.12406158635190466,0.6266514830773185,0.08383948502310129,0.39604179532854744,2
2022-02-14,1959,3842.98,3322.65,0.29,3413.11,normal,665.0,0.26,433.77,336.52,6,1188.44,69,0,696.81,2758.48,Salary,858.11,Entertainment,Negative,4.4,Medium,520.33,0,2022-02-01,0.8646024699582096,0.20971513701413028,0.8302048064045265,0.08756746066854368,0.35767835914104706,2
2022-03-16,1279,3223.75,1694.9,0.33,2570.46,inflation,655.0,0.11,167.0,567.37,5,606.59,72,0,187.17,1554.8,Mixed,1201.15,Rent,Negative,59.9,Low,1528.85,0,2022-03-01,0.5257541682822799,0.11043129388164492,0.9173402560623045,0.17599689802248933,0.3578913210218892,1
2022-04-15,1168,4300.2,3057.07,0.33,2273.71,recession,664.0,0.29,352.09,233.49,9,1411.0,70,0,626.16,2154.8,Salary,1226.11,Dining Out,Positive,47.2,Low,1243.13,0,2022-04-01,0.710913445886238,0.2048235728982326,0.7048579195111659,0.05429747453606809,0.46155305570366395,1
2022-05-15,1176,4366.82,1838.24,0.2,3144.45,inflation,676.0,0.59,395.75,666.84,1,966.18,28,0,281.61,1740.07,Salary,1519.98,Education,Negative,88.4,High,2528.58,0,2022-05-01,0.420956210697945,0.15319544781965358,0.9465956567151188,0.15270608818316306,0.5256005744625294,3
2022-06-14,1949,3735.8,3957.68,0.32,3734.75,normal,690.0,0.29,539.82,114.74,5,1161.18,61,0,157.04,2274.34,Freelance,1074.66,Rent,Positive,69.2,Low,0.0,0,2022-06-01,1.0593929011189034,0.03967981241535445,0.5746649552262942,0.030713635633599225,0.2933991631460856,1
2022-07-14,1171,3072.24,3338.23,0.36,2300.1,normal,640.0,0.31,330.12,499.46,2,1015.73,93,0,624.75,2535.46,Salary,884.05,Investments,Positive,49.2,Low,0.0,0,2022-07-01,1.0865785225112623,0.18715007653756632,0.7595222617974196,0.16257193448428509,0.304272024396162,1
2022-08-13,1714,3742.93,2513.37,0.26,3179.15,inflation,643.0,0.52,318.37,38.54,5,1347.49,70,1,893.09,1517.47,Freelance,761.16,Entertainment,Positive,84.8,Low,1229.56,0,2022-08-01,0.6714979975580628,0.35533566486430573,0.6037590963527057,0.010296746132040941,0.5361287832670877,1
2022-09-12,1654,2418.64,2258.62,0.32,2679.51,recession,614.0,0.1,424.5,444.16,7,653.59,58,0,432.82,3255.69,Freelance,781.41,Groceries,Negative,48.0,Low,160.02,0,2022-09-01,0.9338388515860153,0.1916302875206985,1.4414509744888473,0.18364039294810308,0.28937581354986674,1
2022-10-12,1082,3989.81,2400.21,0.35,3080.67,normal,741.0,0.27,586.66,170.9,5,0.0,47,0,271.4,2072.3,Salary,1401.76,Transportation,Positive,37.3,Low,1589.6,0,2022-10-01,0.6015850378840095,0.11307343940738518,0.8633827873394412,0.04283411992049747,0.0,1
2022-11-11,1997,4196.79,3668.42,0.27,2891.74,recession,729.0,0.58,49.07,588.88,6,939.47,78,0,490.08,1398.86,Salary,1820.12,Healthcare,Positive,56.7,Medium,528.37,0,2022-11-01,0.8741013965435488,0.13359429945317056,0.3813249300788895,0.14031676590918296,0.25609663015685225,2
2022-12-11,1169,4290.13,3487.21,0.05,2711.37,inflation,663.0,0.59,458.92,729.89,4,1550.91,26,0,793.93,1666.23,Salary,822.24,Rent,Neutral,0.2,Low,802.92,0,2022-12-01,0.8128448322078818,0.22766911083645663,0.47781177502932143,0.17013237361105607,0.4447423585043631,1
2023-01-10,1399,4150.27,2021.29,0.17,2959.33,normal,681.0,0.31,462.13,735.88,7,663.14,97,0,388.36,2497.52,Salary,955.2,Utilities,Negative,2.5,Low,2128.98,0,2023-01-01,0.48702614528693305,0.19213472584339705,1.235606963869608,0.17730894616494827,0.3280776138010874,1
2023-02-09,1134,3501.21,4399.76,0.29,2832.87,inflation,724.0,0.19,568.3,0.0,8,1413.48,87,0,645.79,2467.31,Salary,1431.49,Utilities,Neutral,79.1,Medium,0.0,0,2023-02-01,1.2566398473670533,0.1467784606433078,0.5607828608833209,0.0,0.3212629779806171,2
2023-03-11,1121,4145.43,2592.74,0.19,2467.64,inflation,635.0,0.28,444.85,336.49,7,1062.42,78,0,190.05,1709.29,Salary,300.0,Insurance,Negative,83.2,Low,1552.69,0,2023-03-01,0.6254453699616203,0.07330083232410502,0.6592600877835804,0.08117131395295542,0.40976727323217915,1
2023-04-10,1037,3421.48,3796.62,0.05,2555.16,normal,715.0,0.58,427.76,615.83,5,982.62,71,0,713.98,3204.29,Freelance,1055.84,Education,Negative,9.3,High,0.0,0,2023-04-01,1.1096426108000046,0.18805674521021332,0.8439849128962077,0.17998936132901552,0.25881441914123615,3
2023-05-10,1251,2695.8,3326.55,0.23,2571.33,inflation,646.0,0.28,727.66,386.36,5,375.45,72,0,705.95,2251.77,Salary,1244.96,Rent,Neutral,45.1,Low,0.0,0,2023-05-01,1.233975072334743,0.21221686131277148,0.6769085088154394,0.1433192373321463,0.11286467962303286,1
2023-06-09,1020,5407.44,4930.48,0.37,3287.49,recession,663.0,0.49,523.72,142.87,2,1709.57,71,0,483.69,2394.04,Salary,564.47,Groceries,Positive,40.9,High,476.96,0,2023-06-01,0.9117956001361087,0.09810201035193329,0.4855592153299476,0.02642100513366769,0.34673500348850417,3
2023-07-09,1264,3799.96,2805.6,0.3,2303.62,normal,680.0,0.23,620.46,492.23,2,984.63,60,0,388.87,2869.47,Salary,1541.04,Transportation,Negative,81.6,Low,994.36,0,2023-07-01,0.7383235613006452,0.13860493299116053,1.0227651839178784,0.1295355740586743,0.35095166809238665,1
2023-08-08,1341,4895.09,2957.16,0.15,2389.18,recession,599.0,0.37,652.8,587.98,1,944.6,80,0,444.77,1998.58,Mixed,1203.17,Insurance,Negative,82.6,Medium,1937.93,0,2023-08-01,0.6041073810696024,0.15040444209985257,0.675844391240244,0.1201162797823942,0.31942809993372023,2
2023-09-07,1442,4766.88,4324.96,0.12,3764.44,recession,586.0,0.33,519.27,141.16,7,532.95,87,0,629.11,2139.99,Freelance,1658.96,Healthcare,Neutral,36.2,Medium,441.92,0,2023-09-01,0.9072936595844662,0.14546030483518924,0.4947999519070696,0.029612660692108883,0.12322657319374053,2
2023-10-07,1260,4598.12,4700.46,0.1,3017.97,recession,634.0,0.17,751.03,175.24,4,790.53,36,0,349.98,2447.52,Salary,1014.14,Dining Out,Neutral,63.7,High,0.0,0,2023-10-01,1.0222569223943698,0.07445654255115457,0.520697974240819,0.03811122806712309,0.1681814120320139,3
2023-11-06,1924,4760.77,2188.63,0.32,2455.71,recession,663.0,0.11,491.41,284.51,4,1162.7,94,0,528.26,2426.13,Salary,1330.08,Dining Out,Positive,88.4,Medium,2572.14,1,2023-11-01,0.4597218517172642,0.24136560313986374,1.108515372630367,0.0597613411275907,0.5312455737150638,2
2019-01-01,1819,3635.83,3067.73,0.11,3131.99,normal,626.0,0.54,508.12,461.83,4,1554.26,74,0,551.08,1494.98,Salary,978.42,Utilities,Neutral,10.8,Medium,568.1,0,2019-01-01,0.8437495702494341,0.1796377125757482,0.4873245037861872,0.12702189046242535,0.5066482382739028,2
2019-01-31,1478,2733.02,3121.64,0.18,2019.2,normal,669.0,0.6,664.38,45.75,9,1460.63,44,0,392.16,1831.01,Salary,723.41,Entertainment,Positive,95.1,Low,0.0,0,2019-01-01,1.1421943491083124,0.1256262733691265,0.5865538627131892,0.016739723821999106,0.4679046911238965,1
2019-03-02,1837,3658.36,3372.77,0.27,2680.35,normal,676.0,0.51,449.01,599.68,8,208.49,32,0,672.32,2051.75,Salary,1662.03,Entertainment,Positive,28.8,Low,285.59,0,2019-03-01,0.9219349653943296,0.1993376364234739,0.6083278729353024,0.16392044522682292,0.06181565893909161,1
2019-04-01,1762,4002.16,1710.64,0.38,3210.41,normal,661.0,0.16,230.83,572.38,5,1248.38,94,0,425.66,2977.8,Salary,1050.45,Healthcare,Positive,93.8,Medium,2291.52,0,2019-04-01,0.42742918823835135,0.24883084693448065,1.740751999251742,0.14301777040398186,0.7297736519665154,2
2019-05-01,1682,3977.34,2827.05,0.14,2761.8,recession,716.0,0.27,558.88,470.95,5,1598.92,97,0,597.85,1372.83,Freelance,1406.41,Rent,Neutral,10.1,Low,1150.29,0,2019-05-01,0.7107891203668784,0.211474858951911,0.4856051360959303,0.11840828292275742,0.5655789604004174,1
2019-05-31,1397,4254.4,1207.37,0.25,3373.82,normal,680.0,0.13,569.19,511.39,1,1148.46,77,0,569.76,3255.65,Freelance,1678.6,Insurance,Positive,96.1,Low,3047.03,0,2019-05-01,0.28379324934185785,0.471901736832951,2.69648078053952,0.12020261376457315,0.9512079975483905,1
2019-06-30,1873,3361.32,1403.25,0.29,3316.72,inflation,772.0,0.11,1059.09,423.18,6,1343.92,60,0,734.27,1688.85,Salary,1928.34,Dining Out,Positive,90.5,Medium,1958.07,0,2019-06-01,0.41746992253043447,0.5232638517726705,1.2035275253874933,0.12589696904787404,0.9577195795474791,2
2019-07-30,1345,3330.45,3342.94,0.29,3418.93,recession,813.0,0.31,662.7,508.25,9,871.36,67,0,528.41,2426.98,Freelance,992.91,Dining Out,Positive,26.9,Medium,0.0,0,2019-07-01,1.0037502439610264,0.15806744961022332,0.7260016632066385,0.15260700505937638,0.26065678713946405,2
2019-08-29,1030,2905.47,4065.73,0.39,2433.2,normal,616.0,0.3,469.58,299.51,7,395.59,68,0,485.41,2262.98,Salary,1994.25,Dining Out,Negative,75.1,Medium,0.0,0,2019-08-01,1.3993364240553166,0.11939061373972203,0.5565986919938117,0.10308487095031096,0.0972986400966124,2
2019-09-28,1661,3247.54,2924.49,0.19,2637.44,normal,726.0,0.6,288.21,522.91,8,1403.94,81,0,447.47,2216.73,Mixed,1370.43,Insurance,Positive,41.2,Low,323.05,0,2019-09-01,0.9005247048535199,0.15300787487732906,0.757988572366464,0.1610172622970002,0.4800631905050112,1
2019-10-28,1264,5270.31,2463.85,0.25,3141.09,normal,699.0,0.22,746.89,246.83,2,843.27,34,0,213.12,1846.67,Salary,583.66,Investments,Negative,75.3,High,2806.46,0,2019-10-01,0.4674962193874743,0.0864987722466871,0.74950585465836,0.04683405719967137,0.3422570367514256,3
2019-11-27,1891,5156.83,3422.85,0.18,3144.24,normal,665.0,0.29,597.49,324.29,5,1840.38,60,0,0.0,3339.38,Freelance,1375.73,Education,Negative,57.6,Medium,1733.98,0,2019-11-01,0.663750792638113,0.0,0.9756138890106199,0.06288553239102317,0.5376747447302687,2
2019-12-27,1718,4533.02,1986.53,0.06,3838.57,normal,687.0,0.47,296.74,733.01,4,735.12,96,0,617.45,1914.6,Salary,1591.84,Utilities,Positive,12.2,High,2546.49,0,2019-12-01,0.43823543686107713,0.31081836166581933,0.9637911332826586,0.16170455899157735,0.3700523022556921,3
2020-01-26,1562,3704.46,2639.58,0.07,3431.52,recession,681.0,0.21,564.8,675.96,7,686.59,29,0,487.78,2115.76,Salary,924.55,Insurance,Positive,69.5,Low,1064.88,0,2020-01-01,0.7125410991075622,0.18479455064820918,0.8015517620227461,0.18247193923000923,0.2601133513665053,1
2020-02-25,1618,2461.89,2001.98,0.21,2506.49,recession,672.0,0.15,975.97,337.94,1,790.88,74,0,427.03,1829.64,Freelance,775.16,Transportation,Negative,79.7,High,459.91,0,2020-02-01,0.8131882415542531,0.213303829209083,0.913915223928311,0.13726852133929623,0.39504890158742845,3
2020-03-26,1325,3193.44,3294.84,0.39,2294.64,normal,773.0,0.3,635.95,311.31,7,1137.61,46,0,570.92,3173.48,Salary,1278.43,Investments,Positive,25.0,Medium,0.0,0,2020-03-01,1.0317525928152713,0.1732770028286654,0.9631666484563741,0.09748421764617465,0.3452701800390914,2
2020-04-25,1023,4493.74,2518.77,0.17,2045.48,recession,632.0,0.16,550.48,0.0,7,1584.71,94,0,310.54,2016.61,Salary,692.79,Rent,Negative,41.5,High,1974.97,0,2020-04-01,0.5605063933382884,0.12329033615613971,0.8006328485729145,0.0,0.6291602647323893,3
2020-05-25,1286,5753.34,3238.35,0.38,2607.6,normal,682.0,0.26,487.83,296.7,7,1258.39,77,0,804.12,2517.02,Salary,1359.53,Education,Positive,95.8,Medium,2514.99,0,2020-05-01,0.5628643535754883,0.24831164018713234,0.777253848410456,0.05157004453065523,0.38858986829712666,2
2020-06-24,1080,1118.44,3639.95,0.06,2897.2,normal,578.0,0.25,732.81,280.05,9,505.15,54,0,722.05,2066.33,Salary,1244.01,Insurance,Positive,28.0,Low,0.0,0,2020-06-01,3.2544883945495506,0.1983681094520529,0.5676808747372903,0.25039340509996066,0.1387793788376214,1
2020-07-24,1023,5855.6,4442.22,0.27,2154.22,recession,656.0,0.17,308.5,48.33,3,1645.94,39,0,475.13,2031.58,Salary,1580.39,Dining Out,Neutral,73.6,Low,1413.38,0,2020-07-01,0.7586276384998976,0.10695778237007622,0.45733439586513047,0.008253637543548055,0.3705219462340901,1
2020-08-23,1545,4132.73,3577.41,0.38,1934.72,inflation,727.0,0.14,840.14,0.0,5,175.87,25,0,651.81,1960.84,Mixed,1303.56,Dining Out,Positive,46.3,Low,555.32,0,2020-08-01,0.8656287732322219,0.18220164867879274,0.5481172132911799,0.0,0.04916126471385723,1
2020-09-22,1211,4312.17,2800.36,0.35,2351.69,recession,702.0,0.29,517.61,762.36,6,857.43,22,0,297.28,2388.46,Salary,1466.19,Entertainment,Positive,8.5,Low,1511.81,0,2020-09-01,0.6494085344501724,0.10615777971403675,0.8529117684869088,0.1767926589165084,0.3061856332757217,1
2020-10-22,1180,4083.51,1994.34,0.07,3024.39,normal,674.0,0.5,102.63,809.73,1,1321.43,45,0,690.09,2266.31,Salary,1685.53,Groceries,Positive,55.2,Low,2089.17,0,2020-10-01,0.48838866563324196,0.3460242486236048,1.136370929731139,0.19829264529779528,0.6625901300680928,1
2020-11-21,1056,3301.09,1601.81,0.26,3028.42,inflation,676.0,0.3,575.11,749.8,7,1642.1,29,0,794.03,1710.12,Salary,1337.76,Education,Positive,13.2,High,1699.28,0,2020-11-01,0.48523669454634677,0.4957079803472322,1.0676172579769136,0.2271370971406414,1.0251527958996385,3
2020-12-21,1060,3416.59,4025.71,0.06,2672.23,recession,742.0,0.38,302.39,576.92,8,941.38,57,0,902.32,2728.07,Freelance,1674.74,Investments,Negative,8.0,Medium,0.0,0,2020-12-01,1.1782830248873877,0.22413934436409977,0.6776618285966948,0.16885842316461733,0.2338419806692484,2
2021-01-20,1941,3732.11,3631.83,0.22,2719.66,normal,667.0,0.57,886.41,250.78,6,1432.82,44,0,656.08,2176.01,Salary,622.55,Transportation,Positive,67.9,Medium,100.28,0,2021-01-01,0.9731304811487335,0.18064722192393368,0.5991497399382681,0.06719523272357995,0.39451736452422054,2
2021-02-19,1375,3787.19,2779.63,0.06,2876.58,recession,687.0,0.31,611.43,0.0,7,1689.04,56,0,675.69,3815.58,Salary,1516.92,Utilities,Negative,64.1,High,1007.56,0,2021-02-01,0.7339557825194933,0.2430863100484597,1.3726934879822135,0.0,0.607649219500437,3
2021-03-21,1715,826.36,3322.15,0.36,2206.97,recession,610.0,0.19,855.85,446.79,9,601.05,99,0,681.99,2937.06,Salary,976.62,Education,Positive,36.9,Low,0.0,0,2021-03-01,4.020221211094438,0.20528573363634994,0.884084102162756,0.5406723461929426,0.1809219932874795,1
2021-04-20,1899,4037.48,4470.87,0.35,2176.18,inflation,607.0,0.38,347.79,493.97,9,1708.83,80,0,256.04,2766.76,Mixed,787.68,Transportation,Negative,68.4,Low,0.0,0,2021-04-01,1.10734170819422,0.05726849584085425,0.6188415230145364,0.12234611688478952,0.3822141999208208,1
2021-05-20,1808,4352.97,3363.07,0.18,2907.32,inflation,752.0,0.59,385.0,254.44,3,1281.11,79,0,755.9,2622.08,Salary,2067.82,Utilities,Neutral,3.0,Low,989.9,0,2021-05-01,0.7725920463499634,0.22476487257178707,0.7796685766279025,0.05845204538510488,0.380934681704514,1
2021-06-19,1242,3857.32,2481.91,0.05,3051.46,normal,673.0,0.24,471.35,404.3,6,865.15,65,0,540.7,1551.91,Salary,1688.72,Entertainment,Positive,56.3,High,1375.41,0,2021-06-01,0.6434285980940134,0.21785640897534564,0.6252885882243918,0.10481370485207346,0.34858234182544895,3
2021-07-19,1756,3976.54,3184.21,0.25,3060.25,inflation,638.0,0.28,600.64,248.89,3,1177.76,60,0,269.42,3548.11,Salary,821.07,Dining Out,Negative,90.7,Medium,792.33,0,2021-07-01,0.8007488922530642,0.08461125365475268,1.1142826635177956,0.06258958793322839,0.3698751024586946,2
2021-08-18,1236,2716.43,2427.56,0.23,3153.9,recession,699.0,0.59,530.68,453.73,1,1531.73,74,0,486.89,2416.56,Salary,1055.94,Insurance,Negative,63.1,High,288.87,0,2021-08-01,0.8936582205320954,0.2005676481734746,0.9954687010825685,0.16703172914450218,0.6309751355270313,3
2021-09-17,1632,4971.84,3404.51,0.11,3803.92,inflation,710.0,0.54,525.34,755.28,9,911.81,28,0,486.28,1589.32,Mixed,1239.05,Utilities,Positive,47.7,Low,1567.33,0,2021-09-01,0.684758560211109,0.14283406422657002,0.466827825443309,0.15191156593937052,0.2678241509057103,1
2021-10-17,1920,2598.41,4365.72,0.05,2220.0,normal,636.0,0.28,928.42,352.1,5,1550.37,81,0,281.92,1488.14,Salary,1208.39,Entertainment,Positive,46.5,Low,0.0,0,2021-10-01,1.6801505536077834,0.06457583170702656,0.3408693182338767,0.13550594401961202,0.3551235535032022,1
2021-11-16,1421,3737.62,2117.58,0.25,4248.53,normal,606.0,0.3,474.48,630.55,9,1308.81,29,0,0.0,2560.27,Salary,1416.02,Utilities,Positive,84.3,Low,1620.04,0,2021-11-01,0.5665583981250101,0.0,1.2090546756202836,0.16870361352946528,0.6180687388433967,1
2021-12-16,1458,2791.22,3963.88,0.22,2721.29,normal,616.0,0.13,363.32,96.27,3,1564.26,50,0,337.83,3095.28,Mixed,1014.47,Utilities,Positive,5.1,Medium,0.0,0,2021-12-01,1.4201245333581733,0.08522710071949705,0.7808712675459398,0.03449029456653363,0.3946284953126734,2
2022-01-15,1073,3525.79,2509.28,0.38,3003.38,normal,750.0,0.26,789.92,646.9,6,363.48,76,0,653.28,2490.48,Salary,1158.34,Entertainment,Positive,89.2,Medium,1016.51,0,2022-01-01,0.7116929822819851,0.26034559714340366,0.9925078110055473,0.18347661091556786,0.14485430083529938,2
2022-02-14,1796,3538.65,2538.87,0.05,3694.37,normal,667.0,0.18,494.42,650.53,1,1226.71,42,0,396.44,2739.96,Salary,1519.53,Healthcare,Positive,67.4,Low,999.78,0,2022-02-01,0.7174685261328472,0.15614820766719054,1.0792045279986766,0.18383564353637685,0.48317164722888534,1
2022-03-16,1479,5984.12,3374.13,0.34,2858.98,normal,676.0,0.14,927.83,779.21,7,1569.0,87,0,16.62,3573.37,Mixed,1165.33,Insurance,Positive,74.4,Low,2609.99,0,2022-03-01,0.5638473158960716,0.0049257141841007905,1.0590492956702913,0.1302129636437772,0.4650087578131252,1
2022-04-15,1553,4143.98,3935.73,0.37,2836.54,normal,626.0,0.13,395.4,203.12,8,1151.72,55,0,451.75,2984.14,Salary,1143.66,Entertainment,Positive,35.5,High,208.25,0,2022-04-01,0.9497463790848413,0.11478175586231779,0.7582176622888257,0.049015680577608974,0.292631862449914,3
2022-05-15,1816,3996.81,2217.87,0.2,2595.98,inflation,644.0,0.11,404.71,0.0,1,684.03,76,0,450.36,2312.53,Salary,1066.21,Dining Out,Neutral,91.1,Low,1778.94,0,2022-05-01,0.554910040757504,0.20305969240758026,1.0426805899353886,0.0,0.30841753574375413,1
2022-06-14,1494,3925.45,2200.28,0.28,3076.24,inflation,700.0,0.29,411.02,638.75,2,700.3,83,0,370.47,3386.47,Salary,886.93,Rent,Positive,63.9,Low,1725.17,0,2022-06-01,0.5605166286667771,0.16837402512407512,1.5391086588979581,0.16272019768434193,0.3182776737506135,1
2022-07-14,1980,2415.69,3040.38,0.31,2877.84,inflation,738.0,0.12,425.88,454.91,2,345.8,71,0,562.3,1710.66,Salary,1355.4,Entertainment,Positive,78.4,High,0.0,0,2022-07-01,1.2585969226183824,0.18494398726474978,0.5626467744163559,0.1883147258133287,0.1137357830271216,3
2022-08-13,1812,4345.86,4226.75,0.37,2943.24,recession,666.0,0.45,648.88,822.4,3,628.3,90,0,438.31,1893.08,Freelance,657.1,Groceries,Positive,44.6,Low,119.11,0,2022-08-01,0.9725923062408822,0.10369905956112853,0.447880759448749,0.18923757323061488,0.14864848879162476,1
2022-09-12,1626,3167.23,4907.5,0.17,3214.17,inflation,705.0,0.19,331.45,225.88,7,1117.35,56,0,280.84,2712.07,Salary,792.28,Utilities,Negative,76.2,Low,0.0,0,2022-09-01,1.549461201112644,0.057226693835965355,0.5526377992868059,0.07131783924754438,0.227682119205298,1
2022-10-12,1426,3667.84,3268.22,0.33,2887.99,inflation,636.0,0.51,1006.86,792.51,3,1662.67,59,0,276.96,2914.63,Salary,1625.68,Dining Out,Neutral,34.6,Low,399.62,0,2022-10-01,0.8910475920432733,0.08474337712883466,0.8918096089002577,0.21606994852556272,0.5087387018009804,1
2022-11-11,1526,4691.35,2418.36,0.3,2610.73,inflation,718.0,0.55,381.63,533.7,5,1054.18,21,0,702.55,1311.71,Salary,726.94,Healthcare,Positive,79.5,Low,2272.99,0,2022-11-01,0.5154934080808296,0.29050678972526833,0.5423965001075108,0.11376256301491042,0.4359069782828032,1
2022-12-11,1701,3408.84,3743.66,0.38,3649.06,normal,676.0,0.19,618.18,287.7,3,1439.19,81,0,532.18,2387.99,Mixed,1537.6,Entertainment,Positive,62.3,Low,0.0,0,2022-12-01,1.098221095739313,0.14215500339240209,0.6378757686328352,0.08439821170838173,0.38443394966423233,1
2023-01-10,1264,2382.08,1619.76,0.16,2308.48,recession,679.0,0.37,445.71,891.36,9,530.5,59,0,183.1,1968.53,Mixed,1192.18,Utilities,Negative,70.6,Low,762.32,0,2023-01-01,0.6799771628156905,0.11304143823776362,1.2153220230157553,0.3741939817302526,0.32751765693683016,1
2023-02-09,1209,2672.05,3614.9,0.35,2327.68,normal,623.0,0.25,446.73,3.07,5,1736.19,86,0,408.37,2467.85,Salary,1399.77,Insurance,Positive,50.0,Medium,0.0,0,2023-02-01,1.3528564210999046,0.11296854684776896,0.6826883177957896,0.001148930596358601,0.4802871448726106,2
2023-03-11,1176,2968.03,2454.77,0.1,2936.19,normal,653.0,0.49,524.08,492.8,5,0.0,75,0,549.79,2341.66,Freelance,1464.48,Education,Neutral,60.5,High,513.26,0,2023-03-01,0.8270704810935199,0.223968029591367,0.9539223633986076,0.166036057587019,0.0,3
2023-04-10,1407,3190.22,4304.22,0.18,2931.15,normal,639.0,0.11,577.94,633.17,8,551.86,46,0,287.75,2677.86,Salary,1380.57,Rent,Positive,36.8,High,0.0,0,2023-04-01,1.3491922187184584,0.06685299543238961,0.6221475668065294,0.19847220567860524,0.1282137065484571,3
2023-05-10,1783,3764.6,3619.57,0.22,2800.92,recession,653.0,0.26,654.73,545.02,2,1633.23,54,0,775.1,2513.74,Salary,930.68,Education,Neutral,47.9,Medium,145.03,0,2023-05-01,0.9614753227434523,0.21414145879206645,0.6944858090878198,0.1447750092971365,0.45122210649331274,2
2023-06-09,1433,2661.13,2019.9,0.08,2226.18,normal,712.0,0.39,552.42,728.89,5,710.44,72,0,556.46,2987.12,Freelance,361.44,Transportation,Neutral,24.9,High,641.23,0,2023-06-01,0.7590384535892647,0.27548888558839546,1.4788454874003663,0.27390243994092733,0.35172038219713847,3
2023-07-09,1116,3355.81,1753.15,0.1,2842.88,normal,693.0,0.18,402.8,332.02,2,1025.8,23,0,704.16,1112.07,Salary,1382.81,Rent,Positive,41.5,Low,1602.66,0,2023-07-01,0.5224223063880256,0.4016541653594957,0.6343267832187776,0.09893885529872072,0.585118215783019,1
2023-08-08,1309,3757.85,3208.4,0.36,2481.69,normal,682.0,0.12,510.76,553.43,8,1261.81,88,0,604.83,1996.91,Freelance,1140.47,Entertainment,Neutral,89.0,Low,549.45,0,2023-08-01,0.8537860744840801,0.1885145243735195,0.6224005734945768,0.14727304176590336,0.39328325645181395,1
2023-09-07,1921,3305.48,3667.31,0.34,2968.81,normal,688.0,0.39,601.18,302.12,8,398.15,79,0,294.62,2408.33,Freelance,1161.89,Transportation,Positive,61.8,Low,0.0,0,2023-09-01,1.1094636784975254,0.08033681363179006,0.6567020513673509,0.09139973619565087,0.10856731500745778,1
2023-10-07,1340,5433.69,2753.66,0.07,2053.35,normal,681.0,0.26,547.88,320.78,7,1996.78,50,0,144.97,2187.27,Salary,978.44,Rent,Positive,15.3,High,2680.03,1,2023-10-01,0.5067753221107572,0.05264629620214551,0.7943137497003988,0.059035388474498914,0.7251367271195428,3
2023-11-06,1103,3993.72,3079.16,0.1,3330.02,normal,660.0,0.12,615.86,452.5,3,1459.83,26,0,727.98,2721.92,Salary,1241.88,Insurance,Positive,24.3,Low,914.56,0,2023-11-01,0.7710004707390603,0.2364216214811832,0.8839813455617767,0.11330288553028255,0.4741000792423908,1
2019-01-01,1230,4456.07,2530.98,0.33,1668.02,normal,781.0,0.23,546.3,0.0,8,1089.78,77,0,462.19,2619.34,Freelance,756.83,Education,Positive,2.3,Low,1925.09,1,2019-01-01,0.5679847937756813,0.18261305897320404,1.0349113782013293,0.0,0.43057629850887796,1
2019-01-31,1890,4598.81,4402.53,0.26,2887.66,recession,722.0,0.22,335.82,489.07,1,725.49,83,0,361.57,2177.76,Salary,962.91,Investments,Neutral,54.8,Low,196.28,0,2019-01-01,0.9573193934952736,0.08212777652849612,0.4946610244563922,0.10634707674376631,0.16478933704029275,1
2019-03-02,1348,3967.48,4154.02,0.25,2118.33,normal,650.0,0.23,740.32,434.18,8,964.3,94,0,362.88,2166.14,Salary,1482.44,Utilities,Positive,22.1,Low,0.0,0,2019-03-01,1.0470172502444879,0.08735634397523362,0.521456324235319,0.10943470414469639,0.23213658095050094,1
2019-04-01,1050,3710.06,3726.19,0.31,2109.71,normal,756.0,0.13,249.52,376.76,1,169.44,76,0,424.2,1894.23,Salary,928.37,Healthcare,Negative,88.1,Medium,0.0,0,2019-04-01,1.0043476385826644,0.1138428260502014,0.5083557199176639,0.10155091831398953,0.045472721466162484,2
2019-05-01,1335,3468.29,3518.16,0.3,3493.07,normal,643.0,0.28,620.38,281.67,6,1576.48,86,0,755.39,3132.23,Salary,968.91,Education,Positive,55.9,Low,0.0,0,2019-05-01,1.0143788437529733,0.21471166746253725,0.8903034540782683,0.08121293202125544,0.4480978693407918,1
2019-05-31,1542,1596.51,2085.66,0.21,3378.62,inflation,742.0,0.57,302.47,432.82,1,932.31,54,0,381.53,1179.06,Freelance,1633.35,Healthcare,Positive,14.2,Medium,0.0,0,2019-05-01,1.3063870567675742,0.18293010366023224,0.565317453467967,0.27110384526247877,0.4470095797013895,2
2019-06-30,1984,4085.94,3449.51,0.35,2936.09,normal,698.0,0.22,674.05,441.61,6,1192.23,96,0,700.37,2321.52,Salary,916.16,Investments,Positive,48.2,Medium,636.43,0,2019-06-01,0.8442390245573846,0.20303463390452556,0.6729999333238633,0.10808039276151878,0.3456230015277532,2
2019-07-30,1034,3880.74,3054.91,0.11,2444.3,inflation,698.0,0.37,630.2,589.59,7,1354.99,39,0,705.38,1554.28,Salary,2252.27,Healthcare,Neutral,11.8,Medium,825.83,0,2019-07-01,0.7871978024809702,0.23090041932495559,0.508780946083518,0.1519272097589635,0.4435449816852215,2
2019-08-29,1655,5089.88,3012.55,0.34,3143.18,normal,745.0,0.52,153.44,980.57,3,742.5,68,0,482.65,3162.15,Freelance,622.6,Healthcare,Positive,7.0,Medium,2077.33,0,2019-08-01,0.5918705352581987,0.16021310849612452,1.0496589268227914,0.19265090729054515,0.2464689382748834,2
2019-09-28,1573,3669.75,3842.72,0.21,3079.28,normal,643.0,0.56,531.91,812.19,2,1225.71,96,0,544.49,2439.15,Salary,1291.86,Dining Out,Positive,99.8,Low,0.0,0,2019-09-01,1.0471340009537433,0.14169390431777493,0.6347457009618188,0.22132025342325773,0.3189693758587667,1
2019-10-28,1847,4190.52,4255.47,0.12,2765.0,normal,695.0,0.51,279.63,208.07,5,1409.21,96,0,154.0,1186.27,Salary,1136.34,Transportation,Positive,22.6,Medium,0.0,0,2019-10-01,1.0154992697803613,0.03618871710997845,0.27876356783152034,0.04965254908698681,0.3311526106399528,2
2019-11-27,1424,4160.5,3810.28,0.11,1859.05,normal,621.0,0.26,374.98,739.14,3,1270.99,84,0,887.98,2535.19,Salary,1219.7,Entertainment,Positive,94.6,Low,350.22,0,2019-11-01,0.9158226174738614,0.23304848987475985,0.6653553019725584,0.17765653166686696,0.3335686616206683,1
2019-12-27,1173,6406.73,2085.38,0.3,2600.22,inflation,705.0,0.17,418.28,375.62,2,560.9,61,0,750.01,2451.91,Salary,529.35,Entertainment,Neutral,42.8,High,4321.35,1,2019-12-01,0.32549834314853293,0.35965147838763195,1.1757617316748026,0.0586289729706106,0.26896776606661615,3
2020-01-26,1918,3907.04,3703.17,0.27,3478.79,normal,691.0,0.17,724.76,594.5,3,465.67,98,0,222.83,3042.43,Freelance,1685.33,Transportation,Neutral,23.7,Medium,203.87,0,2020-01-01,0.9478198329169909,0.06017277089628616,0.8215744888838481,0.15216122691346903,0.1257490204338445,2
2020-02-25,1589,3868.2,2228.21,0.06,3671.15,normal,661.0,0.49,776.42,549.12,7,65.41,72,0,604.92,1027.61,Salary,1327.69,Transportation,Positive,97.2,Low,1639.99,0,2020-02-01,0.5760327801044414,0.2714824904295376,0.4611818455172537,0.14195749961222276,0.029355401869662193,1
2020-03-26,1274,5263.09,3299.5,0.31,1664.8,normal,684.0,0.23,599.35,260.85,9,747.05,85,0,569.14,2330.05,Freelance,1181.61,Groceries,Neutral,29.9,Low,1963.59,1,2020-03-01,0.6269130871788245,0.17249280193968783,0.7061827549628732,0.04956213935159764,0.22641309289286254,1
2020-04-25,1922,1830.45,3499.35,0.13,2932.96,inflation,708.0,0.26,555.32,586.41,9,1899.02,87,0,740.71,2218.76,Salary,1143.57,Entertainment,Positive,77.5,High,0.0,0,2020-04-01,1.9117430140129474,0.211670738851501,0.6340491805621045,0.3203638449561583,0.5426779259005244,3
2020-05-25,1529,4708.46,3533.97,0.37,2535.78,normal,697.0,0.36,783.58,0.0,3,709.75,61,0,690.13,2430.74,Salary,1152.65,Rent,Positive,20.8,Low,1174.49,0,2020-05-01,0.750557507125472,0.19528462324241577,0.6878213453990837,0.0,0.20083645305421383,1
2020-06-24,1598,3568.59,3014.16,0.25,2283.25,recession,675.0,0.35,767.24,62.52,7,585.73,51,0,479.39,3431.47,Mixed,922.94,Utilities,Positive,10.6,Low,554.43,0,2020-06-01,0.8446361167856211,0.15904596968973114,1.138449850041139,0.017519524518086974,0.19432611407489983,1
2020-07-24,1468,4151.57,4170.8,0.3,2914.36,normal,603.0,0.53,752.54,259.35,5,1336.16,38,0,77.3,3379.82,Salary,1871.18,Utilities,Positive,34.4,Low,0.0,0,2020-07-01,1.0046319825993542,0.01853361465426297,0.8103529298935456,0.06247034254510945,0.3203606022825357,1
2020-08-23,1495,3221.83,3821.01,0.21,2761.45,normal,709.0,0.51,889.38,724.75,4,460.71,96,0,505.17,2157.51,Salary,1416.99,Entertainment,Positive,94.6,Medium,0.0,0,2020-08-01,1.1859750514459175,0.1322084998468991,0.5646439030518109,0.22494979561305223,0.12057283283739115,2
2020-09-22,1938,4161.1,4723.76,0.24,2600.89,normal,712.0,0.21,323.51,173.44,8,1406.45,39,0,604.8,2541.1,Freelance,1146.6,Education,Positive,4.6,Medium,0.0,0,2020-09-01,1.1352190526543462,0.12803360035226174,0.5379401155012109,0.041681286198361006,0.29773951259166426,2
2020-10-22,1083,4504.36,3433.1,0.29,3309.33,normal,643.0,0.31,673.7,291.43,5,1503.0,61,0,458.21,1580.99,Freelance,1066.57,Healthcare,Positive,28.1,Medium,1071.26,0,2020-10-01,0.762172650498628,0.13346829396172555,0.46051382132766305,0.06469953556110081,0.4377967434680027,2
2020-11-21,1903,3308.17,3768.77,0.11,3172.0,inflation,641.0,0.12,472.27,330.6,5,0.0,75,0,324.9,1607.32,Salary,640.55,Insurance,Neutral,82.2,High,0.0,0,2020-11-01,1.1392310552359763,0.08620849773268201,0.42648397222435963,0.09993440482200129,0.0,3
2020-12-21,1040,4172.19,2723.57,0.18,2552.8,inflation,725.0,0.1,395.28,280.54,3,834.01,89,0,570.84,2978.74,Salary,849.97,Entertainment,Neutral,91.7,High,1448.62,0,2020-12-01,0.6527914596410999,0.2095925568279868,1.0936895324886085,0.06724046603821975,0.30621941055306084,3
2021-01-20,1248,4007.61,3328.15,0.18,2459.79,recession,674.0,0.45,484.39,340.96,9,1170.79,49,0,372.65,1807.47,Salary,1014.97,Transportation,Positive,65.8,Low,679.46,0,2021-01-01,0.8304575545025589,0.11196911196911195,0.5430854979493112,0.08507813884085527,0.351784024157565,1
2021-02-19,1897,4140.4,2319.06,0.28,2127.61,normal,687.0,0.22,413.83,433.13,4,817.56,93,0,769.98,3507.24,Mixed,1574.03,Transportation,Positive,75.9,Low,1821.34,0,2021-02-01,0.5601053038353783,0.33202245737497094,1.5123541434891723,0.10461066563617043,0.35253939096013037,1
2021-03-21,1059,3388.47,3685.62,0.2,2599.05,recession,598.0,0.17,593.87,24.05,9,732.43,67,0,856.96,2185.74,Salary,1914.44,Groceries,Neutral,21.6,Low,0.0,0,2021-03-01,1.0876944461659688,0.2325144751764968,0.5930454034870659,0.007097598621206622,0.1987264015281011,1
2021-04-20,1247,4168.96,1741.8,0.22,3065.08,recession,697.0,0.22,397.98,199.46,6,1746.02,39,0,435.08,2063.83,Salary,1684.58,Rent,Negative,7.2,Low,2427.16,0,2021-04-01,0.4178020417562174,0.24978757607073143,1.1848834538982662,0.0478440666257292,1.0024227810311173,1
2021-05-20,1166,3307.47,2863.66,0.15,3004.1,normal,767.0,0.2,691.94,584.53,1,957.52,80,0,0.0,1617.28,Salary,731.88,Groceries,Positive,47.4,Low,443.81,0,2021-05-01,0.8658158652988538,0.0,0.564759782935125,0.17673025000982626,0.33436930361844636,1
2021-06-19,1646,3968.25,2563.71,0.11,2079.96,recession,747.0,0.51,452.51,308.08,4,1536.58,98,0,534.71,2564.27,Salary,1096.12,Insurance,Positive,86.6,Low,1404.54,0,2021-06-01,0.646055566055566,0.20856883188816208,1.00021843344216,0.07763623763623763,0.5993579617039368,1
2021-07-19,1650,3333.33,1497.29,0.2,3327.99,normal,580.0,0.48,650.2,489.97,5,1710.05,66,0,535.82,2799.71,Freelance,1353.84,Groceries,Neutral,35.3,Low,1836.04,0,2021-07-01,0.4491874491874492,0.3578598668260658,1.8698515317673932,0.14699114699114701,1.1420967214100142,1
2021-08-18,1075,4174.09,2568.25,0.11,2400.17,normal,754.0,0.42,379.43,744.83,1,1584.43,38,0,580.16,1977.55,Salary,959.98,Entertainment,Positive,24.8,Medium,1605.84,0,2021-08-01,0.6152838103634565,0.22589701158376324,0.7699990265745157,0.17844128899951847,0.6169298160225835,2
2021-09-17,1211,2388.2,2203.69,0.36,3870.71,normal,702.0,0.6,521.3,189.27,4,199.81,66,0,549.72,1877.92,Salary,968.27,Education,Positive,26.8,High,184.51,0,2021-09-01,0.9227409764676326,0.24945432433781523,0.8521706773638761,0.0792521564358094,0.0906706478678943,3
2021-10-17,1572,4672.84,3412.94,0.29,3249.47,normal,675.0,0.53,360.24,369.69,5,190.83,73,0,319.77,1814.17,Salary,1345.52,Utilities,Positive,2.6,Low,1259.9,0,2021-10-01,0.7303780998279419,0.09369341388949116,0.5315563707536611,0.07911462836305116,0.05591366973928637,1
2021-11-16,1659,3565.41,3692.28,0.06,3132.17,recession,666.0,0.35,482.65,123.35,7,216.58,59,0,501.54,2588.87,Freelance,964.59,Utilities,Neutral,84.1,Low,0.0,0,2021-11-01,1.0355835654244534,0.1358347687607657,0.7011575503482942,0.03459630168760395,0.058657523264757816,1
2021-12-16,1136,1812.45,2667.42,0.12,2338.74,normal,671.0,0.53,470.27,311.11,5,785.76,64,0,419.75,2149.77,Salary,1314.9,Entertainment,Negative,22.4,Low,0.0,0,2021-12-01,1.471720599188943,0.15736179529282976,0.8059360730593607,0.17165163176915227,0.2945767820590683,1
2022-01-15,1351,3646.42,3513.52,0.3,3117.89,recession,677.0,0.19,576.39,425.7,6,1374.43,51,0,445.45,2637.07,Salary,1442.03,Healthcare,Positive,23.4,Medium,132.9,0,2022-01-01,0.963553293367193,0.12678168901842027,0.7505493066782031,0.11674464269063903,0.3911832008925522,2
2022-02-14,1289,6760.38,3027.02,0.15,2402.42,normal,672.0,0.26,658.54,1020.97,4,1248.67,74,0,419.73,2098.87,Salary,1790.89,Education,Neutral,11.5,Low,3733.36,1,2022-02-01,0.44775885379224245,0.13866112546332698,0.6933783060567819,0.1510225756540313,0.4125080111793117,1
2022-03-16,1631,4919.85,3837.39,0.12,2045.35,recession,668.0,0.34,673.47,521.54,9,539.1,79,0,643.24,2270.6,Freelance,1366.15,Rent,Negative,18.0,Low,1082.46,0,2022-03-01,0.7799810969846641,0.16762434884126973,0.5917042573207311,0.10600729697043608,0.14048611165401484,1
2022-04-15,1333,3631.22,2872.3,0.2,2567.06,inflation,656.0,0.28,613.64,509.5,8,464.09,20,0,305.72,2057.52,Salary,427.86,Investments,Positive,81.4,Medium,758.92,0,2022-04-01,0.7910013714399018,0.10643734985899801,0.7163318594854298,0.14031096986687672,0.16157434808341745,2
2022-05-15,1399,3557.06,4233.83,0.28,3190.36,recession,716.0,0.57,526.35,386.69,9,1396.77,55,0,671.6,3143.11,Salary,1598.93,Education,Neutral,66.0,High,0.0,0,2022-05-01,1.190261058289711,0.15862705871515861,0.7423798310276983,0.1087105643424626,0.3299069636711913,3
2022-06-14,1293,5208.51,3282.4,0.23,2826.45,normal,681.0,0.45,824.91,389.28,9,776.38,23,0,553.85,2743.49,Mixed,1162.37,Education,Positive,15.5,Medium,1926.11,0,2022-06-01,0.6301994236355503,0.16873324396782843,0.8358183036802339,0.07473922484549324,0.23652815013404824,2
2022-07-14,1175,2562.91,3346.14,0.17,2508.7,normal,718.0,0.34,604.48,101.87,1,876.18,67,0,213.1,2898.74,Salary,1311.67,Entertainment,Positive,12.5,Low,0.0,0,2022-07-01,1.305601835413651,0.06368532099673056,0.8662936996061132,0.039747786695592126,0.26184798006060717,1
2022-08-13,1520,3658.63,2078.66,0.24,2830.27,normal,756.0,0.46,295.21,296.35,8,1023.08,84,0,637.3,2973.46,Mixed,1312.88,Education,Neutral,48.3,Low,1579.97,0,2022-08-01,0.5681525598379721,0.30659174660598654,1.4304696294728336,0.08100026512656378,0.4921824637025777,1
2022-09-12,1392,5198.04,4072.54,0.12,3192.61,recession,708.0,0.14,323.62,61.64,9,1114.16,32,0,428.78,1966.94,Salary,1346.04,Transportation,Negative,33.2,Low,1125.5,0,2022-09-01,0.7834760794453294,0.10528564483099,0.4829762261389698,0.011858315826734692,0.2735786511611918,1
2022-10-12,1373,4764.91,3517.07,0.33,2818.2,inflation,671.0,0.26,553.46,257.4,8,916.49,51,0,361.91,2737.54,Mixed,300.0,Utilities,Positive,17.5,Low,1247.84,0,2022-10-01,0.7381188731791367,0.10290099429354548,0.7783581219594718,0.054019908036038455,0.2605833833275994,1
2022-11-11,1493,4903.91,4430.98,0.15,2181.01,recession,658.0,0.12,353.86,310.92,6,1028.16,71,0,619.22,1816.74,Freelance,1067.29,Investments,Positive,68.5,Low,472.93,0,2022-11-01,0.9035606281518217,0.13974786616053336,0.41000862111767605,0.06340246864236905,0.23203896203548655,1
2022-12-11,1134,4813.44,4016.0,0.16,2977.31,normal,656.0,0.43,562.97,234.33,6,486.95,58,0,593.19,2363.81,Salary,698.64,Education,Positive,80.6,Low,797.44,0,2022-12-01,0.8343305411514427,0.14770667330677292,0.5885981075697211,0.048682439170323104,0.12125249003984064,1
2023-01-10,1138,2402.06,3653.49,0.12,3262.63,normal,635.0,0.38,476.82,460.14,1,505.43,23,0,440.69,2339.13,Salary,964.5,Groceries,Neutral,32.9,High,0.0,0,2023-01-01,1.52098199045819,0.12062165217367504,0.6402453544419172,0.19156057717126132,0.13834169520102696,3
2023-02-09,1416,2543.0,2195.33,0.27,2712.94,inflation,655.0,0.51,263.09,384.93,4,1070.63,98,0,601.16,1955.68,Salary,1461.54,Insurance,Neutral,2.6,Low,347.67,0,2023-02-01,0.8632835233975619,0.27383582422688163,0.8908364573890942,0.15136846244593,0.4876852227227798,1
2023-03-11,1331,4780.41,3678.12,0.4,3063.31,normal,651.0,0.11,400.64,773.7,1,1502.69,58,0,149.29,2805.74,Salary,886.67,Groceries,Positive,23.6,High,1102.29,0,2023-03-01,0.7694151756857676,0.040588670298957075,0.7628190488619185,0.16184804232272965,0.408548388850826,3
2023-04-10,1055,4315.96,4008.46,0.25,2716.62,normal,649.0,0.42,439.01,534.82,3,657.8,36,0,471.14,2941.26,Salary,919.48,Insurance,Neutral,43.7,Low,307.5,0,2023-04-01,0.9287528151326704,0.11753641049180982,0.7337630910624031,0.12391681109185443,0.1641029223192947,1
2023-05-10,1083,4288.78,2833.42,0.32,3417.75,normal,662.0,0.4,392.28,233.2,7,839.49,74,0,809.18,3586.17,Salary,561.02,Entertainment,Neutral,13.2,High,1455.36,0,2023-05-01,0.6606587421131418,0.2855842056595916,1.2656683442624108,0.05437443748571855,0.2962815255062786,3
2023-06-09,1868,4009.44,3236.55,0.1,3112.39,recession,670.0,0.41,672.61,366.0,9,205.52,92,0,646.82,3033.34,Mixed,1660.83,Dining Out,Positive,71.4,Medium,772.89,0,2023-06-01,0.8072324314617503,0.19984860422363318,0.9372140087438785,0.09128456841853226,0.06349971420185073,2
2023-07-09,1434,4446.02,2300.56,0.16,2752.25,normal,686.0,0.26,674.53,276.35,6,604.39,52,0,414.36,1584.9,Salary,901.47,Entertainment,Negative,64.2,Low,2145.46,0,2023-07-01,0.5174425666101367,0.18011266821991168,0.6889192196682548,0.06215671544437497,0.26271429564975485,1
2023-08-08,1370,1117.36,1329.43,0.25,3901.15,normal,758.0,0.31,574.36,585.14,6,1259.65,36,0,668.95,2484.06,Salary,863.92,Groceries,Positive,59.7,Low,0.0,0,2023-08-01,1.1897955896040668,0.5031855757730757,1.8685150778905244,0.5236808190735305,0.9475113394462289,1
2023-09-07,1201,3982.86,3612.94,0.4,2743.04,normal,670.0,0.57,477.46,299.86,4,1767.97,24,0,845.02,2875.94,Salary,750.68,Dining Out,Positive,37.9,Medium,369.92,0,2023-09-01,0.9071220178464722,0.23388708364932714,0.7960110048879859,0.07528760739769914,0.4893438584642978,2
2023-10-07,1698,3798.38,2189.73,0.24,3649.27,recession,707.0,0.28,352.71,728.75,5,2452.47,66,0,565.45,2561.88,Salary,1199.55,Education,Negative,5.3,High,1608.65,0,2023-10-01,0.5764905038463766,0.2582281833833395,1.1699524598923154,0.19185810793022287,1.1199873957063198,3
2023-11-06,1253,3540.81,3080.81,0.09,2182.71,normal,591.0,0.55,493.2,320.02,7,674.35,33,0,512.78,2341.85,Mixed,865.64,Insurance,Positive,75.6,Low,460.0,0,2023-11-01,0.8700862232088138,0.16644324057634194,0.7601410018793758,0.09038044967112045,0.21888724069319435,1
2019-01-01,1352,4559.39,2823.23,0.2,2840.67,recession,724.0,0.27,581.49,156.21,8,2388.6,52,0,66.84,1151.96,Salary,1157.39,Healthcare,Positive,11.1,Medium,1736.16,0,2019-01-01,0.6192122191784427,0.023675010537575758,0.4080291014192963,0.03426116212914447,0.8460522167871551,2
2019-01-31,1431,3630.76,1650.04,0.1,3668.85,normal,689.0,0.44,326.46,142.77,6,1699.12,95,0,723.39,1930.39,Salary,1142.66,Healthcare,Positive,40.2,Medium,1980.72,0,2019-01-01,0.45446132490167346,0.43840755375627255,1.1699049720006789,0.03932234573477729,1.029744733461007,2
2019-03-02,1314,3752.85,3125.99,0.28,2904.43,inflation,721.0,0.46,469.88,379.66,1,1309.6,65,0,286.03,2221.6,Salary,1675.06,Dining Out,Positive,20.7,Medium,626.86,0,2019-03-01,0.8329642804801684,0.09150061260592644,0.7106868544045246,0.10116578067335492,0.41893928003608455,2
2019-04-01,1282,5225.13,5430.47,0.25,2985.72,normal,683.0,0.41,379.78,567.93,5,646.05,95,0,283.04,2643.3,Salary,1671.6,Groceries,Positive,81.1,Medium,0.0,0,2019-04-01,1.0392985437682891,0.052120718832808215,0.4867534485965303,0.10869203254273098,0.1189676031724694,2
2019-05-01,1181,3758.86,2818.12,0.3,2520.87,recession,683.0,0.18,343.52,291.12,8,1361.75,52,0,987.69,3319.95,Mixed,858.29,Utilities,Positive,55.4,Low,940.74,0,2019-05-01,0.749727310940019,0.3504783330731126,1.1780726157864108,0.07744901379673624,0.48321221239691714,1
2019-05-31,1504,1906.42,2648.09,0.23,2325.85,inflation,744.0,0.2,564.21,759.06,8,79.34,36,0,0.0,2029.84,Salary,1056.33,Rent,Negative,9.9,Low,0.0,0,2019-05-01,1.3890380923406176,0.0,0.7665298384873626,0.3981599018054783,0.02996121733022669,1
2019-06-30,1305,2959.28,3246.62,0.28,2838.1,inflation,572.0,0.37,269.08,868.34,4,708.25,37,0,450.41,1668.53,Salary,688.08,Investments,Negative,27.3,Medium,0.0,0,2019-06-01,1.0970979427428291,0.13873197356019493,0.5139283316187296,0.293429482847179,0.21814995287406597,2
2019-07-30,1114,2620.71,2851.6,0.27,3410.49,normal,603.0,0.32,83.22,109.19,4,1500.28,31,0,870.07,1991.89,Salary,1434.93,Insurance,Positive,30.5,Low,0.0,0,2019-07-01,1.0881020792075429,0.30511642586618043,0.6985166222471596,0.04166428181675958,0.5261186702202273,1
2019-08-29,1438,2823.98,1370.53,0.25,2994.82,normal,683.0,0.26,790.96,720.02,2,1547.78,28,0,836.38,1943.07,Mixed,1154.06,Healthcare,Positive,8.3,Medium,1453.45,0,2019-08-01,0.48531859290788176,0.6102602642773234,1.4177507971368741,0.2549663949461398,1.1293295294521097,2
2019-09-28,1071,3700.95,2040.78,0.11,3534.57,normal,636.0,0.15,608.58,0.0,8,1749.08,82,0,359.12,2535.45,Freelance,1756.04,Transportation,Neutral,68.2,Medium,1660.17,0,2019-09-01,0.5514205812021238,0.17597193230039496,1.2423926145885396,0.0,0.8570644557473123,2
2019-10-28,1633,3545.88,4354.28,0.39,2551.98,normal,628.0,0.36,327.94,560.62,8,353.45,98,0,577.41,2632.91,Salary,1864.38,Insurance,Positive,22.1,Medium,0.0,0,2019-10-01,1.2279828984624408,0.1326074574901017,0.6046717252909781,0.158104617189527,0.08117300678872282,2
2019-11-27,1805,5416.9,2656.43,0.37,2662.77,normal,549.0,0.3,416.53,299.35,4,555.56,55,0,308.85,1868.54,Salary,770.52,Investments,Neutral,34.3,Medium,2760.47,1,2019-11-01,0.49039672137200246,0.1162650625087053,0.7034026870649707,0.05526223485757537,0.20913782783660778,2
2019-12-27,1498,4089.24,4604.97,0.25,2460.57,normal,654.0,0.3,660.55,363.43,9,670.34,71,0,569.65,1486.8,Salary,1258.71,Groceries,Neutral,42.3,Medium,0.0,0,2019-12-01,1.1261187897995717,0.12370330317027037,0.3228685528895953,0.08887470532421674,0.1455688093516353,2
2020-01-26,1739,4492.59,2873.25,0.32,3344.62,normal,624.0,0.13,246.14,784.42,6,46.45,55,0,511.39,3125.72,Salary,1266.22,Rent,Neutral,29.2,Medium,1619.34,0,2020-01-01,0.639553130822087,0.17798312016009746,1.0878691377360132,0.17460306860853092,0.01616636213347255,2
2020-02-25,1439,7283.39,693.73,0.15,4010.12,normal,755.0,0.43,660.27,145.24,7,1318.23,60,0,384.64,1889.32,Mixed,1073.45,Investments,Positive,29.2,Low,6589.66,1,2020-02-01,0.09524822918997884,0.5544520202384212,2.723422657229758,0.01994126361488263,1.9002061320686723,1
2020-03-26,1716,2721.22,3791.53,0.38,2851.26,inflation,653.0,0.23,224.08,657.92,3,178.67,42,0,153.44,1587.65,Salary,920.79,Groceries,Positive,84.2,Low,0.0,0,2020-03-01,1.3933199079824492,0.04046915097599122,0.4187359720218487,0.24177391023144032,0.04712345675756224,1
2020-04-25,1511,4081.92,3107.84,0.28,2893.95,normal,601.0,0.51,491.31,266.66,3,1373.48,65,0,411.45,3098.26,Salary,770.57,Rent,Negative,65.7,Medium,974.08,0,2020-04-01,0.7613671997491377,0.13239098537891267,0.996917473228995,0.06532710097209157,0.44194038303130145,2
2020-05-25,1692,3353.89,2721.3,0.34,2831.99,normal,678.0,0.54,753.89,316.05,5,934.71,35,0,513.63,1301.67,Freelance,1414.77,Healthcare,Positive,70.0,High,632.59,0,2020-05-01,0.811386181419188,0.18874435012677762,0.47832653511189505,0.09423385978669546,0.3434792194906846,3
2020-06-24,1077,5203.61,2637.75,0.08,3089.96,recession,718.0,0.14,781.06,0.0,5,573.42,53,0,157.75,1721.27,Salary,1368.46,Rent,Positive,73.1,High,2565.86,0,2020-06-01,0.5069077044590198,0.0598047578428585,0.6525523647047673,0.0,0.2173898208700597,3
2020-07-24,1195,3120.01,3692.79,0.29,2933.23,recession,743.0,0.32,185.93,141.58,4,1245.7,61,0,248.08,3084.23,Salary,532.0,Transportation,Negative,54.6,Low,0.0,0,2020-07-01,1.1835827449270995,0.06717955800356912,0.8352031932495485,0.045378059685706136,0.33733301920769937,1
2020-08-23,1152,4785.53,3284.21,0.3,2856.58,recession,734.0,0.41,989.86,274.79,7,473.07,59,0,647.05,2306.07,Salary,933.53,Insurance,Positive,31.1,Medium,1501.32,0,2020-08-01,0.6862792626939963,0.1970184610606508,0.7021688625270613,0.057421017107822964,0.14404377308393798,2
2020-09-22,1097,4330.46,2068.78,0.11,2362.05,normal,711.0,0.26,828.14,563.4,7,70.64,72,0,240.21,1981.49,Salary,1622.41,Insurance,Positive,95.5,Low,2261.68,0,2020-09-01,0.47772753933762235,0.11611191136805266,0.9578060499424781,0.13010165201849225,0.03414572840031323,1
2020-10-22,1744,3222.12,2134.54,0.06,3568.2,inflation,637.0,0.57,819.75,173.91,3,792.02,46,0,451.63,1913.58,Salary,933.53,Education,Positive,1.8,Low,1087.58,0,2020-10-01,0.6624644643899048,0.211581886495451,0.8964835514911877,0.05397378123719787,0.37104950012649096,1
2020-11-21,1385,4223.73,2656.71,0.38,2656.97,normal,679.0,0.28,702.12,453.14,3,272.02,34,0,514.56,2872.9,Salary,593.7,Investments,Negative,71.9,Low,1567.02,0,2020-11-01,0.628996171630289,0.19368316451550976,1.081375084220709,0.1072843197836983,0.10238979790793876,1
2020-12-21,1796,4648.68,2530.9,0.2,3285.67,inflation,684.0,0.35,859.09,777.85,8,2127.42,92,0,417.72,2343.6,Freelance,444.59,Transportation,Positive,96.6,Low,2117.78,0,2020-12-01,0.5444341189326862,0.16504800663795488,0.9259947054407522,0.16732706918953336,0.8405784503536291,1
2021-01-20,1419,4455.45,2912.47,0.25,2322.28,inflation,699.0,0.34,420.46,485.64,2,1109.67,47,0,813.31,2698.94,Salary,808.18,Insurance,Positive,4.2,Medium,1542.98,0,2021-01-01,0.6536870574240536,0.27925094507411236,0.9266842233568072,0.108999091000909,0.38100649963776456,2
2021-02-19,1255,2948.52,2941.63,0.37,2507.79,inflation,775.0,0.54,766.42,712.77,3,892.63,85,0,482.72,3114.94,Salary,1034.32,Insurance,Neutral,8.9,High,6.89,0,2021-02-01,0.9976632344362596,0.16409949585773875,1.058916315104211,0.2417382279923487,0.3034474084096232,3
2021-03-21,1133,4157.15,3895.79,0.08,3192.36,recession,762.0,0.43,617.78,437.33,5,1570.21,89,0,490.03,2280.87,Mixed,2094.96,Education,Positive,79.6,Medium,261.36,0,2021-03-01,0.9371300049312631,0.12578450070460676,0.5854704694041516,0.1051994756022756,0.40305303930653347,2
2021-04-20,1539,5185.59,3419.63,0.39,3413.38,normal,643.0,0.17,345.78,103.79,7,968.76,56,0,431.81,1348.42,Salary,1160.43,Education,Positive,84.3,High,1765.96,0,2021-04-01,0.6594485873352888,0.1262738951290052,0.39431751388308095,0.020015080251234673,0.2832938066398996,3
2021-05-20,1191,3612.44,1431.29,0.23,3033.22,inflation,665.0,0.27,638.41,589.41,7,899.72,22,0,488.22,1459.98,Salary,828.3,Groceries,Positive,61.3,Medium,2181.15,0,2021-05-01,0.3962114249648437,0.34110487741827306,1.020044854641617,0.16316118745224834,0.6286077594337975,2
2021-06-19,1046,4419.39,2683.77,0.1,2570.54,normal,614.0,0.39,346.06,141.72,9,158.29,79,0,363.8,2300.21,Salary,1687.28,Insurance,Negative,7.2,Low,1735.62,0,2021-06-01,0.6072715917807661,0.13555558039623367,0.8570816426146801,0.03206777405931588,0.0589804640487076,1
2021-07-19,1099,3427.54,3992.41,0.12,3072.07,normal,779.0,0.18,605.25,239.23,8,956.0,83,0,457.9,3182.34,Salary,1652.2,Rent,Positive,93.2,High,0.0,0,2021-07-01,1.1648033283346073,0.1146926292640285,0.7970974924920037,0.06979641375447114,0.23945436465693654,3
2021-08-18,1428,4652.2,1910.38,0.1,2867.1,normal,733.0,0.57,738.89,757.03,6,1258.17,39,0,431.44,2328.47,Salary,1420.29,Healthcare,Positive,13.2,Low,2741.82,0,2021-08-01,0.4106401272516229,0.22583988525843024,1.2188517467728932,0.1627251622888096,0.6585967189773763,1
2021-09-17,1157,2568.63,1685.71,0.29,3389.17,normal,698.0,0.38,196.55,65.64,7,1100.43,57,0,353.64,2345.79,Freelance,1577.08,Groceries,Positive,85.8,Medium,882.92,0,2021-09-01,0.6562681273675072,0.20978697403467975,1.3915738768827377,0.02555447845738779,0.6527991172858915,2
2021-10-17,1401,3851.08,2650.81,0.2,2478.42,normal,684.0,0.31,398.24,624.99,6,1125.37,95,0,680.06,2273.99,Salary,719.04,Entertainment,Positive,0.3,Medium,1200.27,0,2021-10-01,0.6883289882318726,0.25654799853629645,0.8578472240560432,0.16228953955773445,0.4245381600341028,2
2021-11-16,1065,3929.27,2579.42,0.1,2718.35,normal,597.0,0.31,558.12,285.81,4,0.0,28,0,705.68,2977.02,Freelance,909.16,Insurance,Positive,51.6,Low,1349.85,0,2021-11-01,0.6564629053233807,0.2735808825239782,1.1541431794744554,0.07273870209988115,0.0,1
2021-12-16,1918,4401.09,3131.09,0.29,2854.08,recession,671.0,0.55,671.97,400.26,6,1060.31,97,0,324.2,1872.22,Salary,334.47,Education,Neutral,23.4,Low,1270.0,0,2021-12-01,0.7114351217539292,0.10354221692765138,0.5979451245412939,0.09094565209982072,0.3386392598104813,1
2022-01-15,1533,4361.62,3684.98,0.38,3449.26,normal,673.0,0.14,393.36,106.71,7,682.78,38,0,476.95,2050.61,Salary,1097.94,Entertainment,Negative,88.0,Low,676.64,0,2022-01-01,0.8448649813601369,0.12943082459063548,0.5564779184690284,0.02446568018305125,0.18528730142361693,1
2022-02-14,1649,4718.26,5019.91,0.27,2940.14,recession,672.0,0.16,729.14,567.32,5,1339.5,86,0,808.39,2435.91,Salary,1328.22,Insurance,Negative,89.2,Low,0.0,0,2022-02-01,1.0639324666296472,0.16103675165491016,0.4852497355530278,0.12023924073705138,0.26683745326111424,1
2022-03-16,1846,3873.5,4052.4,0.16,3406.47,inflation,630.0,0.41,804.56,272.07,3,251.89,22,0,828.26,2364.3,Salary,725.83,Utilities,Negative,27.1,Low,0.0,0,2022-03-01,1.046185620240093,0.20438752344289804,0.5834320402724312,0.0702388021169485,0.062158227223373795,1
2022-04-15,1060,5168.96,3784.27,0.27,2780.42,normal,696.0,0.36,730.33,174.89,9,1515.8,70,0,344.39,1700.91,Mixed,1201.44,Insurance,Positive,85.3,Low,1384.69,0,2022-04-01,0.7321143905156937,0.09100566291517254,0.4494684575889141,0.033834659196434094,0.4005528146775996,1
2022-05-15,1345,4470.05,2118.36,0.4,3281.43,inflation,701.0,0.19,438.25,667.81,7,1787.5,73,0,477.87,1808.45,Freelance,867.58,Entertainment,Neutral,24.6,Low,2351.69,0,2022-05-01,0.4739007393653315,0.2255848864215714,0.8537028644800695,0.14939653918859966,0.8438131384656055,1
2022-06-14,1598,4324.87,1256.24,0.31,2036.12,normal,647.0,0.56,706.14,503.79,7,311.61,49,0,870.44,1426.28,Salary,1494.96,Insurance,Positive,37.0,High,3068.63,1,2022-06-01,0.29046884646243704,0.6928930777558429,1.1353563013436923,0.11648673832970703,0.24804973571928932,3
2022-07-14,1374,5713.69,2053.9,0.18,3266.72,normal,669.0,0.32,582.43,294.46,9,0.0,63,0,667.07,1674.28,Freelance,1193.12,Transportation,Neutral,99.3,Low,3659.79,1,2022-07-01,0.3594699747448672,0.32478212181703103,0.8151711378353376,0.051535872614720084,0.0,1
2022-08-13,1910,3271.42,2694.31,0.3,2077.23,normal,687.0,0.42,388.6,612.67,2,1594.2,61,0,448.33,1374.72,Salary,1060.46,Rent,Positive,2.9,Low,577.11,0,2022-08-01,0.8235903674856789,0.1663988182503127,0.510230819764615,0.1872795299900349,0.5916913792399539,1
2022-09-12,1833,6285.31,2453.77,0.25,2848.22,normal,671.0,0.35,480.79,192.97,7,1136.0,41,0,468.34,3114.21,Freelance,1805.69,Investments,Positive,51.4,Low,3831.54,1,2022-09-01,0.39039760966443976,0.19086548454011582,1.2691531806159502,0.030701747407844638,0.46296107622148774,1
2022-10-12,1464,3278.96,4461.07,0.32,1875.27,normal,679.0,0.18,211.22,293.14,9,552.95,39,0,856.29,2166.17,Salary,300.0,Transportation,Positive,88.5,Medium,0.0,0,2022-10-01,1.3605136994656841,0.19194722342397677,0.4855718471129124,0.08940029765535414,0.12395008372430831,2
2022-11-11,1158,3633.85,3215.2,0.35,2864.14,normal,678.0,0.29,491.23,363.41,9,405.86,88,0,293.17,3402.98,Salary,1455.86,Investments,Positive,59.0,Low,418.65,0,2022-11-01,0.8847916122019346,0.09118250808658872,1.058403831798955,0.10000687975563109,0.12623164966409556,1
2022-12-11,1388,4308.44,3195.17,0.28,2411.45,normal,696.0,0.51,616.57,142.16,1,766.1,37,0,274.68,1453.02,Salary,1609.43,Insurance,Negative,62.6,High,1113.27,0,2022-12-01,0.7416071710410266,0.08596725682827518,0.45475514604856704,0.032995701460389375,0.23976815005148397,3
2023-01-10,1336,2766.09,2554.59,0.18,2507.59,normal,708.0,0.31,530.28,919.65,7,385.57,25,0,653.56,1904.82,Mixed,1770.95,Education,Positive,77.1,Medium,211.5,0,2023-01-01,0.9235382796655206,0.2558375316587006,0.7456460723638626,0.33247291302886023,0.15093224353027296,2
2023-02-09,1003,4031.86,2988.7,0.38,2297.4,inflation,724.0,0.47,841.49,361.1,6,1267.38,48,0,452.69,2539.89,Freelance,1670.69,Insurance,Positive,51.7,Low,1043.16,0,2023-02-01,0.7412707782512289,0.15146719309398737,0.8498310302138053,0.08956164152525138,0.42405728243048824,1
2023-03-11,1666,4800.99,3518.49,0.32,2657.7,normal,724.0,0.33,506.87,522.94,1,819.72,67,0,727.52,2434.47,Salary,1435.2,Groceries,Positive,0.3,Medium,1282.5,0,2023-03-01,0.732867596058313,0.20677051803472513,0.6919076080932446,0.10892336788870631,0.2329749409547846,2
2023-04-10,1574,2948.42,3164.4,0.29,3438.33,normal,660.0,0.53,447.89,107.23,2,1794.37,96,0,561.97,2711.33,Salary,913.2,Entertainment,Positive,85.4,Low,0.0,0,2023-04-01,1.0732527930213471,0.1775913285298951,0.856822778409809,0.03636863133474878,0.5670490456326633,1
2023-05-10,1567,3870.98,3712.92,0.27,3487.76,normal,651.0,0.55,404.38,483.91,6,1013.22,30,0,893.66,2711.39,Salary,1387.16,Healthcare,Positive,7.2,Low,158.06,0,2023-05-01,0.959167962634785,0.2406892688234597,0.7302581256800577,0.12500968746932303,0.27289033967874343,1
2023-06-09,1992,4200.26,3662.91,0.38,2892.95,recession,736.0,0.6,482.51,622.97,7,1223.63,56,0,311.95,1871.07,Salary,1464.87,Transportation,Negative,78.6,Low,537.35,0,2023-06-01,0.8720674434439772,0.08516452765697219,0.5108151715439364,0.14831700894706518,0.3340595319022308,1
2023-07-09,1771,1173.61,2401.41,0.06,3050.65,inflation,624.0,0.48,243.72,387.34,5,561.3,47,0,330.0,2337.45,Salary,1398.66,Education,Positive,4.3,Low,0.0,0,2023-07-01,2.0461737715254644,0.1374192661811186,0.9733656476819869,0.3300414958972742,0.2337376791135208,1
2023-08-08,1141,2935.68,1007.42,0.37,3462.66,normal,634.0,0.14,549.68,439.11,1,758.8,51,0,473.1,3231.55,Salary,1230.62,Transportation,Negative,78.0,Medium,1928.26,0,2023-08-01,0.34316410507957273,0.4696154533362451,3.2077485060848505,0.14957692936559844,0.7532111730956305,2
2023-09-07,1267,3354.92,2615.78,0.4,3568.93,normal,738.0,0.53,272.13,273.44,9,930.39,70,0,656.16,2296.69,Salary,1179.35,Education,Positive,51.9,Medium,739.14,0,2023-09-01,0.7796847614846256,0.25084678375092706,0.8780134414973736,0.08150417893720267,0.3556835819526107,2
2023-10-07,1599,4682.23,3156.44,0.35,3180.59,recession,568.0,0.54,236.08,406.4,9,207.06,20,0,474.09,1693.14,Salary,1483.89,Entertainment,Neutral,33.0,Low,1525.79,0,2023-10-01,0.6741317705452318,0.15019769106968608,0.5364081053338572,0.08679624879597969,0.06559921937372483,1
2023-11-06,1673,5169.39,2540.26,0.22,3386.44,recession,653.0,0.51,225.26,544.15,1,2129.11,76,0,304.84,2456.74,Salary,1697.81,Investments,Positive,74.0,Low,2629.13,0,2023-11-01,0.49140420823346664,0.1200034642123247,0.9671214757544502,0.10526387059208145,0.8381464889420768,1
2019-01-01,1806,5574.38,2789.8,0.27,2541.36,normal,710.0,0.23,660.87,273.5,4,1084.25,46,0,193.39,2027.66,Salary,1335.17,Transportation,Positive,14.8,Low,2784.58,1,2019-01-01,0.5004682135053584,0.0693203813893469,0.7268119578464406,0.04906375238143076,0.38864793175138,1
2019-01-31,1683,3425.75,2161.29,0.09,2771.5,inflation,703.0,0.32,240.75,0.0,7,530.93,60,0,568.41,1791.74,Salary,397.19,Utilities,Neutral,34.2,Medium,1264.46,0,2019-01-01,0.6308954243596293,0.2629957108948822,0.829014153584202,0.0,0.24565421576928592,2
2019-03-02,1705,4331.77,2399.08,0.17,3871.69,normal,733.0,0.31,360.37,237.71,7,1830.07,54,0,481.45,2774.35,Mixed,785.27,Transportation,Positive,55.5,Low,1932.69,0,2019-03-01,0.5538336522945585,0.2006810944195275,1.156422461943745,0.054875951400928484,0.7628215816062824,1
2019-04-01,1764,5301.95,3270.09,0.25,2599.15,normal,667.0,0.11,473.21,450.23,5,1521.1,34,0,663.53,2359.83,Salary,1885.42,Healthcare,Neutral,80.5,Low,2031.86,0,2019-04-01,0.6167711879591472,0.2029087884431315,0.721640688788382,0.08491781325738644,0.4651553932766376,1
2019-05-01,1068,6001.48,5495.2,0.26,2680.2,recession,638.0,0.34,549.65,314.89,2,1118.56,87,0,765.11,1293.85,Freelance,1790.7,Investments,Positive,10.4,Low,506.28,0,2019-05-01,0.9156408086005452,0.13923242102198283,0.23545093900131023,0.052468724381319276,0.20355219100305721,1
2019-05-31,1221,4360.78,2002.82,0.1,2071.66,recession,742.0,0.44,484.97,167.99,4,1072.42,49,0,303.34,2540.16,Salary,300.0,Education,Positive,31.4,Low,2357.96,1,2019-05-01,0.45928022051100953,0.1514564464105611,1.268291708690746,0.038522924797857266,0.5354550084381023,1
2019-06-30,1166,3688.43,2154.1,0.1,2632.02,recession,722.0,0.34,571.46,410.23,5,0.0,27,0,147.54,3187.41,Salary,1170.29,Transportation,Positive,42.6,Medium,1534.33,0,2019-06-01,0.584015421195468,0.06849264193862865,1.4796945360011142,0.11122076330579679,0.0,2
2019-07-30,1977,5095.78,2996.72,0.39,3353.53,inflation,765.0,0.34,255.18,295.27,1,472.84,28,0,223.28,1812.74,Salary,1152.3,Education,Positive,67.2,Medium,2099.06,0,2019-07-01,0.5880787632119125,0.07450812888758376,0.6049080327825089,0.05794402427106351,0.15778584585813824,2
2019-08-29,1926,3737.22,2710.1,0.06,3080.03,normal,711.0,0.3,454.42,632.47,9,1025.95,69,0,491.84,1930.57,Salary,1111.01,Dining Out,Neutral,90.1,Medium,1027.12,0,2019-08-01,0.725164694612573,0.1814840780782997,0.7123611674845947,0.1692354209813712,0.3785653665916387,2
2019-09-28,1616,5145.97,2035.42,0.1,2841.29,normal,693.0,0.48,270.82,354.12,7,1025.98,30,0,571.86,1282.63,Salary,1600.01,Entertainment,Positive,10.1,Low,3110.55,1,2019-09-01,0.39553670153537623,0.28095429935836336,0.6301549557339517,0.06881501446763195,0.5040630434996217,1
2019-10-28,1989,4401.6,2701.36,0.19,2812.68,normal,657.0,0.39,491.03,504.49,3,1075.57,43,0,518.78,1979.82,Mixed,1740.01,Healthcare,Positive,48.0,Medium,1700.24,0,2019-10-01,0.6137222828062523,0.19204400746290756,0.7328975034797287,0.11461513994910941,0.39815870524476554,2
2019-11-27,1020,4336.52,3222.21,0.22,2512.14,normal,673.0,0.13,523.77,518.72,3,944.52,86,0,478.39,2352.14,Salary,738.74,Groceries,Neutral,98.9,Medium,1114.31,0,2019-11-01,0.7430405025227601,0.14846642521747497,0.729977251637851,0.11961665113962347,0.29312800841658365,2
2019-12-27,1750,4495.95,2659.34,0.3,3119.23,inflation,684.0,0.22,721.23,231.02,4,1015.66,27,0,450.4,2441.85,Salary,1152.04,Education,Neutral,39.0,Low,1836.61,0,2019-12-01,0.5914967915568456,0.16936533124760278,0.9182165499710454,0.051384023398836735,0.3819218302285529,1
2020-01-26,1698,6342.61,4550.07,0.28,2529.62,normal,627.0,0.27,503.36,339.45,2,877.33,87,0,555.62,1446.41,Freelance,1500.98,Healthcare,Positive,0.8,Low,1792.54,0,2020-01-01,0.7173813303986845,0.12211240706186939,0.3178874171166598,0.053518977203391035,0.19281681380726012,1
2020-02-25,1127,4476.58,2590.74,0.27,1943.46,normal,719.0,0.28,400.97,286.24,7,151.45,36,0,477.34,1174.88,Salary,1810.68,Groceries,Positive,37.5,Medium,1885.84,0,2020-02-01,0.5787319784299622,0.18424851586805316,0.4534920524637749,0.06394166975682329,0.05845820113172298,2
2020-03-26,1286,3580.69,2853.5,0.18,3095.01,recession,671.0,0.28,698.86,420.88,5,239.15,95,0,249.33,2080.16,Salary,831.02,Education,Negative,19.1,Low,727.19,0,2020-03-01,0.7969134440568717,0.0873769055545821,0.7289854564569827,0.1175415911458406,0.08380935693008586,1
2020-04-25,1647,2914.83,3348.88,0.14,2709.64,normal,604.0,0.41,519.34,352.22,3,1049.97,47,0,248.6,3093.26,Salary,1381.48,Investments,Neutral,68.6,High,0.0,0,2020-04-01,1.1489109141871052,0.07423377367955854,0.923670003105516,0.12083723579076654,0.3135287021332505,3
2020-05-25,1543,4448.12,2677.72,0.27,2309.8,normal,797.0,0.44,366.82,553.58,2,834.51,93,0,877.83,2917.2,Freelance,1324.87,Utilities,Positive,90.5,High,1770.4,0,2020-05-01,0.6019891549688408,0.327827405404598,1.0894342948478557,0.12445257771822704,0.31164946297596463,3
2020-06-24,1338,5453.26,3040.3,0.1,3010.68,inflation,659.0,0.47,484.84,689.64,1,410.77,94,0,575.29,1760.94,Salary,1417.92,Utilities,Positive,14.5,High,2412.96,0,2020-06-01,0.5575197221478528,0.18922145840870963,0.5791994211097589,0.1264638033029784,0.13510837746275037,3
2020-07-24,1567,4887.93,1865.39,0.23,3381.91,normal,731.0,0.2,539.24,0.0,7,1019.58,22,0,794.47,2100.87,Mixed,1052.61,Rent,Positive,88.6,Medium,3022.54,0,2020-07-01,0.38163189734713876,0.4259002138962898,1.1262363366373787,0.0,0.5465773913229941,2
2020-08-23,1750,5058.33,3795.83,0.25,2227.76,normal,614.0,0.23,510.6,320.79,9,985.35,64,0,501.6,2632.08,Salary,1203.52,Education,Neutral,95.2,Low,1262.5,0,2020-08-01,0.7504116971411513,0.13214501176290824,0.6934135617243132,0.06341816370224956,0.25958749469812925,1
2020-09-22,1042,4711.43,3476.18,0.29,2797.13,normal,685.0,0.12,399.6,350.11,1,1290.73,78,0,416.58,3129.02,Salary,965.42,Investments,Positive,88.8,Low,1235.25,0,2020-09-01,0.7378184542697227,0.11983844334873338,0.9001317538217238,0.0743107718887896,0.37130700941838457,1
2020-10-22,1216,3150.61,3013.26,0.09,2485.44,inflation,740.0,0.29,545.09,819.49,5,1131.02,94,0,620.8,1891.48,Salary,343.21,Rent,Positive,80.7,Low,137.35,0,2020-10-01,0.9564052675513631,0.2060227129421291,0.6277188161658801,0.2601051859798579,0.37534763014144146,1
2020-11-21,1416,4902.58,3205.03,0.25,2664.1,inflation,632.0,0.3,452.67,574.02,1,1178.21,87,0,419.11,2229.85,Salary,1540.44,Insurance,Negative,4.2,Low,1697.55,0,2020-11-01,0.6537435391161389,0.13076632668024948,0.6957345173056102,0.1170852897861942,0.3676127836556912,1
2020-12-21,1172,2969.58,3243.98,0.32,2754.26,normal,693.0,0.47,614.73,581.38,5,1027.31,77,0,420.25,2739.24,Salary,1844.39,Groceries,Positive,45.8,High,0.0,0,2020-12-01,1.092403639571926,0.12954765442450322,0.8444071788358744,0.19577852760323008,0.31668197707754053,3
2021-01-20,1163,2742.74,4821.02,0.25,2859.9,inflation,656.0,0.45,524.49,440.24,2,236.41,49,0,631.79,1848.95,Salary,1398.78,Entertainment,Positive,23.7,Low,0.0,0,2021-01-01,1.7577386117532106,0.1310490311178962,0.3835184255613957,0.16051102182489047,0.049037340645755455,1
2021-02-19,1463,3575.04,4145.23,0.38,1757.66,normal,687.0,0.14,526.01,850.63,3,958.96,25,0,464.22,2896.27,Salary,998.74,Utilities,Positive,76.1,High,0.0,0,2021-02-01,1.1594919217687074,0.11198896080555243,0.6986994690282566,0.2379357993197279,0.23134060112466623,3
2021-03-21,1974,4774.81,3451.68,0.24,2483.09,normal,663.0,0.53,633.49,694.53,7,1266.24,88,0,690.97,1026.24,Salary,1193.2,Healthcare,Positive,18.4,Medium,1323.13,0,2021-03-01,0.7228936858220536,0.2001836786724146,0.29731608955638994,0.14545709672217322,0.36684744819913784,2
2021-04-20,1584,2028.96,2455.96,0.05,2857.71,normal,760.0,0.37,383.61,277.89,7,532.38,49,0,284.66,1363.82,Salary,1498.03,Education,Positive,17.9,Low,0.0,0,2021-04-01,1.210452645690403,0.11590579651134385,0.5553103470740566,0.13696179323397206,0.21677063144350886,1
2021-05-20,1522,4676.61,3509.3,0.12,2844.99,normal,748.0,0.54,335.43,556.09,1,1281.88,20,0,473.87,1000.0,Salary,768.47,Investments,Neutral,78.7,Low,1167.31,0,2021-05-01,0.7503939819655692,0.13503262758954776,0.28495711395434986,0.11890878221617797,0.365280825235802,1
2021-06-19,1172,3641.92,3614.64,0.17,3297.79,normal,677.0,0.6,734.86,315.18,1,611.53,45,0,777.72,2058.0,Mixed,1414.52,Dining Out,Neutral,88.6,Medium,27.28,0,2021-06-01,0.9925094455671734,0.21515835601885666,0.5693513046942434,0.08654226342149196,0.16918143992209458,2
2021-07-19,1968,3587.67,1607.94,0.26,2961.3,recession,685.0,0.5,449.09,12.34,2,1200.4,86,0,540.23,2469.77,Freelance,1664.67,Groceries,Positive,98.7,Medium,1979.73,0,2021-07-01,0.44818503374056146,0.33597646678358645,1.5359839297486224,0.003439558264834837,0.746545269102081,2
2021-08-18,1888,2812.24,3389.31,0.24,2915.28,normal,730.0,0.12,353.3,564.32,9,44.14,82,0,516.66,2861.97,Salary,1239.89,Groceries,Neutral,19.4,Low,0.0,0,2021-08-01,1.205199413990271,0.15243810687131007,0.8444108092797649,0.20066566153671098,0.013023299727673184,1
2021-09-17,1767,4316.84,2698.31,0.24,2797.43,normal,681.0,0.22,515.67,687.21,2,413.97,83,0,518.73,2496.76,Salary,737.09,Education,Neutral,26.7,High,1618.53,0,2021-09-01,0.6250660205150063,0.1922425518194722,0.9253050983763913,0.1591928355000417,0.15341825068283482,3
2021-10-17,1603,3457.99,3482.58,0.38,2505.38,normal,626.0,0.13,441.16,0.0,9,820.45,94,0,596.38,1392.57,Salary,1874.98,Transportation,Positive,4.6,Low,0.0,0,2021-10-01,1.0071110674119936,0.17124660452882634,0.39986733973088917,0.0,0.23558683504757968,1
2021-11-16,1848,3699.45,1747.07,0.18,2596.34,normal,673.0,0.46,447.79,319.56,6,655.65,75,0,474.01,2272.98,Freelance,1371.17,Entertainment,Positive,11.6,Medium,1952.38,0,2021-11-01,0.47225128059576427,0.27131711952011084,1.3010240001831639,0.0863804078984714,0.37528547797168976,2
2021-12-16,1220,4908.88,3075.61,0.17,2517.83,normal,751.0,0.27,218.68,354.38,5,418.57,20,0,480.76,1608.67,Freelance,643.97,Investments,Negative,83.3,High,1833.27,0,2021-12-01,0.6265400661658057,0.15631370687440865,0.5230409577287107,0.07219162008441844,0.13609332782765043,3
2022-01-15,1369,4738.69,3342.15,0.09,3274.18,recession,640.0,0.22,493.76,803.88,5,1816.54,68,1,813.58,3008.38,Freelance,1049.49,Entertainment,Negative,10.7,High,1396.54,0,2022-01-01,0.7052898585896102,0.24343012731325644,0.9001331478240056,0.16964182084078092,0.5435243780201368,3
2022-02-14,1911,4117.59,1482.06,0.36,3138.21,normal,690.0,0.49,285.6,50.05,3,966.19,73,0,117.44,2153.52,Mixed,2127.93,Healthcare,Neutral,49.3,Low,2635.53,0,2022-02-01,0.3599338447975636,0.0792410563674885,1.4530585806242662,0.012155168435905467,0.6519236738053791,1
2022-03-16,1837,4250.74,4297.49,0.25,3063.59,normal,707.0,0.16,405.56,684.38,7,968.16,32,0,289.02,1000.0,Salary,542.13,Education,Positive,49.4,Medium,0.0,0,2022-03-01,1.0109980850393108,0.06725321059502175,0.2326939678742708,0.1610025548492733,0.225284991937154,2
2022-04-15,1423,1239.94,3344.52,0.13,2962.44,normal,744.0,0.22,355.18,0.0,3,889.15,29,0,661.25,2322.84,Salary,1534.8,Education,Positive,22.0,Low,0.0,0,2022-04-01,2.697324064067616,0.19771148027220647,0.6945211868967744,0.0,0.2658527980098788,1
2022-05-15,1123,4691.21,2855.03,0.37,3099.22,normal,718.0,0.14,948.03,392.01,5,1984.61,97,0,812.23,2650.24,Salary,1334.23,Dining Out,Positive,53.6,Low,1836.18,0,2022-05-01,0.6085913868703384,0.28449088100650427,0.9282704560022135,0.0835626629377069,0.695127546820874,1
2022-06-14,1112,2724.46,2490.49,0.16,2070.64,inflation,738.0,0.54,341.72,351.89,6,999.29,80,0,380.6,1000.0,Salary,1136.53,Utilities,Positive,20.9,Low,233.97,0,2022-06-01,0.9141224316011245,0.15282133234825276,0.401527410268662,0.12915953987212145,0.40124232580737124,1
2022-07-14,1023,3247.65,3321.05,0.28,2939.23,normal,765.0,0.18,167.87,321.76,3,921.71,44,1,101.02,2546.98,Salary,1698.37,Rent,Positive,7.8,Low,0.0,0,2022-07-01,1.0226009576155066,0.030418090664097196,0.7669201005706027,0.09907471556356134,0.27753571912497554,1
2022-08-13,1572,3501.27,4486.83,0.1,2648.14,recession,711.0,0.5,71.92,293.7,7,1870.16,92,0,496.29,3215.26,Salary,1676.58,Transportation,Positive,83.9,Low,0.0,0,2022-08-01,1.2814864320660788,0.11061038639752342,0.7165994700044352,0.08388384786091904,0.41681097790645066,1
2022-09-12,1885,5065.27,3075.08,0.14,2044.48,normal,585.0,0.5,676.05,273.97,4,1571.9,87,0,895.88,1786.58,Salary,1661.15,Insurance,Positive,20.8,High,1990.19,0,2022-09-01,0.607091033646775,0.2913355099704723,0.580986510920041,0.054087936082380605,0.5111736930421322,3
2022-10-12,1553,3830.87,2175.19,0.17,4386.5,recession,649.0,0.46,479.31,675.47,7,204.87,72,0,985.9,1890.72,Salary,1055.16,Transportation,Positive,0.4,Low,1655.68,0,2022-10-01,0.5678057464753438,0.45324776226444585,0.8692206198079249,0.1763228718280704,0.09418487580395275,1
2022-11-11,1950,6575.88,2749.9,0.06,2244.91,normal,712.0,0.53,573.89,443.84,2,1760.12,63,0,639.52,2563.99,Salary,1422.68,Insurance,Neutral,10.7,Low,3825.98,1,2022-11-01,0.41817977213696117,0.2325611840430561,0.9323939052329174,0.06749514893824096,0.6400669115240554,1
2022-12-11,1438,4833.52,4217.3,0.19,2641.02,recession,680.0,0.59,549.17,0.0,5,628.85,85,0,493.39,3065.21,Salary,1301.49,Investments,Negative,92.0,Medium,616.22,0,2022-12-01,0.872511130604611,0.11699191425793753,0.726818106371375,0.0,0.14911199108434306,2
2023-01-10,1828,3571.8,3406.58,0.28,2684.68,inflation,645.0,0.14,416.4,344.0,5,1502.44,59,0,460.92,2859.01,Mixed,1101.31,Utilities,Negative,85.7,Medium,165.22,0,2023-01-01,0.9537432107060865,0.13530285506284898,0.839261077091981,0.09630998376168878,0.4410405744177445,2
2023-02-09,1906,4413.76,2904.68,0.2,3752.35,normal,684.0,0.37,484.13,37.07,3,456.7,64,0,182.29,2332.14,Salary,561.08,Healthcare,Positive,6.5,Medium,1509.08,0,2023-02-01,0.6580964982237366,0.0627573433218117,0.8028905077323492,0.00839873486551149,0.15722902350689233,2
2023-03-11,1754,3111.42,2461.65,0.1,3154.35,normal,671.0,0.57,552.91,399.7,3,1434.6,31,0,680.23,2031.14,Salary,1154.63,Rent,Positive,45.9,Medium,649.77,0,2023-03-01,0.7911660913666428,0.27633091625535716,0.8251132370564459,0.1284622455341934,0.5827798427883736,2
2023-04-10,1448,2644.59,3200.5,0.28,2069.0,normal,669.0,0.19,372.12,352.22,8,808.17,20,0,393.55,1994.56,Freelance,1918.38,Dining Out,Positive,74.1,Low,0.0,0,2023-04-01,1.2102064970373478,0.1229651616934854,0.6232026245899078,0.13318510619793617,0.2525136697391033,1
2023-05-10,1065,3410.52,1259.7,0.32,2546.27,normal,713.0,0.28,515.36,431.37,7,832.45,44,0,265.38,2254.49,Salary,1648.22,Groceries,Positive,32.2,Medium,2150.82,0,2023-05-01,0.3693571654762324,0.21066920695403665,1.7897038977534332,0.12648217867070125,0.6608319441136778,2
2023-06-09,1683,4741.9,3116.86,0.26,3120.58,inflation,630.0,0.44,222.7,424.96,5,1815.05,53,0,639.51,2999.14,Salary,1114.07,Utilities,Negative,48.4,Low,1625.04,0,2023-06-01,0.6573019253885574,0.20517764673421326,0.9622312198815474,0.08961808557751112,0.582332860635383,1
2023-07-09,1160,3854.53,2141.09,0.31,2531.1,normal,677.0,0.27,313.4,27.85,3,108.19,43,0,656.06,2299.9,Salary,1082.03,Investments,Positive,77.3,Low,1713.44,0,2023-07-01,0.5554736893992264,0.30641402276410606,1.0741725009224272,0.007225264818278752,0.05053033735153589,1
2023-08-08,1734,3766.71,3621.94,0.23,2240.93,normal,700.0,0.55,508.37,528.38,2,1535.86,24,0,673.11,2852.3,Salary,642.87,Rent,Positive,11.2,Medium,144.77,0,2023-08-01,0.9615659288875438,0.18584239385522675,0.7875061431166723,0.14027626230848672,0.42404346841747786,2
2023-09-07,1203,5214.41,2166.49,0.22,2550.97,normal,770.0,0.47,572.45,792.44,9,743.84,31,0,452.21,2536.46,Salary,1219.21,Entertainment,Positive,97.8,Medium,3047.92,1,2023-09-01,0.4154813296231021,0.20872932716052234,1.170769308882109,0.15197117219397785,0.34333876454541684,2
2023-10-07,1670,4072.72,2032.31,0.06,2682.71,inflation,694.0,0.22,652.77,670.54,6,1048.08,51,0,181.12,2802.07,Salary,1283.18,Transportation,Positive,95.6,Low,2040.41,0,2023-10-01,0.49900557858139033,0.0891202621647288,1.3787611142000975,0.16464181186037832,0.5157087255389188,1
2023-11-06,1933,4019.7,2752.15,0.28,2701.8,normal,689.0,0.33,426.17,353.85,7,1568.92,25,0,593.34,1068.64,Salary,1865.37,Transportation,Positive,82.2,Low,1267.55,0,2023-11-01,0.6846655223026594,0.2155914466871355,0.3882927892738405,0.08802895738487948,0.570070672020057,1
2019-01-01,1666,3258.17,2480.44,0.16,2906.09,normal,597.0,0.54,387.0,517.52,6,1103.66,30,0,662.83,1857.09,Salary,932.19,Investments,Negative,20.0,Low,777.73,0,2019-01-01,0.7612985203350346,0.26722275080227703,0.7486937801357824,0.15883762971238455,0.44494525164890103,1
2019-01-31,1789,2768.86,1750.8,0.29,3560.72,normal,702.0,0.45,516.47,1051.06,5,1230.7,25,0,220.35,2918.28,Salary,300.0,Rent,Positive,9.9,High,1018.06,0,2019-01-01,0.6323179936869325,0.12585675119945167,1.666826593557231,0.3796002687026429,0.7029358007767877,3
2019-03-02,1592,3396.54,2905.66,0.06,1994.39,normal,657.0,0.33,758.64,567.45,8,1139.14,48,0,611.24,2083.19,Mixed,1302.25,Rent,Positive,69.6,Low,490.88,0,2019-03-01,0.8554764554517243,0.21036184550153839,0.7169421060963774,0.1670670741401544,0.39204173922619995,1
2019-04-01,1408,4391.95,4069.04,0.31,2806.62,recession,680.0,0.18,552.95,0.0,1,288.36,21,0,350.99,3077.52,Salary,1179.31,Transportation,Positive,69.2,Low,322.91,0,2019-04-01,0.9264768496909118,0.08625867526492735,0.7563258164087844,0.0,0.07086683836973832,1
2019-05-01,1804,3979.12,4280.9,0.35,4101.56,inflation,750.0,0.27,522.42,404.11,7,783.1,59,0,228.5,2087.76,Freelance,1308.97,Dining Out,Neutral,85.7,High,0.0,0,2019-05-01,1.075840889442892,0.05337662641033428,0.48769184050082937,0.101557630832948,0.1829288233782616,3
2019-05-31,1808,4802.64,2572.23,0.32,2511.17,recession,695.0,0.6,827.88,121.08,5,1537.94,69,0,460.5,3001.88,Salary,1397.86,Utilities,Negative,5.7,High,2230.41,0,2019-05-01,0.5355866773274699,0.17902753641781644,1.167034052164853,0.025211133876367996,0.5979014318315237,3
2019-06-30,1785,4277.12,2554.34,0.07,3128.51,recession,648.0,0.37,967.68,397.2,8,1372.75,65,0,378.13,1572.15,Salary,1540.42,Entertainment,Positive,77.1,Medium,1722.78,0,2019-06-01,0.5972102723327847,0.14803432589240273,0.615481885731735,0.09286622774203201,0.5374186678359184,2
2019-07-30,1671,4480.08,2618.86,0.08,3506.07,normal,713.0,0.38,554.22,235.42,5,1267.36,33,0,166.91,2340.28,Freelance,1334.49,Utilities,Positive,46.1,Low,1861.22,0,2019-07-01,0.5845565257763254,0.0637338383876954,0.8936254706246229,0.05254816878270031,0.48393575830704955,1
2019-08-29,1463,4504.05,3495.71,0.33,1883.7,normal,654.0,0.12,674.75,584.07,2,1607.61,58,0,777.48,2764.99,Mixed,713.6,Utilities,Positive,72.8,Low,1008.34,0,2019-08-01,0.7761259311064486,0.22240975366949775,0.7909666419697285,0.12967662437139907,0.4598808253545059,1
2019-09-28,1788,2699.8,3344.48,0.36,3116.25,normal,637.0,0.22,513.32,533.78,9,1167.35,68,0,614.46,2244.25,Salary,1698.5,Insurance,Negative,22.8,Medium,0.0,0,2019-09-01,1.2387880583746944,0.18372362818734153,0.6710310720949146,0.19771094155122598,0.3490378175381524,2
2019-10-28,1647,3287.92,2927.23,0.2,1804.6,recession,659.0,0.49,360.71,523.87,3,803.95,46,0,613.41,1411.17,Salary,1237.32,Investments,Negative,75.7,Low,360.69,0,2019-10-01,0.8902984257524514,0.20955305869371385,0.48208374470062143,0.15933173556534222,0.27464531314587515,1
2019-11-27,1485,2761.4,3472.7,0.11,2604.13,normal,656.0,0.28,701.48,0.0,4,751.98,54,0,495.84,1538.37,Freelance,1184.58,Education,Positive,26.4,Low,0.0,0,2019-11-01,1.2575867313681466,0.1427822731592133,0.4429896046304028,0.0,0.2165404440349008,1
2019-12-27,1285,5728.92,3119.95,0.36,2274.25,inflation,594.0,0.1,158.26,47.05,1,1010.98,31,1,470.69,1000.0,Salary,1048.07,Investments,Negative,42.9,Low,2608.97,1,2019-12-01,0.544596538265502,0.15086459718905754,0.32051795701854197,0.00821271723117097,0.32403724418660557,1
2020-01-26,1051,5818.42,3482.83,0.17,4052.73,normal,597.0,0.25,438.88,976.79,1,815.23,79,0,311.56,3460.6,Salary,1308.32,Entertainment,Positive,25.9,Low,2335.59,0,2020-01-01,0.5985869015987157,0.08945598837726791,0.9936172595274533,0.16787890870717478,0.2340711432943899,1
2020-02-25,1372,3708.57,1471.64,0.26,2363.85,normal,655.0,0.4,562.29,528.33,4,1562.48,72,0,278.15,1685.83,Mixed,1151.34,Healthcare,Neutral,56.7,High,2236.93,0,2020-02-01,0.3968214163410695,0.18900682232067623,1.1455451061400885,0.14246191928425242,1.061727052811829,3
2020-03-26,1672,3430.78,1850.13,0.23,3549.62,inflation,695.0,0.26,630.27,105.93,8,2048.3,20,0,651.68,2442.16,Salary,891.75,Groceries,Negative,20.8,High,1580.65,0,2020-03-01,0.5392738677501909,0.35223470783134153,1.3199937301703122,0.03087636047779222,1.107111392172442,3
2020-04-25,1280,3986.88,2654.7,0.22,3285.38,normal,689.0,0.26,564.72,726.66,2,1169.52,84,0,575.1,2640.91,Salary,1228.4,Rent,Negative,49.4,Low,1332.18,0,2020-04-01,0.6658590175776546,0.21663464798282295,0.9948054394093495,0.1822628220563448,0.4405469544581309,1
2020-05-25,1524,4703.43,4581.72,0.31,3193.16,normal,680.0,0.35,630.81,1288.24,4,1066.51,59,0,473.21,2219.56,Salary,1673.28,Utilities,Neutral,45.0,Medium,121.71,0,2020-05-01,0.9741231399212915,0.1032821735068926,0.4844381585954619,0.27389373287154267,0.23277502771884792,2
2020-06-24,1831,4109.68,3691.78,0.38,2111.3,inflation,597.0,0.51,512.01,644.16,7,1420.79,24,0,681.89,2373.5,Salary,1444.73,Utilities,Negative,43.5,High,417.9,0,2020-06-01,0.8983132506667185,0.18470493908087696,0.64291479990682,0.15674213077417218,0.3848522934736089,3
2020-07-24,1498,3713.28,2164.0,0.4,2578.97,recession,760.0,0.44,360.98,490.62,1,363.74,66,0,922.4,1814.41,Salary,1029.98,Entertainment,Positive,23.3,Low,1549.28,0,2020-07-01,0.582773181661496,0.42624768946395564,0.8384519408502773,0.13212577559462255,0.16808687615526802,1
2020-08-23,1383,4367.91,3580.67,0.27,3009.42,recession,700.0,0.17,757.07,936.11,3,795.62,49,0,260.15,3310.91,Salary,1540.8,Groceries,Neutral,60.6,Low,787.24,0,2020-08-01,0.8197673486862138,0.07265400050828476,0.9246621442355759,0.2143153132733962,0.22219863880223534,1
2020-09-22,1336,5846.22,3218.23,0.32,3044.42,normal,704.0,0.43,683.44,231.23,8,674.59,84,0,601.16,2431.02,Salary,785.27,Utilities,Negative,35.5,Low,2627.99,0,2020-09-01,0.5504804814050788,0.1867983332452932,0.7553903853981847,0.039552052437301366,0.20961522327490578,1
2020-10-22,1161,4616.13,4008.41,0.12,2844.64,normal,679.0,0.19,498.12,398.73,4,0.0,25,1,468.56,1866.65,Salary,1365.73,Transportation,Positive,28.5,High,607.72,0,2020-10-01,0.8683485950352351,0.11689422988167379,0.46568340065013314,0.08637755002567085,0.0,3
2020-11-21,1099,3147.63,2919.98,0.16,2467.59,inflation,655.0,0.3,577.77,660.31,3,704.45,46,0,727.47,2541.13,Salary,916.59,Transportation,Neutral,9.7,Medium,227.65,0,2020-11-01,0.9276757433370504,0.24913526804978117,0.8702559606572648,0.2097800567411036,0.24125165240857815,2
2020-12-21,1020,3925.14,2896.9,0.38,2980.01,normal,807.0,0.39,706.45,775.73,1,1389.52,37,0,315.38,2335.37,Salary,1774.67,Rent,Negative,73.0,Medium,1028.24,0,2020-12-01,0.7380373693677169,0.10886810038316821,0.8061617591218199,0.1976311672959436,0.47965756498325796,2
2021-01-20,1816,5516.76,2529.83,0.21,2215.5,recession,730.0,0.56,991.52,538.51,2,727.36,64,0,509.61,2339.71,Salary,1263.32,Transportation,Positive,12.9,Low,2986.93,1,2021-01-01,0.45857169788064006,0.20144041299217735,0.9248487052489693,0.09761345427388539,0.28751339022780187,1
2021-02-19,1323,4442.21,4621.18,0.24,2742.87,inflation,684.0,0.42,139.32,372.94,5,768.35,92,0,539.98,2285.56,Salary,300.0,Rent,Positive,17.4,Low,0.0,0,2021-02-01,1.0402885050459119,0.11684894334347504,0.4945836344829675,0.08395370772655952,0.16626705733167718,1
2021-03-21,1355,3579.27,3737.79,0.17,2366.75,normal,731.0,0.28,658.83,524.88,3,861.9,30,0,588.54,3133.75,Salary,1278.99,Investments,Positive,43.9,Medium,0.0,0,2021-03-01,1.0442883604757394,0.15745667894665027,0.8383964856238579,0.14664442749499199,0.23059080365670623,2
2021-04-20,1805,2474.88,3324.07,0.16,2767.98,normal,696.0,0.44,752.33,684.6,6,814.24,87,0,501.4,3600.13,Salary,1247.33,Groceries,Positive,21.3,Medium,0.0,0,2021-04-01,1.3431237070080166,0.15083918208701982,1.0830487925946204,0.27661947245927077,0.24495272361893702,2
2021-05-20,1192,2049.78,2352.66,0.35,3051.1,inflation,655.0,0.23,456.42,465.79,5,1429.13,32,0,308.75,3726.68,Salary,1697.84,Healthcare,Positive,0.6,Low,0.0,0,2021-05-01,1.1477621988701225,0.1312344325146855,1.5840282913808201,0.227239020772961,0.6074528406144535,1
2021-06-19,1163,3501.07,2589.24,0.31,2950.98,normal,656.0,0.12,677.77,88.48,3,1859.19,38,0,725.98,2385.97,Salary,1541.38,Transportation,Positive,10.9,Medium,911.83,0,2021-06-01,0.7395567640749827,0.2803834329764719,0.9214943381069348,0.02527227390483481,0.7180446772025769,2
2021-07-19,1333,4599.99,3001.41,0.37,2848.76,recession,665.0,0.47,470.48,289.82,9,227.5,93,0,453.34,2357.19,Salary,893.38,Investments,Positive,30.8,Low,1598.58,0,2021-07-01,0.65248185322142,0.15104234343192033,0.7853608803862185,0.06300448479235825,0.07579770841038046,1
2021-08-18,1169,2990.93,2714.58,0.2,2042.97,normal,684.0,0.17,561.79,598.51,8,221.72,84,0,684.88,2627.69,Freelance,999.33,Dining Out,Positive,26.0,Low,276.35,0,2021-08-01,0.9076039893946031,0.2522968562355871,0.9679913651467262,0.20010832751017243,0.08167746023325892,1
2021-09-17,1741,4600.92,1713.88,0.24,3231.79,normal,654.0,0.51,746.07,154.04,1,1294.22,69,0,527.33,1536.2,Freelance,1125.35,Rent,Neutral,27.4,Low,2887.04,0,2021-09-01,0.37250810707423737,0.30768198473638764,0.8963287978154829,0.0334802604696452,0.7551403832240297,1
2021-10-17,1021,4077.43,2765.5,0.14,2304.88,normal,717.0,0.58,442.84,395.29,5,254.77,62,0,381.56,2243.0,Salary,1192.83,Insurance,Positive,64.3,Low,1311.93,0,2021-10-01,0.6782458558454714,0.13797143373711807,0.8110649068884469,0.09694587031537023,0.09212438980292895,1
2021-11-16,1730,4482.92,2834.68,0.13,2120.53,normal,720.0,0.25,437.04,386.36,6,1599.62,24,0,436.62,2649.77,Salary,1237.66,Healthcare,Negative,26.6,Low,1648.24,0,2021-11-01,0.6323289284662674,0.1540279678835001,0.9347686511352252,0.08618489734369562,0.5643035545458394,1
2021-12-16,1582,3970.13,2110.35,0.06,2648.37,normal,671.0,0.54,440.4,646.38,8,1064.93,34,0,216.74,2636.24,Salary,1398.31,Rent,Positive,56.5,Medium,1859.78,0,2021-12-01,0.5315569011594078,0.10270334304736183,1.2491956310564598,0.16281078957112236,0.5046224559907125,2
2022-01-15,1888,3400.29,2324.12,0.15,3066.71,inflation,713.0,0.51,503.49,214.81,7,534.89,74,1,476.33,2655.42,Salary,573.14,Rent,Positive,13.4,High,1076.17,0,2022-01-01,0.6835064068064782,0.20495069101423335,1.1425485775261175,0.06317402339212244,0.2301473245787653,3
2022-02-14,1538,3019.64,3008.0,0.19,2585.22,recession,701.0,0.13,565.46,231.14,1,1600.26,26,0,630.0,2303.98,Freelance,1485.58,Entertainment,Negative,99.5,High,11.64,0,2022-02-01,0.9961452358559298,0.20944148936170212,0.7659507978723404,0.07654554847597726,0.532001329787234,3
2022-03-16,1580,2511.69,3208.66,0.11,3096.48,normal,689.0,0.49,682.08,307.62,9,406.54,33,0,647.83,1497.29,Freelance,300.0,Rent,Neutral,40.5,Medium,0.0,0,2022-03-01,1.2774904546341308,0.20190048182107176,0.46664027974294564,0.12247530547161473,0.12670086578197753,2
2022-04-15,1395,2747.93,3700.17,0.29,2585.77,normal,641.0,0.54,608.09,240.11,1,2150.43,93,0,514.98,1912.63,Salary,1021.34,Dining Out,Positive,2.1,Low,0.0,0,2022-04-01,1.3465299334408083,0.13917738914698513,0.5169032774169836,0.08737849945231503,0.5811705948645602,1
2022-05-15,1849,3239.67,3570.34,0.21,2562.68,inflation,645.0,0.42,255.5,976.25,4,594.96,42,0,528.08,2350.71,Salary,1057.01,Rent,Neutral,58.5,Medium,0.0,0,2022-05-01,1.102069037895835,0.14790748220057473,0.6583994801615533,0.30134242067864936,0.16663959174756465,2
2022-06-14,1732,4154.97,1125.06,0.34,2862.08,recession,664.0,0.56,394.0,638.03,7,1140.33,80,0,844.41,3038.61,Freelance,1524.79,Entertainment,Neutral,79.5,Low,3029.91,1,2022-06-01,0.2707745182275684,0.750546637512666,2.7008426217268413,0.15355826877209702,1.0135726094608288,1
2022-07-14,1787,3757.38,2898.81,0.09,2216.65,normal,701.0,0.15,383.93,666.64,4,1024.38,38,0,767.68,1860.65,Freelance,1057.37,Insurance,Neutral,69.4,Low,858.57,0,2022-07-01,0.7714976925410791,0.2648259113222322,0.6418668350116082,0.17742150115239874,0.35337949020460124,1
2022-08-13,1803,5842.25,2002.82,0.08,2721.32,inflation,709.0,0.57,341.44,0.0,7,1072.42,55,0,363.81,1348.8,Salary,403.94,Rent,Neutral,70.2,Medium,3839.43,1,2022-08-01,0.34281655184218407,0.18164887508612856,0.6734504348868096,0.0,0.5354550084381023,2
2022-09-12,1121,4226.28,3012.43,0.09,2664.69,recession,761.0,0.57,303.42,454.08,9,716.32,94,0,705.69,2348.36,Salary,602.84,Rent,Positive,45.6,Low,1213.85,0,2022-09-01,0.712785239028176,0.2342593852803219,0.7795567033922781,0.10744200573554048,0.2377880979807,1
2022-10-12,1751,4241.91,2455.22,0.4,2132.46,inflation,700.0,0.58,419.5,370.62,5,2045.64,40,0,823.05,2871.61,Mixed,644.23,Education,Positive,30.4,Low,1786.69,0,2022-10-01,0.5788005874712099,0.3352245419962366,1.1695937634916629,0.08737101918711147,0.833179918703823,1
2022-11-11,1572,3360.59,2987.21,0.39,1992.49,normal,678.0,0.5,495.91,291.6,4,1114.26,64,0,883.94,1833.94,Salary,1646.15,Dining Out,Negative,87.0,Low,373.38,0,2022-11-01,0.8888945095950413,0.29590822205335415,0.6139307246561173,0.08677047780300483,0.3730102671054261,1
2022-12-11,1925,4397.2,3052.77,0.09,2611.9,inflation,649.0,0.23,378.74,603.35,9,1277.87,80,0,648.2,2494.39,Salary,1128.63,Utilities,Neutral,12.1,Low,1344.43,0,2022-12-01,0.6942531611025198,0.21233175116369724,0.8170907077834229,0.1372123169289548,0.4185936051520422,1
2023-01-10,1277,4198.33,2684.49,0.16,2874.44,inflation,712.0,0.21,478.66,695.56,9,1047.97,47,0,333.39,1839.38,Salary,1293.3,Healthcare,Neutral,78.0,Low,1513.84,0,2023-01-01,0.6394185307014931,0.12419118715286703,0.6851878755368804,0.16567539950408852,0.39037955067815494,1
2023-02-09,1643,3932.59,2636.22,0.23,2747.25,inflation,768.0,0.58,226.21,0.0,7,1349.69,46,0,311.75,1811.79,Mixed,1135.94,Rent,Positive,13.9,Low,1296.37,0,2023-02-01,0.6703521089154983,0.1182564429372359,0.6872681339190204,0.0,0.5119792733535138,1
2023-03-11,1428,2212.12,2869.52,0.19,2128.04,inflation,648.0,0.35,522.04,351.64,6,1270.42,36,0,620.52,2492.22,Salary,1145.58,Entertainment,Neutral,91.9,Medium,0.0,0,2023-03-01,1.297180984756704,0.21624522568234408,0.8685145947754328,0.15896063504692332,0.442729097549416,2
2023-04-10,1014,2414.64,2246.85,0.38,3611.74,normal,789.0,0.27,292.08,320.72,7,1247.25,73,0,617.38,2025.78,Salary,1459.79,Groceries,Positive,35.4,Low,167.79,0,2023-04-01,0.9305113805784714,0.2747757972272292,0.9016089191534815,0.13282311234801047,0.5551104880165565,1
2023-05-10,1063,4214.54,3943.6,0.14,2091.56,inflation,655.0,0.16,257.64,322.5,5,1318.14,60,0,296.48,2895.81,Salary,1293.01,Healthcare,Neutral,95.2,Medium,270.94,0,2023-05-01,0.9357130315526724,0.07518003854346283,0.7343062176691348,0.07652080654116464,0.3342478953240694,2
2023-06-09,1167,3715.42,2113.27,0.36,2840.06,normal,654.0,0.42,476.82,482.24,3,271.78,55,0,333.01,2215.34,Salary,1254.66,Rent,Neutral,87.0,Low,1602.15,0,2023-06-01,0.5687836099283526,0.1575804322211549,1.0482995547185168,0.12979420899925176,0.12860637779365627,1
2023-07-09,1164,5136.31,1769.91,0.16,2880.24,normal,664.0,0.19,534.33,566.83,2,1868.06,56,0,525.61,3150.4,Mixed,1501.18,Transportation,Positive,26.5,Low,3366.4,1,2023-07-01,0.3445878461385703,0.29696990242441706,1.779977512980886,0.11035743559092033,1.0554547971365775,1
2023-08-08,1472,3962.23,3708.07,0.27,2791.84,recession,748.0,0.31,413.41,169.76,4,1330.26,94,0,569.85,1029.51,Salary,1290.04,Education,Positive,76.3,Medium,254.16,0,2023-08-01,0.9358543042680512,0.15367832861839179,0.27764038974453015,0.04284455975549122,0.35874727284004887,2
2023-09-07,1397,4400.31,3471.66,0.08,2275.42,normal,674.0,0.15,561.82,0.0,1,893.96,95,0,455.39,2141.02,Freelance,1631.4,Education,Neutral,59.0,Low,928.65,0,2023-09-01,0.7889580506827927,0.13117355962277413,0.6167136182690701,0.0,0.2575021747521359,1
2023-10-07,1156,5580.52,3513.19,0.12,2823.33,normal,680.0,0.54,494.01,444.44,9,405.32,81,0,465.79,1592.32,Freelance,783.34,Education,Positive,37.6,Medium,2067.33,0,2023-10-01,0.6295452753506842,0.13258320785383085,0.4532405022216276,0.07964132374760774,0.11537093069261839,2
2023-11-06,1925,4917.63,3581.68,0.24,3443.1,normal,596.0,0.22,349.85,429.32,8,1504.53,95,0,134.81,2684.61,Salary,1184.63,Transportation,Negative,55.8,Medium,1335.95,0,2023-11-01,0.7283345839357577,0.037638761698420856,0.7495393223291864,0.08730221671821589,0.4200626521632307,2
2019-01-01,1599,1891.43,2912.34,0.27,2565.96,recession,699.0,0.15,489.13,477.14,2,1110.61,59,0,432.13,2626.89,Freelance,1393.5,Transportation,Neutral,71.5,High,0.0,0,2019-01-01,1.5397556346256536,0.14837896674152057,0.9019860318506767,0.25226415992132933,0.3813462713831489,3
2019-01-31,1958,5080.44,2690.79,0.4,2733.13,inflation,628.0,0.59,656.59,712.86,3,1083.98,43,0,684.2,2351.38,Salary,647.99,Insurance,Positive,9.4,High,2389.65,0,2019-01-01,0.5296371967782318,0.25427476689002115,0.8738623229609149,0.14031461841887713,0.4028482341617146,3
2019-03-02,1870,3509.17,3512.01,0.16,2814.4,recession,614.0,0.36,301.77,1188.0,8,1561.23,37,0,934.37,2625.9,Salary,611.84,Entertainment,Positive,81.5,Medium,0.0,0,2019-03-01,1.0008093081839866,0.2660499258259515,0.7476914929057719,0.3385415924563358,0.4445403059786276,2
2019-04-01,1979,3011.78,3902.95,0.29,2872.22,normal,727.0,0.16,851.09,0.0,6,1016.8,68,0,618.45,2346.71,Mixed,815.69,Transportation,Positive,28.8,High,0.0,0,2019-04-01,1.2958947864717874,0.15845706452811337,0.6012657092711924,0.0,0.2605208880462214,3
2019-05-01,1037,3766.66,2799.22,0.39,3287.03,inflation,615.0,0.55,0.0,463.51,7,1237.53,70,0,475.05,2637.13,Salary,1206.94,Utilities,Positive,80.0,Low,967.44,0,2019-05-01,0.7431570675346327,0.1697079900829517,0.9420945834911155,0.1230559700105664,0.442098155914862,1
2019-05-31,1752,3889.28,1786.17,0.22,3815.38,normal,698.0,0.44,211.15,285.15,2,774.85,42,0,597.04,2463.0,Freelance,855.74,Entertainment,Positive,63.4,Medium,2103.11,0,2019-05-01,0.4592546692446931,0.3342570975886953,1.3789280975495053,0.07331691212769458,0.4338052928892547,2
2019-06-30,1397,3129.53,3770.92,0.37,3665.33,inflation,660.0,0.31,477.26,495.15,3,1722.78,44,0,457.83,1099.9,Salary,653.13,Rent,Neutral,72.5,Low,0.0,0,2019-06-01,1.204947707802769,0.12141069022944002,0.2916794840516373,0.15821864625039542,0.45685933406171436,1
2019-07-30,1930,3107.57,2485.88,0.06,3860.52,inflation,703.0,0.56,549.96,578.18,9,1515.99,62,0,422.45,2259.41,Salary,923.48,Transportation,Negative,75.7,Low,621.69,0,2019-07-01,0.7999433641076468,0.1699398201039471,0.9088974528134905,0.18605534227708465,0.6098403784575281,1
2019-08-29,1154,4763.39,3122.35,0.19,2587.44,normal,743.0,0.17,953.62,634.83,1,1558.32,85,1,398.32,2308.92,Salary,532.82,Healthcare,Positive,18.8,Low,1641.04,0,2019-08-01,0.6554890529643803,0.12757057985171424,0.7394814802952905,0.13327273223481595,0.499085624609669,1
2019-09-28,1963,2648.79,1408.03,0.09,3518.22,recession,744.0,0.37,123.09,224.6,2,1017.48,27,0,287.86,1935.56,Salary,1148.49,Transportation,Positive,4.9,Low,1240.76,0,2019-09-01,0.5315747945288226,0.204441666725851,1.3746582104074487,0.08479343398306396,0.7226266485799309,1
2019-10-28,1447,4220.47,2406.9,0.26,2941.72,inflation,657.0,0.33,448.69,371.29,6,188.69,28,0,719.01,1395.3,Salary,1593.72,Education,Neutral,64.7,Low,1813.57,0,2019-10-01,0.5702919343106336,0.29872865511653995,0.5797083385267356,0.08797361431309783,0.07839544642486185,1
2019-11-27,1075,3721.67,1965.74,0.33,3273.66,normal,699.0,0.29,499.24,460.01,2,1018.89,72,0,0.0,2589.51,Salary,1339.14,Insurance,Positive,71.2,Low,1755.93,0,2019-11-01,0.5281876146998524,0.0,1.3173207036535861,0.12360311365596627,0.5183238882049508,1
2019-12-27,1674,3551.42,3519.52,0.3,2156.62,normal,748.0,0.29,668.47,375.38,3,776.38,48,0,1155.77,1723.52,Salary,1676.37,Education,Neutral,66.3,Low,31.9,0,2019-12-01,0.9910176774360678,0.32838853025412557,0.48970314133745513,0.10569856564416487,0.22059258080647362,1
2020-01-26,1310,3432.58,3031.3,0.24,3192.88,recession,700.0,0.22,430.84,621.29,9,1606.24,23,0,876.67,2509.0,Salary,880.24,Groceries,Positive,79.3,Low,401.28,0,2020-01-01,0.8830966794655916,0.28920595124204135,0.8276976874608254,0.18099796654411549,0.529884867878468,1
2020-02-25,1201,3899.34,4108.62,0.3,1966.21,normal,664.0,0.37,1064.1,460.52,1,1499.38,69,0,598.49,2541.93,Salary,330.13,Dining Out,Neutral,67.9,Medium,0.0,0,2020-02-01,1.0536706211820461,0.14566691492520603,0.6186821852592841,0.11810203778075264,0.36493518504996814,2
2020-03-26,1900,3808.43,2154.2,0.1,2060.09,normal,629.0,0.6,320.04,127.57,3,1041.29,25,0,556.85,2918.28,Salary,762.66,Transportation,Positive,68.1,High,1654.23,0,2020-03-01,0.5656399093589747,0.25849503295887105,1.354693157552688,0.03349674275226274,0.48337665954878845,3
2020-04-25,1953,2461.78,1372.67,0.3,3114.1,recession,763.0,0.44,557.48,718.62,4,1333.9,54,0,369.41,2034.16,Salary,1558.73,Utilities,Negative,4.2,Low,1089.11,0,2020-04-01,0.5575924737385144,0.2691178506123103,1.4819002382218596,0.2919107312594951,0.9717557752409538,1
2020-05-25,1252,4358.15,1107.05,0.08,1901.55,inflation,664.0,0.37,696.93,427.17,9,1076.16,93,0,566.45,2941.9,Salary,1520.21,Rent,Positive,42.1,Low,3251.1,1,2020-05-01,0.25401833346718217,0.5116751727564248,2.657422880628698,0.09801636015281714,0.9720970145883204,1
2020-06-24,1218,2127.13,1598.77,0.36,2838.25,normal,606.0,0.21,503.83,388.14,5,1357.34,66,0,734.39,1765.98,Salary,1334.1,Transportation,Positive,5.2,Low,528.36,0,2020-06-01,0.7516089754739954,0.4593468729085484,1.104586650987947,0.18247121708593267,0.848990161186412,1
2020-07-24,1081,4446.81,3056.6,0.05,3764.88,inflation,660.0,0.22,321.73,308.04,6,1459.97,31,0,393.67,2393.44,Salary,1608.21,Groceries,Positive,94.5,High,1390.21,0,2020-07-01,0.6873691477710987,0.1287934306091736,0.7830399790617026,0.069272129908856,0.4776450958581431,3
2020-08-23,1511,4999.71,2924.79,0.14,1617.47,normal,735.0,0.34,664.56,217.69,3,2015.76,28,0,346.9,2016.75,Salary,1117.56,Dining Out,Positive,44.9,Medium,2074.92,1,2020-08-01,0.5849919295319128,0.11860680595871839,0.6895366846850544,0.04354052535047033,0.6891981988450453,2
2020-09-22,1280,2753.5,2620.0,0.29,2848.18,normal,628.0,0.36,599.85,513.21,9,1817.19,28,0,648.35,2190.87,Freelance,1151.16,Entertainment,Negative,73.7,Low,133.5,0,2020-09-01,0.9515162520428545,0.2474618320610687,0.8362099236641221,0.18638460141637916,0.6935839694656489,1
2020-10-22,1828,3422.1,3495.46,0.33,2732.69,normal,650.0,0.44,326.95,335.2,4,1129.31,70,0,440.98,2810.62,Salary,1327.58,Dining Out,Positive,27.2,Low,0.0,0,2020-10-01,1.0214371292481226,0.12615793057280014,0.8040772888260772,0.09795155021770258,0.3230790797205518,1
2020-11-21,1279,3275.27,2176.56,0.19,2770.52,recession,669.0,0.19,625.24,422.67,4,1227.66,78,0,326.46,1762.62,Salary,1008.79,Insurance,Negative,55.5,Low,1098.71,0,2020-11-01,0.6645436864747029,0.14998897342595655,0.8098191641856874,0.12904890283854462,0.5640368287573052,1
2020-12-21,1288,4834.54,2349.78,0.17,3351.42,normal,633.0,0.4,240.92,303.21,8,892.29,44,0,446.5,1440.51,Salary,804.26,Transportation,Negative,24.4,Low,2484.76,0,2020-12-01,0.4860400369011323,0.1900177888993863,0.6130403697367413,0.0627174457135529,0.37973342185225845,1
2021-01-20,1919,1172.52,2783.72,0.33,2399.12,normal,683.0,0.57,440.02,243.7,2,1840.21,77,0,342.06,1342.27,Freelance,2262.64,Groceries,Neutral,49.2,Medium,0.0,0,2021-01-01,2.374134343124211,0.1228787378040895,0.48218570833273466,0.2078429365810391,0.6610614573304787,2
2021-02-19,1332,4195.37,1174.41,0.16,2979.51,normal,639.0,0.51,642.16,523.33,3,1549.86,69,0,468.61,1545.4,Freelance,1704.67,Rent,Positive,1.5,Medium,3020.96,1,2021-02-01,0.2799300180913722,0.399017378939212,1.315894789724202,0.12473989183313988,1.3196924413109559,2
2021-03-21,1510,6429.44,4014.06,0.29,2286.01,normal,743.0,0.46,441.69,71.33,1,7.62,51,0,136.72,1790.42,Salary,811.36,Transportation,Positive,41.4,Low,2415.38,1,2021-03-01,0.6243249800915788,0.03406027812239976,0.4460371793147088,0.011094278817439778,0.0018983273792618945,1
2021-04-20,1890,4433.49,3215.15,0.18,1791.71,recession,717.0,0.58,501.06,972.17,5,1240.81,84,0,956.16,1757.93,Mixed,1076.14,Utilities,Positive,31.2,Low,1218.34,0,2021-04-01,0.7251961772779458,0.2973920345862557,0.5467645366468128,0.21927871721826372,0.3859260065626798,1
2021-05-20,1846,4486.17,5136.07,0.34,2876.22,normal,693.0,0.54,549.95,238.33,5,278.78,85,0,494.15,2084.99,Salary,632.41,Healthcare,Positive,2.5,Low,0.0,0,2021-05-01,1.1448674481796275,0.09621169493406437,0.40595046407077784,0.05312549457555108,0.054278855233670875,1
2021-06-19,1371,3570.72,3579.36,0.34,3143.54,inflation,757.0,0.13,497.05,652.28,6,2139.66,24,0,670.55,2347.54,Salary,1185.05,Utilities,Positive,21.4,Medium,0.0,0,2021-06-01,1.0024196800645249,0.18733795985874568,0.6558546779312503,0.18267464264910158,0.5977772562692771,2
2021-07-19,1147,3350.17,2928.87,0.11,3896.14,recession,668.0,0.53,439.65,190.19,3,577.15,81,0,694.9,1749.04,Salary,646.77,Investments,Neutral,63.6,Low,421.3,0,2021-07-01,0.8742451875576462,0.2372587380115881,0.5971722882886574,0.056770253449824934,0.19705551970555196,1
2021-08-18,1305,3089.53,3912.42,0.34,2892.15,normal,656.0,0.3,627.05,389.76,9,412.15,84,0,554.73,2726.64,Freelance,1562.75,Rent,Positive,13.8,Low,0.0,0,2021-08-01,1.266347955837943,0.14178692471667154,0.6969190424340944,0.12615511097157173,0.10534400703400963,1
2021-09-17,1805,4401.94,3683.42,0.21,3038.19,normal,713.0,0.27,269.95,1027.34,4,1082.75,46,0,700.87,2832.69,Freelance,1234.42,Healthcare,Positive,86.6,Medium,718.52,0,2021-09-01,0.8367719687228814,0.19027697085860423,0.7690380135852007,0.2333834627459711,0.29395235949199383,2
2021-10-17,1059,4266.04,2042.77,0.3,2658.01,inflation,622.0,0.47,567.15,155.05,8,1067.29,63,0,602.65,2721.13,Freelance,2251.2,Groceries,Neutral,61.6,Medium,2223.27,0,2021-10-01,0.4788445490431407,0.29501608110555766,1.3320785012507528,0.036345181948598704,0.522471937614122,2
2021-11-16,1955,5248.76,2266.01,0.08,2266.74,normal,691.0,0.5,637.88,459.92,6,778.23,36,0,404.26,1748.15,Salary,1252.64,Groceries,Positive,42.8,Medium,2982.75,1,2021-11-01,0.4317229212232985,0.17840168401728146,0.7714661453391644,0.08762450559751256,0.34343626021067863,2
2021-12-16,1776,5221.41,3665.15,0.38,2437.89,normal,649.0,0.13,628.21,569.76,9,1249.18,74,0,526.72,2279.8,Salary,803.89,Transportation,Positive,78.8,High,1556.26,0,2021-12-01,0.701946409111715,0.1437103529187073,0.6220209268379193,0.10911995035823657,0.34082643275172914,3
2022-01-15,1597,4048.72,3784.15,0.22,2530.6,normal,603.0,0.59,339.36,253.85,7,0.0,87,0,270.61,2067.6,Freelance,1306.2,Healthcare,Negative,51.7,Medium,264.57,0,2022-01-01,0.9346534213282223,0.07151143585745809,0.5463842606661997,0.06269882827165128,0.0,2
2022-02-14,1473,4040.51,2627.91,0.23,3206.36,normal,726.0,0.47,416.88,301.03,6,746.66,32,0,261.78,1761.81,Salary,2360.49,Investments,Neutral,75.1,High,1412.6,0,2022-02-01,0.6503906685047184,0.09961528362843476,0.6704225030537576,0.07450297115958134,0.28412692976547904,3
2022-03-16,1831,3964.65,2923.91,0.29,3017.87,recession,820.0,0.53,411.63,179.44,7,1573.37,96,0,556.89,1576.52,Mixed,1707.71,Rent,Positive,80.6,Medium,1040.74,0,2022-03-01,0.7374951130616826,0.1904607186951719,0.5391821225687521,0.04525998511848461,0.538104798027299,2
2022-04-15,1899,5559.93,4185.59,0.24,2952.09,normal,644.0,0.53,564.79,646.17,8,1212.1,83,0,875.29,3885.25,Salary,912.66,Transportation,Positive,89.7,High,1374.34,0,2022-04-01,0.752813434701516,0.20911986123820056,0.9282442857518295,0.1162190890892511,0.2895888034900695,3
2022-05-15,1570,3394.48,2227.33,0.38,3560.53,normal,661.0,0.47,446.25,196.18,8,911.22,51,0,333.02,2103.58,Salary,755.62,Investments,Neutral,48.8,High,1167.15,0,2022-05-01,0.6561623577101647,0.14951533899332384,0.9444402041906678,0.0577938299827956,0.4091086637364019,3
2022-06-14,1826,2052.7,1888.35,0.25,1898.91,normal,656.0,0.27,70.73,770.67,6,33.74,90,0,519.04,1908.68,Salary,965.66,Education,Positive,15.1,Medium,164.35,0,2022-06-01,0.9199347201247138,0.2748642995207456,1.010766012656552,0.37544210064792716,0.017867450419678556,2
2022-07-14,1484,3812.68,2777.01,0.37,1808.35,normal,708.0,0.25,419.17,531.29,1,984.48,33,0,711.01,2347.32,Mixed,1152.65,Groceries,Neutral,23.7,Medium,1035.67,0,2022-07-01,0.7283616773503153,0.25603436789928735,0.8452688323052492,0.13934817503698185,0.35451078678146636,2
2022-08-13,1154,2949.03,2416.23,0.17,1932.28,normal,664.0,0.46,656.97,351.19,8,1023.27,49,0,628.23,2801.16,Salary,1641.57,Groceries,Negative,70.6,Medium,532.8,0,2022-08-01,0.8193304239020965,0.26000422145242796,1.1593101650091258,0.11908661492083837,0.42349859077985125,2
2022-09-12,1338,4814.9,4007.09,0.25,2679.18,normal,554.0,0.41,337.23,358.33,3,579.73,32,0,486.58,2061.25,Salary,359.29,Investments,Positive,52.7,High,807.81,0,2022-09-01,0.8322270452138155,0.12142976574022545,0.5144007247154418,0.07442106793495193,0.14467606168067101,3
2022-10-12,1027,3291.11,3327.54,0.15,2957.58,normal,674.0,0.55,368.21,786.48,9,1434.91,66,0,442.54,2909.5,Salary,1015.46,Rent,Positive,27.5,High,0.0,0,2022-10-01,1.0110692137303219,0.13299314208093668,0.8743696544594506,0.238971046242757,0.4312224646435505,3
2022-11-11,1864,5261.41,2880.23,0.06,3180.42,recession,571.0,0.15,0.0,366.4,3,902.25,75,0,509.47,1672.65,Salary,1666.5,Education,Neutral,70.9,Low,2381.18,0,2022-11-01,0.5474255000085528,0.1768851793085969,0.5807348718678716,0.06963912715412789,0.3132562330091694,1
2022-12-11,1389,4529.38,4001.78,0.25,3568.74,recession,657.0,0.44,491.76,294.75,4,364.74,41,0,439.57,1458.89,Salary,1070.32,Transportation,Positive,42.7,Low,527.6,0,2022-12-01,0.8835160662165683,0.10984361958928276,0.3645602706795476,0.06507513169572877,0.09114444072387787,1
2023-01-10,1583,5606.25,3395.15,0.35,2878.46,recession,666.0,0.11,571.38,601.51,9,570.19,54,0,884.29,1612.32,Salary,690.7,Investments,Negative,83.2,Low,2211.1,0,2023-01-01,0.6056008918617615,0.2604568281224688,0.47488918015404324,0.10729275362318841,0.16794250622211096,1
2023-02-09,1039,4274.42,2488.32,0.14,3345.62,normal,545.0,0.58,373.1,320.55,7,1143.49,92,0,888.8,2699.16,Salary,645.61,Education,Positive,0.3,High,1786.1,0,2023-02-01,0.5821421385825446,0.3571887860082304,1.0847318672839505,0.0749926305791195,0.45954298482510286,3
2023-03-11,1782,2718.7,3333.79,0.21,3635.04,normal,708.0,0.38,867.41,606.57,4,819.28,23,0,121.73,3399.29,Freelance,1578.59,Groceries,Neutral,19.8,High,0.0,0,2023-03-01,1.226244160812153,0.036513997582331224,1.0196473083187603,0.22311031007466808,0.24575033220448797,3
2023-04-10,1262,3264.93,3252.85,0.16,1862.55,inflation,600.0,0.45,695.42,383.75,8,1171.39,36,0,217.68,2895.48,Salary,449.42,Insurance,Positive,73.8,Medium,12.08,0,2023-04-01,0.9963000738147526,0.066919778040795,0.8901363419770355,0.11753697629045647,0.36011190187066733,2
2023-05-10,1848,4257.1,3707.37,0.19,3599.7,recession,781.0,0.15,238.54,463.41,5,1457.34,83,0,341.25,1663.98,Salary,1253.04,Investments,Positive,6.8,Medium,549.73,0,2023-05-01,0.8708674919546169,0.092046383285186,0.44883030288317594,0.10885579385027366,0.39309267755848487,2
2023-06-09,1516,3319.65,3477.78,0.24,2981.45,normal,743.0,0.32,374.91,94.32,4,0.0,88,0,491.15,1967.68,Salary,1414.09,Healthcare,Negative,33.8,Low,0.0,0,2023-06-01,1.0476345397858209,0.14122514937690134,0.5657862199449074,0.02841263386200352,0.0,1
2023-07-09,1232,4921.25,2742.33,0.31,2781.88,inflation,598.0,0.19,84.26,488.71,1,1688.49,33,0,770.71,2036.08,Freelance,1462.89,Healthcare,Positive,15.6,Low,2178.92,0,2023-07-01,0.5572425704851409,0.2810420335991657,0.7424635255421485,0.09930607061214122,0.615713644966142,1
2023-08-08,1197,4446.87,2686.4,0.34,3118.84,inflation,786.0,0.2,490.29,784.74,3,1199.88,33,0,435.65,2935.56,Salary,1210.08,Entertainment,Neutral,74.1,Low,1760.47,0,2023-08-01,0.604110306800064,0.16216870160810004,1.092748659916617,0.17647019139304726,0.4466497915425849,1
2023-09-07,1422,2833.25,3489.9,0.31,3128.3,inflation,690.0,0.48,408.9,679.71,7,1639.78,83,0,395.02,1815.19,Freelance,1125.18,Utilities,Positive,90.8,Low,0.0,0,2023-09-01,1.2317656401658872,0.11318948967019112,0.5201266511934439,0.23990470307950235,0.46986446603054527,1
2023-10-07,1552,3620.95,1901.57,0.1,1999.31,recession,667.0,0.19,282.26,524.59,4,813.78,89,0,587.22,2528.4,Freelance,1966.71,Insurance,Neutral,60.4,Low,1719.38,0,2023-10-01,0.5251577624656513,0.3088079849808317,1.3296381411149736,0.14487634460569743,0.4279516399606641,1
2023-11-06,1865,3535.77,3728.75,0.38,3244.4,inflation,692.0,0.2,568.17,727.25,4,784.2,82,0,223.32,2538.45,Salary,1466.76,Groceries,Positive,34.9,Low,0.0,0,2023-11-01,1.054579341982086,0.059891384512236,0.6807777405296681,0.2056836276115245,0.2103117666778411,1
2019-01-01,1173,6160.82,2177.59,0.38,2551.22,inflation,654.0,0.41,519.04,283.93,3,1178.22,92,0,522.14,1888.79,Salary,1668.33,Groceries,Positive,47.5,High,3983.23,1,2019-01-01,0.35345781892670136,0.23977883807328282,0.8673763196928714,0.046086397589931216,0.5410660408984244,3
2019-01-31,1020,4298.5,3221.17,0.38,2354.88,inflation,673.0,0.23,414.92,534.78,3,1888.48,66,0,779.58,2321.76,Salary,1846.04,Insurance,Positive,58.8,High,1077.33,0,2019-01-01,0.7493707107130394,0.2420176519711782,0.72078157936402,0.12441084099104338,0.5862714479521416,3
2019-03-02,1047,3702.54,1112.14,0.31,2001.96,normal,774.0,0.23,292.23,468.97,1,439.36,55,0,721.98,3233.37,Salary,1775.24,Investments,Positive,44.3,Low,2590.4,1,2019-03-01,0.30037217693799395,0.6491808585250058,2.9073408024169614,0.12666169710523048,0.3950581761289046,1
2019-04-01,1789,3975.15,2748.29,0.11,3153.14,inflation,687.0,0.12,576.52,393.72,9,1456.48,92,0,686.99,1533.61,Salary,1403.79,Insurance,Positive,77.3,Medium,1226.86,0,2019-04-01,0.6913676213476221,0.2499699813338476,0.5580233527029534,0.09904531904456436,0.5299586288201027,2
2019-05-01,1846,3529.85,4021.32,0.24,2424.83,inflation,660.0,0.33,455.82,25.1,8,1723.19,73,0,583.51,2979.87,Freelance,1294.76,Utilities,Positive,37.0,Low,0.0,0,2019-05-01,1.139232545292293,0.14510409517272935,0.7410178747277013,0.007110783744351743,0.42851352292282135,1
2019-05-31,1042,3641.88,3267.77,0.05,2862.18,inflation,688.0,0.33,379.18,354.98,4,809.5,85,0,350.23,1851.59,Salary,701.31,Education,Neutral,98.9,Medium,374.11,0,2019-05-01,0.897275582940679,0.1071770657053587,0.5666218858732408,0.09747163552890266,0.24772245292661357,2
2019-06-30,1394,2544.3,4214.66,0.16,3077.87,recession,744.0,0.33,508.4,673.79,1,1584.47,68,0,416.13,2600.53,Salary,1034.32,Education,Positive,32.6,High,0.0,0,2019-06-01,1.6565106316079077,0.09873394295150736,0.6170201155016064,0.2648233305820854,0.3759425434080092,3
2019-07-30,1406,4907.74,4052.07,0.16,3173.14,normal,601.0,0.53,527.73,490.53,6,0.0,80,0,306.43,3244.13,Mixed,937.35,Entertainment,Positive,12.8,Low,855.67,0,2019-07-01,0.8256488730046825,0.07562307660035487,0.8006105521375494,0.09995028261480844,0.0,1
2019-08-29,1404,2405.42,4386.39,0.32,4144.82,recession,770.0,0.42,322.36,102.27,3,1025.73,25,0,339.88,2002.05,Salary,1430.42,Rent,Neutral,6.2,Medium,0.0,0,2019-08-01,1.82354432905688,0.07748513014118671,0.45642316346699674,0.04251648360785226,0.23384377586124352,2
2019-09-28,1886,5234.17,3556.83,0.15,3054.28,normal,665.0,0.39,419.42,206.82,5,2140.65,66,0,686.73,1188.17,Salary,817.47,Insurance,Positive,20.5,Low,1677.34,0,2019-09-01,0.679540404686894,0.19307360767874765,0.334053075350804,0.03951342810799038,0.6018420897259639,1
2019-10-28,1466,4775.91,4227.82,0.16,3301.0,normal,601.0,0.15,456.07,299.99,5,435.04,56,0,120.68,2814.52,Freelance,1328.93,Healthcare,Positive,31.4,Low,548.09,0,2019-10-01,0.8852386246809508,0.0285442615816189,0.6657142451665398,0.06281316021449315,0.10289936657662815,1
2019-11-27,1650,3256.31,4113.42,0.31,2881.28,inflation,665.0,0.58,137.77,334.65,9,1370.47,37,0,341.89,2869.74,Mixed,1251.95,Transportation,Negative,2.9,High,0.0,0,2019-11-01,1.2632151115833568,0.08311575282854655,0.6976530478288139,0.1027696994450774,0.3331704518381298,3
2019-12-27,1978,3409.21,2482.21,0.13,3487.54,normal,654.0,0.11,491.2,705.43,2,1561.27,57,0,310.48,1795.41,Freelance,1166.45,Education,Positive,24.3,Medium,927.0,0,2019-12-01,0.7280894987401774,0.12508208411053054,0.7233110816570717,0.20691890496625318,0.628983849069982,2
2020-01-26,1318,3417.45,2612.92,0.4,3335.81,normal,643.0,0.19,612.08,220.03,7,674.17,52,0,1073.03,1534.53,Salary,1811.29,Entertainment,Positive,24.3,Medium,804.53,0,2020-01-01,0.7645817788116871,0.4106631661130076,0.5872854890314284,0.0643842631201627,0.2580140226260276,2
2020-02-25,1570,2004.74,3413.53,0.05,2787.08,normal,738.0,0.38,729.66,287.77,2,622.79,58,0,350.94,2271.55,Salary,1133.48,Utilities,Neutral,47.3,High,0.0,0,2020-02-01,1.702729531011503,0.1028085295866742,0.6654548224272234,0.14354479882678053,0.18244749570093127,3
2020-03-26,1345,4233.57,2846.38,0.38,3135.34,normal,615.0,0.32,426.01,955.54,4,816.89,88,0,650.56,2943.68,Salary,1095.21,Utilities,Negative,19.4,Medium,1387.19,0,2020-03-01,0.6723356410783334,0.2285569741215157,1.0341837702625791,0.22570549205516857,0.2869926011284509,2
2020-04-25,1818,4226.7,2268.11,0.22,2727.01,inflation,605.0,0.2,562.99,224.12,9,1790.08,54,0,556.18,3032.39,Mixed,1397.43,Utilities,Negative,38.0,Low,1958.59,0,2020-04-01,0.5366148531951641,0.24521738363659606,1.3369677837494653,0.05302481841625855,0.7892386171746519,1
2020-05-25,1459,6190.28,3125.66,0.22,2272.3,normal,677.0,0.22,459.49,653.92,1,1830.59,98,0,490.83,2738.41,Freelance,971.23,Healthcare,Positive,41.5,Low,3064.62,1,2020-05-01,0.5049303100990585,0.15703243474978085,0.876106166377661,0.10563657863618446,0.5856651075292898,1
2020-06-24,1449,2401.46,2888.16,0.35,2382.64,normal,745.0,0.23,684.14,105.03,9,1731.16,52,1,513.74,1439.96,Salary,1580.41,Education,Positive,76.1,Low,0.0,0,2020-06-01,1.2026683767374846,0.17787795689989475,0.4985734862334497,0.04373589399781799,0.5993989252672983,1
2020-07-24,1581,5302.86,3549.05,0.32,3035.51,normal,650.0,0.22,774.29,45.19,9,954.31,90,0,91.94,2842.66,Salary,2227.2,Utilities,Positive,50.3,Low,1753.81,0,2020-07-01,0.6692709217290294,0.025905524013468392,0.8009636381566897,0.00852181652919368,0.2688916752370352,1
2020-08-23,1544,1850.88,1967.28,0.37,2701.57,inflation,677.0,0.48,267.7,424.46,8,1471.79,34,0,210.36,2398.98,Freelance,978.4,Utilities,Positive,7.6,Low,0.0,0,2020-08-01,1.0628890041493775,0.10692936440161036,1.2194400390386728,0.2293287517289073,0.7481344800943435,1
2020-09-22,1727,1358.55,2365.86,0.34,3088.37,recession,746.0,0.2,637.49,305.35,7,156.09,28,0,469.6,1509.22,Salary,1164.47,Utilities,Neutral,58.6,Low,0.0,0,2020-09-01,1.7414596444738877,0.19849018961392476,0.6379160220807656,0.22476169445364547,0.06597600872410032,1
2020-10-22,1312,4395.93,3657.93,0.35,2922.25,inflation,722.0,0.52,812.37,256.77,7,436.64,46,0,485.31,2115.45,Mixed,1046.93,Insurance,Neutral,78.2,Low,738.0,0,2020-10-01,0.8321174359009356,0.13267339724926394,0.5783188852711779,0.058410848216418364,0.11936805789066494,1
2020-11-21,1158,5389.36,4085.6,0.33,3435.46,normal,596.0,0.17,517.32,726.77,8,0.0,67,0,532.95,2162.79,Freelance,1635.44,Transportation,Neutral,71.4,Low,1303.76,0,2020-11-01,0.758086303382962,0.13044595653025262,0.5293690033287645,0.1348527468938798,0.0,1
2020-12-21,1452,2678.07,3800.43,0.2,2237.88,normal,676.0,0.27,577.38,286.67,3,1306.62,64,0,820.85,3015.31,Salary,1304.11,Insurance,Positive,81.0,Medium,0.0,0,2020-12-01,1.4190928541823027,0.21598871706622674,0.7934128506511106,0.10704350521084213,0.3438084637790987,2
2021-01-20,1736,5284.93,4356.18,0.12,2687.59,normal,637.0,0.27,571.41,146.92,6,1608.74,96,0,399.8,2329.55,Freelance,1068.35,Investments,Positive,8.2,High,928.75,0,2021-01-01,0.8242644651868615,0.09177765840713653,0.5347689948532889,0.02779980056500275,0.36930062577763084,3
2021-02-19,1674,3998.83,3546.31,0.14,1175.57,recession,647.0,0.21,600.0,570.29,8,1024.21,27,0,642.78,1633.35,Mixed,989.1,Groceries,Positive,32.2,Medium,452.52,0,2021-02-01,0.8868368997931895,0.18125318993545403,0.4605773324949031,0.1426142146577874,0.2888100589062998,2
2021-03-21,1245,4066.0,3376.66,0.14,2711.57,normal,665.0,0.4,394.57,104.21,8,1177.74,51,0,338.2,2584.37,Salary,627.25,Dining Out,Neutral,33.1,High,689.34,0,2021-03-01,0.8304623708804721,0.10015814443858724,0.7653628141417851,0.025629611411706835,0.34878844775606666,3
2021-04-20,1863,2318.45,3228.69,0.21,2082.23,normal,653.0,0.17,256.51,624.72,5,855.91,32,0,702.33,2617.33,Freelance,1204.39,Dining Out,Positive,12.5,Medium,0.0,0,2021-04-01,1.3926071297634197,0.2175278518532284,0.8106476620548891,0.2694558864758783,0.2650951314619861,2
2021-05-20,1840,4637.24,2556.45,0.33,3080.45,normal,620.0,0.17,560.37,385.03,4,835.79,31,0,522.51,1738.23,Salary,946.59,Entertainment,Negative,75.4,Low,2080.79,0,2021-05-01,0.5512869724232518,0.2043888986680749,0.6799389778794813,0.0830299919779869,0.3269338340276555,1
2021-06-19,1580,3826.08,3000.03,0.37,3665.75,normal,724.0,0.53,435.31,433.2,1,1791.71,63,0,482.85,1147.55,Mixed,1521.49,Dining Out,Neutral,1.2,Low,826.05,0,2021-06-01,0.784100175636683,0.16094839051609483,0.38251284153825127,0.11322293313260569,0.5972306943597231,1
2021-07-19,1272,2261.97,3107.77,0.28,3460.36,normal,638.0,0.4,495.46,660.24,1,1746.74,73,0,878.43,2814.66,Salary,928.46,Education,Positive,23.6,Low,0.0,0,2021-07-01,1.3739218468856793,0.2826560524105709,0.9056847836229837,0.2918871603071659,0.5620557505864333,1
2021-08-18,1024,3257.44,3272.5,0.23,3237.4,recession,710.0,0.24,436.38,357.13,5,970.36,74,0,289.98,1790.8,Salary,1406.68,Insurance,Positive,95.2,Medium,0.0,0,2021-08-01,1.004623262439216,0.08861115355233003,0.5472268907563025,0.10963517363328257,0.2965194805194805,2
2021-09-17,1043,3802.14,3100.35,0.19,2908.44,recession,708.0,0.11,738.5,429.62,3,1209.07,42,0,348.63,1936.03,Salary,1297.28,Dining Out,Positive,69.2,High,701.79,0,2021-09-01,0.8154223674036201,0.11244859451352267,0.6244553034334833,0.11299426112662869,0.38997855080877963,3
2021-10-17,1890,3937.79,4417.86,0.35,2723.54,normal,547.0,0.53,313.01,551.84,6,1468.52,75,0,580.09,2247.93,Salary,1660.24,Insurance,Positive,62.1,Low,0.0,0,2021-10-01,1.1219135606520407,0.1313056547740309,0.5088278035066752,0.14013951988298007,0.3324052821954521,1
2021-11-16,1042,3741.08,3457.88,0.31,3756.28,normal,631.0,0.53,304.41,689.79,7,1674.05,57,0,721.31,2571.93,Salary,769.94,Groceries,Positive,14.6,Low,283.2,0,2021-11-01,0.9242999347781924,0.20859891031499067,0.7437881013800363,0.18438258470815913,0.4841261119529885,1
2021-12-16,1963,3897.4,3103.26,0.28,2516.28,inflation,689.0,0.54,731.69,174.12,9,1325.74,33,0,202.25,3092.51,Salary,1382.64,Groceries,Positive,18.6,Low,794.14,0,2021-12-01,0.7962385179863499,0.06517339829727448,0.996535900955769,0.044675937804690306,0.42720880622313306,1
2022-01-15,1968,3464.86,3484.6,0.19,3205.74,normal,667.0,0.23,236.69,332.75,3,1285.67,48,0,477.9,2175.25,Salary,1112.12,Utilities,Negative,73.2,High,0.0,0,2022-01-01,1.005697199886864,0.13714630086667048,0.6242466854158296,0.09603562625906963,0.3689576995924927,3
2022-02-14,1899,2432.9,3479.84,0.34,2906.75,normal,655.0,0.28,281.38,215.94,6,1921.07,65,0,245.92,2505.32,Salary,1213.33,Dining Out,Positive,22.6,Low,0.0,0,2022-02-01,1.4303259484565745,0.07066991585820037,0.7199526415007587,0.08875827202104485,0.5520569911260288,1
2022-03-16,1076,2408.45,3925.75,0.22,2359.19,inflation,631.0,0.13,529.17,596.36,9,1366.44,52,0,646.61,2148.69,Salary,1968.44,Transportation,Positive,14.0,Low,0.0,0,2022-03-01,1.6299902426872055,0.16470992803922818,0.5473323568744826,0.24761153438933756,0.3480710692224416,1
2022-04-15,1802,3230.35,3510.42,0.39,2900.92,inflation,730.0,0.23,187.8,457.65,3,1363.95,99,0,619.8,3747.03,Salary,1518.64,Investments,Positive,0.5,High,0.0,0,2022-04-01,1.0866995836364481,0.17656006973524535,1.0674021911907978,0.14167195505131022,0.38854325123489497,3
2022-05-15,1835,2929.09,4223.08,0.19,2222.45,normal,695.0,0.57,408.24,478.22,5,735.06,82,0,499.56,1763.02,Freelance,420.21,Insurance,Positive,35.4,Low,0.0,0,2022-05-01,1.4417720179304834,0.1182928099870237,0.4174725555755515,0.16326572416689142,0.17405779667920096,1
2022-06-14,1616,5506.03,3462.52,0.19,3493.09,normal,628.0,0.48,467.15,715.88,1,624.59,99,0,581.59,2217.91,Salary,1586.78,Insurance,Negative,14.0,Low,2043.51,0,2022-06-01,0.6288596320761056,0.16796726083892657,0.6405479246329263,0.13001745359178937,0.1803859616695355,1
2022-07-14,1594,3039.13,3242.61,0.14,2722.67,normal,694.0,0.38,684.11,469.24,6,1124.47,20,0,978.5,1148.41,Salary,1801.38,Groceries,Positive,61.0,Low,0.0,0,2022-07-01,1.0669533715240875,0.30176308590919043,0.35416223350942605,0.15439944984255363,0.3467792919900944,1
2022-08-13,1812,4447.19,3332.54,0.27,3204.24,inflation,700.0,0.56,454.22,114.05,1,479.52,79,0,444.38,2825.77,Salary,834.39,Insurance,Negative,78.7,Medium,1114.65,0,2022-08-01,0.7493585837348978,0.13334573628523588,0.847932808008306,0.025645407549486306,0.1438902458785191,2
2022-09-12,1404,3436.35,3471.92,0.14,2674.16,normal,668.0,0.25,355.3,363.18,7,687.46,77,0,507.33,3301.4,Salary,1472.01,Insurance,Negative,97.2,Low,0.0,0,2022-09-01,1.010351099276849,0.14612375861194957,0.9508859651144036,0.10568772098301978,0.1980057144173829,1
2022-10-12,1654,4709.47,3255.54,0.22,2715.4,normal,736.0,0.42,529.29,309.68,9,933.11,53,0,151.66,1870.61,Mixed,829.45,Groceries,Positive,9.8,Low,1453.93,0,2022-10-01,0.6912752390396371,0.046585205526579306,0.5745928478839147,0.06575686860729552,0.286622188638444,1
2022-11-11,1449,5146.83,3076.56,0.27,2449.43,recession,624.0,0.29,701.73,574.23,3,1481.68,75,0,465.31,1259.02,Salary,1549.63,Transportation,Negative,49.2,Low,2070.27,0,2022-11-01,0.5977582317659608,0.15124359674441584,0.4092297891151156,0.11156964578196676,0.48160282913383784,1
2022-12-11,1258,5989.19,2687.49,0.3,3194.39,normal,611.0,0.12,223.1,504.72,2,457.28,44,0,660.01,1630.53,Salary,717.67,Insurance,Positive,39.7,Medium,3301.7,1,2022-12-01,0.4487234500825654,0.24558603008755384,0.6067110947389572,0.08427182974659346,0.17015133079564948,2
2023-01-10,1425,3570.91,3990.86,0.28,2738.91,inflation,659.0,0.44,455.32,632.74,8,975.57,59,0,453.96,3183.33,Salary,841.4,Dining Out,Negative,4.2,Low,0.0,0,2023-01-01,1.1176030759666304,0.11374991856391854,0.7976551419994687,0.1771929284132056,0.2444510706965416,1
2023-02-09,1153,4090.67,2894.02,0.34,2781.05,recession,706.0,0.49,469.22,362.57,5,1927.09,26,0,310.06,2675.79,Salary,1659.98,Insurance,Positive,17.2,High,1196.65,0,2023-02-01,0.7074684587121425,0.10713816766988479,0.9245927809759434,0.08863340235218191,0.6658868978099667,3
2023-03-11,1495,4902.38,2061.59,0.33,2456.22,normal,670.0,0.18,764.97,778.64,3,144.86,20,0,284.91,3094.83,Freelance,1657.5,Entertainment,Neutral,27.2,Medium,2840.79,1,2023-03-01,0.4205283964115389,0.13819915696137447,1.501185977813241,0.15882897694589157,0.07026615379391635,2
2023-04-10,1597,4488.76,4040.96,0.27,2510.6,normal,734.0,0.5,649.05,498.5,8,571.17,66,1,492.93,2350.71,Salary,1135.49,Insurance,Positive,39.4,Medium,447.8,0,2023-04-01,0.9002397098530551,0.12198339008552424,0.5817206802343997,0.11105516891079051,0.1413451259106747,2
2023-05-10,1668,3391.57,3461.23,0.36,1957.95,recession,673.0,0.26,792.47,404.69,7,1406.8,26,1,244.88,1518.37,Mixed,1596.55,Education,Negative,21.4,Low,0.0,0,2023-05-01,1.0205391603298766,0.07074941567015194,0.4386793134232628,0.11932231975161944,0.4064451076640385,1
2023-06-09,1868,5455.2,2106.54,0.34,2359.56,recession,682.0,0.2,820.72,372.95,1,1072.89,25,0,917.6,2009.81,Salary,1433.9,Transportation,Neutral,80.5,Medium,3348.66,1,2023-06-01,0.3861526616805983,0.4355958111405433,0.9540810998129634,0.06836596275113653,0.5093138511492781,2
2023-07-09,1665,3671.09,2923.05,0.08,2535.11,normal,682.0,0.38,831.75,696.62,6,1679.63,22,0,571.75,2932.55,Salary,1680.64,Education,Positive,9.4,Low,748.04,0,2023-07-01,0.7962349057092035,0.1956004857939481,1.0032500299344862,0.18975835514792608,0.5746155556695917,1
2023-08-08,1511,4197.88,4018.05,0.19,3251.07,normal,755.0,0.24,644.13,328.59,5,927.69,87,0,752.76,1726.36,Salary,866.47,Education,Neutral,26.5,Low,179.83,0,2023-08-01,0.9571617101965755,0.18734460745884196,0.42965119896467185,0.07827522463719781,0.23088065106208236,1
2023-09-07,1741,5114.97,2758.99,0.21,2332.99,normal,669.0,0.42,373.82,662.39,2,700.11,94,0,720.78,1994.66,Salary,1284.1,Transportation,Positive,66.7,High,2355.98,1,2023-09-01,0.5393951479676322,0.2612477754540611,0.7229674627309269,0.12950027077382661,0.2537559034284285,3
2023-10-07,1837,2693.57,3726.2,0.2,2782.88,recession,789.0,0.35,614.37,682.18,6,880.4,46,0,573.96,1762.68,Salary,740.56,Entertainment,Positive,66.2,High,0.0,0,2023-10-01,1.3833685406356617,0.15403359991412163,0.473050292523214,0.2532623989723675,0.23627287853577372,3
2023-11-06,1784,4705.75,3407.7,0.14,3156.19,inflation,515.0,0.24,598.24,191.9,2,1033.55,26,0,213.2,1526.11,Salary,879.13,Rent,Neutral,36.6,High,1298.05,0,2023-11-01,0.7241566169048504,0.06256419285735247,0.4478416527276462,0.04077989693460129,0.30329841241893357,3
2019-01-01,1310,2957.68,3047.28,0.23,3158.17,normal,712.0,0.33,454.62,222.19,2,729.34,38,0,680.62,3148.5,Freelance,1761.49,Transportation,Negative,27.7,Medium,0.0,0,2019-01-01,1.0302940142273675,0.22335328555301776,1.0332165078364968,0.07512306943279869,0.2393413142212071,2
2019-01-31,1611,4443.78,3417.91,0.27,2814.65,inflation,625.0,0.38,934.69,624.31,4,1552.85,77,0,729.66,2436.83,Salary,1250.63,Rent,Negative,27.1,Low,1025.87,0,2019-01-01,0.7691447371382022,0.21348133801065564,0.7129590890339418,0.14049075336762845,0.4543273520952863,1
2019-03-02,1601,4779.42,2656.18,0.24,2527.14,normal,675.0,0.32,290.78,617.21,3,1611.5,42,0,274.69,1000.0,Salary,589.4,Healthcare,Neutral,80.7,Low,2123.24,0,2019-03-01,0.555753627009135,0.10341543118312765,0.3764805096040178,0.12913910056031905,0.6066983412268747,1
2019-04-01,1023,3229.96,3132.34,0.12,2598.28,recession,619.0,0.2,446.65,163.61,7,1339.18,41,0,701.24,2553.28,Salary,947.93,Investments,Negative,26.1,Low,97.62,0,2019-04-01,0.9697767155011208,0.22387097186129218,0.81513501088643,0.050653878066601446,0.42753340952770136,1
2019-05-01,1408,4747.29,5042.29,0.14,2273.57,inflation,611.0,0.53,153.6,309.83,7,1025.65,52,0,351.01,1000.0,Salary,1352.91,Rent,Positive,69.9,Medium,0.0,0,2019-05-01,1.0621407160716956,0.06961321145749252,0.19832258755446433,0.06526460359489308,0.20340956192523638,2
2019-05-31,1524,4396.98,2730.88,0.07,2800.15,inflation,641.0,0.6,491.36,0.0,6,1504.6,82,0,348.39,3055.35,Salary,1096.73,Education,Positive,71.9,High,1666.1,0,2019-05-01,0.6210808327533899,0.1275742617764237,1.118815180454652,0.0,0.5509579329739863,3
2019-06-30,1232,2786.48,2067.02,0.06,2778.54,normal,624.0,0.32,479.45,517.59,1,1295.81,21,0,519.19,2192.86,Salary,1276.32,Rent,Positive,81.7,Medium,719.46,0,2019-06-01,0.7418032786885246,0.25117802440227965,1.0608799140792058,0.185750480893457,0.6268976594324196,2
2019-07-30,1226,5357.38,3129.44,0.21,2622.25,normal,685.0,0.35,691.03,378.35,5,1546.13,89,0,158.51,1000.0,Freelance,1285.23,Entertainment,Positive,14.8,High,2227.94,0,2019-07-01,0.5841362755675349,0.05065123472570172,0.3195459890587453,0.07062220712363133,0.494059640063398,3
2019-08-29,1289,4172.06,2504.38,0.1,3495.42,normal,645.0,0.47,394.86,373.81,9,1349.96,68,0,731.41,1702.44,Salary,999.5,Groceries,Neutral,95.5,Medium,1667.68,0,2019-08-01,0.6002742050689587,0.2920523243277777,0.6797850166508277,0.08959842380023297,0.5390396026162164,2
2019-09-28,1442,2153.93,2102.76,0.23,3403.05,normal,711.0,0.43,639.59,727.82,9,1049.85,74,0,271.3,2687.07,Freelance,1178.43,Dining Out,Negative,35.4,High,51.17,0,2019-09-01,0.9762434248095344,0.12902090585706405,1.2778776465217143,0.3379032744796721,0.4992723848656051,3
2019-10-28,1294,2911.8,3514.78,0.17,2727.75,inflation,667.0,0.37,245.39,327.63,2,1639.53,71,0,699.62,1817.3,Salary,1324.8,Entertainment,Negative,88.5,Low,0.0,0,2019-10-01,1.207081530324885,0.199050865203512,0.5170451635664252,0.11251803008448381,0.4664673180113691,1
2019-11-27,1892,4372.83,4567.62,0.24,2492.97,normal,722.0,0.32,467.93,190.73,1,1349.67,64,0,861.98,2183.74,Freelance,1585.41,Rent,Positive,99.3,Low,0.0,0,2019-11-01,1.0445455231509113,0.18871534847469798,0.4780914349267233,0.04361706263449528,0.2954864896817161,1
2019-12-27,1350,5147.14,4477.98,0.38,3459.09,normal,584.0,0.58,229.5,685.28,7,783.34,90,0,561.94,2149.51,Salary,1778.79,Healthcare,Positive,59.1,High,669.16,0,2019-12-01,0.8699938218117245,0.12548961808672662,0.4800177758721567,0.1331380145090283,0.1749315539595979,3
2020-01-26,1168,4074.14,2901.58,0.34,3393.59,recession,588.0,0.51,369.34,201.66,9,477.53,55,0,271.68,3001.95,Salary,1006.58,Investments,Neutral,76.9,Low,1172.56,0,2020-01-01,0.712194475398489,0.09363174546281681,1.034591498424996,0.04949756267580398,0.16457585177730752,1
2020-02-25,1327,4822.96,3197.11,0.08,2918.12,normal,716.0,0.43,347.64,441.85,1,1258.67,75,0,753.5,1761.88,Salary,1638.63,Utilities,Positive,34.5,Low,1625.85,0,2020-02-01,0.6628937416026672,0.23568159994495028,0.5510851988201845,0.09161386368537164,0.3936899262146126,1
2020-03-26,1152,3925.88,2459.81,0.36,3537.37,recession,698.0,0.44,721.88,384.95,4,838.73,76,0,170.36,1062.95,Salary,1004.05,Groceries,Positive,36.3,Low,1466.07,0,2020-03-01,0.6265627069599682,0.06925738166768979,0.43212687158764296,0.09805444893883664,0.3409734898223847,1
2020-04-25,1215,4702.36,1359.84,0.24,2764.38,normal,672.0,0.21,582.83,374.05,1,965.94,63,0,534.94,2079.3,Salary,891.36,Dining Out,Positive,97.0,Medium,3342.52,1,2020-04-01,0.28918245306612,0.3933845158253913,1.529076950229439,0.07954516455566993,0.710333568655136,2
2020-05-25,1127,5677.78,3404.97,0.38,2677.7,inflation,663.0,0.3,300.58,168.99,9,977.87,68,0,843.47,2441.82,Salary,910.48,Healthcare,Positive,34.8,Low,2272.81,0,2020-05-01,0.5997009394516871,0.24771730734778868,0.7171340716658298,0.02976339343898496,0.2871890207549553,1
2020-06-24,1677,3253.54,2543.71,0.21,3246.55,normal,665.0,0.56,103.94,279.75,2,1960.84,27,0,188.63,1978.84,Mixed,1068.5,Investments,Negative,29.0,Low,709.83,0,2020-06-01,0.7818284084412671,0.074155465835335,0.7779345916004575,0.0859832674563706,0.7708583132511174,1
2020-07-24,1111,2817.23,3131.74,0.34,2647.89,normal,642.0,0.48,621.55,537.89,5,922.11,72,0,662.08,1537.95,Salary,796.0,Entertainment,Positive,37.0,Medium,0.0,0,2020-07-01,1.111638027424101,0.2114096317063358,0.49108482824244676,0.1909286781696915,0.29444015148128516,2
2020-08-23,1329,3091.95,2254.94,0.35,3522.89,normal,617.0,0.14,498.08,416.48,5,1099.45,68,0,415.27,1866.79,Mixed,641.13,Entertainment,Positive,85.6,Medium,837.01,0,2020-08-01,0.7292938113488252,0.1841601106903066,0.8278668168554374,0.13469816782289495,0.4875739487525167,2
2020-09-22,1800,5678.52,3312.82,0.07,2418.67,normal,662.0,0.12,519.34,488.97,2,906.1,60,0,114.34,1495.18,Freelance,1368.04,Rent,Positive,88.7,Low,2365.7,0,2020-09-01,0.5833949691116699,0.03451440162761635,0.45133149401416317,0.08610870438071892,0.2735132002342415,1
2020-10-22,1997,4838.62,3257.9,0.21,1898.3,inflation,692.0,0.6,300.2,397.25,4,630.59,35,0,365.11,2172.16,Salary,1234.96,Groceries,Positive,52.7,Low,1580.72,0,2020-10-01,0.6733118120455833,0.11206912428251328,0.6667362411369286,0.08209985491731113,0.19355719942294117,1
2020-11-21,1842,4287.44,2376.6,0.17,3017.47,normal,647.0,0.48,714.55,450.86,3,1228.69,74,0,535.82,2761.19,Salary,521.25,Rent,Negative,45.4,Medium,1910.84,0,2020-11-01,0.5543167951038382,0.22545653454514855,1.161823613565598,0.10515832291530612,0.5169948666161744,2
2020-12-21,1236,3933.04,3130.33,0.11,3209.52,normal,651.0,0.57,481.6,170.11,4,0.0,87,0,801.87,1000.0,Mixed,1082.0,Utilities,Negative,66.0,Low,802.71,0,2020-12-01,0.795905965868641,0.2561614909610169,0.3194551373177908,0.04325153062262271,0.0,1
2021-01-20,1632,3835.88,3787.06,0.21,2630.93,normal,744.0,0.35,887.31,1.16,4,188.05,58,0,509.11,3162.9,Salary,403.7,Groceries,Positive,15.2,Low,48.82,0,2021-01-01,0.9872728031116719,0.13443409927489927,0.8351861338346898,0.00030240779169317074,0.04965593362661273,1
2021-02-19,1324,4703.7,3265.06,0.28,2445.61,normal,597.0,0.48,347.59,551.11,9,990.29,26,0,330.48,2204.13,Salary,1103.08,Rent,Positive,42.4,Low,1438.64,0,2021-02-01,0.6941471607457959,0.10121712924111656,0.6750656955768042,0.11716521036630738,0.30329917367521575,1
2021-03-21,1464,4958.81,2126.0,0.22,3190.56,inflation,700.0,0.59,654.82,465.46,2,470.96,61,0,528.04,2718.4,Mixed,2217.06,Entertainment,Positive,95.2,Medium,2832.81,0,2021-03-01,0.42873189333731276,0.2483725305738476,1.2786453433678269,0.09386526202859152,0.22152398871119472,2
2021-04-20,1024,4071.25,3059.63,0.06,2289.2,normal,662.0,0.1,581.74,109.74,2,1060.16,67,0,291.0,2144.12,Salary,1464.41,Groceries,Negative,63.8,Low,1011.62,0,2021-04-01,0.751521031624194,0.09510953938874962,0.7007775449972709,0.026954866441510593,0.34649941332775536,1
2021-05-20,1661,4611.0,2383.53,0.25,2740.38,normal,706.0,0.18,329.77,379.26,8,806.13,25,0,0.0,2056.08,Salary,733.48,Education,Positive,20.9,Low,2227.47,0,2021-05-01,0.5169225764476253,0.0,0.8626197278825942,0.08225113858165257,0.33820845552604745,1
2021-06-19,1206,4865.31,4036.2,0.23,2249.48,normal,667.0,0.4,595.98,579.2,4,862.97,62,0,312.48,3217.77,Salary,1387.64,Healthcare,Positive,41.6,Low,829.11,0,2021-06-01,0.8295874260838465,0.07741935483870968,0.7972275903077152,0.11904688498780139,0.21380754174718797,1
2021-07-19,1438,2556.53,3164.98,0.39,3140.44,normal,668.0,0.45,552.75,240.68,6,1182.77,91,0,611.6,2076.98,Salary,719.57,Rent,Positive,92.5,Low,0.0,0,2021-07-01,1.2379983806174775,0.1932397677078528,0.6562379541102945,0.09414323321064098,0.3737053630670652,1
2021-08-18,1698,3898.94,1240.61,0.12,2221.74,recession,649.0,0.49,468.67,976.71,2,1244.12,97,0,218.27,1994.69,Mixed,946.26,Insurance,Positive,56.8,High,2658.33,1,2021-08-01,0.3181916110532606,0.17593764357856218,1.6078300191035058,0.25050654793354094,1.002829253351174,3
2021-09-17,1311,3043.73,2610.81,0.33,1881.46,normal,636.0,0.55,547.48,91.77,3,187.59,31,1,625.7,3281.68,Salary,1339.25,Insurance,Positive,2.9,High,432.92,0,2021-09-01,0.8577666218751334,0.23965742432425188,1.256958568413634,0.03015050612242216,0.07185126455008216,3
2021-10-17,1632,3108.58,2515.06,0.32,2660.53,normal,626.0,0.16,456.07,480.76,8,532.33,40,0,120.81,1453.54,Salary,1388.29,Dining Out,Positive,88.9,Low,593.52,0,2021-10-01,0.8090703794015274,0.048034639332660056,0.5779345224368405,0.15465582355931004,0.21165697836234526,1
2021-11-16,1189,3583.03,3549.43,0.16,2783.6,normal,670.0,0.12,495.4,542.4,1,459.06,85,1,495.67,2350.72,Salary,1343.24,Utilities,Positive,94.0,High,33.6,0,2021-11-01,0.9906224619944571,0.1396477744313876,0.6622809859611262,0.1513802563751908,0.12933344227101254,3
2021-12-16,1581,4380.18,3799.46,0.27,2344.43,normal,555.0,0.6,672.24,369.26,2,1903.88,62,0,623.74,1203.55,Mixed,1855.51,Groceries,Positive,15.4,Medium,580.72,0,2021-12-01,0.8674209735672963,0.16416543403536293,0.31676869870981667,0.0843024715879256,0.5010922604791207,2
2022-01-15,1427,4726.75,3067.28,0.19,3528.87,normal,639.0,0.51,483.23,288.54,3,1174.69,28,0,434.01,3379.51,Salary,733.32,Entertainment,Neutral,66.8,Medium,1659.47,0,2022-01-01,0.6489194478235575,0.14149670065986802,1.1017937716804465,0.06104405775638653,0.3829744920581101,2
2022-02-14,1912,4092.12,3388.07,0.1,2752.37,recession,687.0,0.27,501.72,265.89,4,1170.45,51,0,747.78,2016.51,Salary,1678.29,Insurance,Positive,5.3,Medium,704.05,0,2022-02-01,0.8279498157434289,0.22070972559598825,0.5951795565026696,0.06497610040761267,0.34546216577579564,2
2022-03-16,1810,4439.23,3228.16,0.37,2745.61,normal,698.0,0.57,407.05,183.54,7,702.06,24,0,508.62,1456.06,Salary,877.71,Groceries,Neutral,60.5,Low,1211.07,0,2022-03-01,0.7271891746992158,0.1575572462331483,0.4510495142743854,0.04134500803067199,0.21747992664551943,1
2022-04-15,1065,4274.63,2785.96,0.06,1701.97,recession,663.0,0.34,637.03,591.07,8,1628.39,51,0,500.99,1516.58,Salary,1208.5,Investments,Positive,53.1,Low,1488.67,0,2022-04-01,0.6517429578700379,0.17982670246521845,0.5443653175207109,0.13827395587454352,0.5844987006274318,1
2022-05-15,1023,5338.27,3416.73,0.09,2418.28,normal,674.0,0.33,571.06,358.08,8,248.03,57,0,661.57,2744.28,Salary,728.0,Dining Out,Negative,3.9,Low,1921.54,0,2022-05-01,0.6400444338708982,0.19362665472542462,0.8031890140573005,0.06707791100862263,0.07259280071881595,1
2022-06-14,1854,5505.05,1723.48,0.32,2494.64,normal,637.0,0.43,437.3,526.02,3,1681.61,81,0,369.58,1805.87,Salary,897.77,Rent,Positive,16.7,Medium,3781.57,1,2022-06-01,0.31307254248371946,0.2144382296284262,1.047804442175134,0.09555226564699684,0.9757061294590015,2
2022-07-14,1827,4090.24,3799.29,0.32,2928.88,normal,768.0,0.2,474.35,65.92,4,1684.55,94,0,403.24,1292.68,Freelance,1324.53,Healthcare,Positive,97.4,Low,290.95,0,2022-07-01,0.9288672547332186,0.10613562007638269,0.3402425189969705,0.016116413706775155,0.4433854746544749,1
2022-08-13,1369,4148.09,3089.74,0.24,2770.29,inflation,632.0,0.44,594.68,589.72,5,650.97,91,0,240.29,1659.95,Salary,1133.75,Utilities,Positive,64.5,Low,1058.35,0,2022-08-01,0.7448584770340083,0.07777029782441242,0.5372458524018203,0.14216663572873298,0.2106876306744257,1
2022-09-12,1198,3540.78,3251.17,0.17,2669.13,recession,727.0,0.15,672.33,494.59,4,1483.74,60,0,383.33,3120.46,Salary,1194.79,Utilities,Negative,46.2,Low,289.61,0,2022-09-01,0.9182072876597811,0.11790524641898147,0.9597960118972554,0.13968391145453826,0.45637109102261647,1
2022-10-12,1339,3344.13,3264.27,0.1,2244.59,inflation,610.0,0.22,277.99,0.0,6,1079.64,27,0,387.0,2750.07,Salary,1111.73,Healthcare,Neutral,85.5,Medium,79.86,0,2022-10-01,0.9761193494272052,0.11855636941797094,0.8424762657500758,0.0,0.3307446994274371,2
2022-11-11,1411,3879.76,1873.07,0.06,2399.13,inflation,744.0,0.15,210.98,233.22,3,572.47,43,0,577.82,1561.96,Mixed,1532.44,Dining Out,Positive,9.1,Medium,2006.69,0,2022-11-01,0.4827798626719178,0.3084882038578377,0.8339036982066874,0.06011196568859929,0.30563193046709414,2
2022-12-11,1851,2905.1,3345.67,0.36,2199.02,inflation,668.0,0.35,450.09,446.8,3,1171.39,33,0,337.25,2633.49,Freelance,1426.97,Transportation,Positive,78.5,Medium,0.0,0,2022-12-01,1.151653987814533,0.10080193204948486,0.7871338177405421,0.15379849230663317,0.3501212014334947,2
2023-01-10,1074,4349.98,2583.13,0.21,2382.33,recession,742.0,0.3,307.02,293.15,9,1993.79,53,0,644.55,2523.04,Freelance,443.65,Healthcare,Positive,73.2,Low,1766.85,0,2023-01-01,0.5938257187389369,0.24952286567071727,0.9767375238567164,0.06739111444190549,0.7718504295176781,1
2023-02-09,1893,4700.7,2729.88,0.15,1580.11,inflation,706.0,0.49,130.68,821.31,4,355.97,89,0,303.31,2025.05,Freelance,1666.02,Utilities,Negative,51.6,Low,1970.82,1,2023-02-01,0.5807390388665519,0.11110744794642988,0.7418091637727665,0.17472078626587528,0.1303976731577945,1
2023-03-11,1357,3687.5,4385.36,0.25,3160.27,recession,642.0,0.34,566.28,72.11,8,1370.12,79,0,386.97,2649.46,Salary,1568.05,Insurance,Positive,62.4,Low,0.0,0,2023-03-01,1.1892501694915254,0.08824133024426731,0.6041602057755806,0.019555254237288135,0.3124304504077202,1
2023-04-10,1394,4287.57,3232.52,0.13,2603.38,normal,724.0,0.41,449.86,271.65,1,526.75,56,0,292.89,1486.0,Freelance,657.98,Rent,Neutral,84.7,Low,1055.05,0,2023-04-01,0.7539282157492473,0.09060732802890624,0.45970326556370883,0.06335756617384672,0.16295336146412087,1
2023-05-10,1641,5164.49,2819.56,0.17,2912.26,normal,625.0,0.31,13.68,347.32,7,926.23,94,0,450.66,2810.69,Mixed,888.95,Insurance,Neutral,52.0,Medium,2344.93,0,2023-05-01,0.5459512943194779,0.15983344919065387,0.9968541190824101,0.06725155823711539,0.3285016101803118,2
2023-06-09,1787,3366.81,2423.03,0.18,2697.98,recession,694.0,0.58,468.85,592.6,7,233.59,51,0,392.11,2152.75,Mixed,1047.42,Investments,Positive,96.0,High,943.78,0,2023-06-01,0.7196812412936876,0.16182630838247977,0.8884537129131707,0.17601230838687068,0.09640408909505865,3
2023-07-09,1209,4549.54,1973.98,0.19,2924.06,normal,580.0,0.13,615.51,138.1,1,1656.05,59,0,739.52,2050.27,Freelance,678.67,Insurance,Positive,80.4,Medium,2575.56,0,2023-07-01,0.43388562360150695,0.3746339881863038,1.0386478079818438,0.030354717180198436,0.8389396042513095,2
2023-08-08,1091,5808.44,1582.42,0.1,2540.99,normal,752.0,0.52,991.13,372.37,4,1149.51,76,0,544.54,3008.7,Salary,908.81,Utilities,Neutral,19.7,Low,4226.02,1,2023-08-01,0.27243459517529667,0.3441185020411774,1.9013283451928058,0.06410843531137449,0.7264253485168286,1
2023-09-07,1107,5057.78,2746.16,0.29,2405.93,normal,650.0,0.23,302.74,580.91,4,1144.99,47,0,972.89,1328.22,Mixed,464.1,Transportation,Negative,61.6,Low,2311.62,0,2023-09-01,0.5429575821803242,0.3542728755789903,0.4836644623765549,0.114854738640273,0.4169422029306377,1
2023-10-07,1196,2813.46,3690.77,0.08,2403.04,recession,735.0,0.13,663.07,195.56,4,1054.55,71,0,287.52,1366.33,Salary,763.96,Transportation,Positive,54.3,Medium,0.0,0,2023-10-01,1.3118260078337705,0.07790244312162502,0.37020188199210463,0.06950871880176011,0.2857262847590069,2
2023-11-06,1217,7085.77,2634.49,0.2,3372.32,normal,591.0,0.15,277.09,249.5,5,1285.7,68,0,935.51,2036.02,Mixed,1961.03,Dining Out,Negative,79.2,Medium,4451.28,1,2023-11-01,0.37180010076533665,0.3551009872878622,0.7728326924755836,0.03521141668442526,0.48802614547787243,2
2019-01-01,1833,5779.01,3841.64,0.26,3175.8,recession,771.0,0.58,707.67,194.65,6,1744.2,34,0,775.79,2857.63,Salary,1665.34,Insurance,Positive,62.0,High,1937.37,0,2019-01-01,0.6647574584574174,0.20194239960017077,0.7438567903291303,0.03368223969157347,0.45402484355639783,3
2019-01-31,1331,3647.96,4097.17,0.06,2428.01,normal,755.0,0.43,278.47,468.21,6,1218.43,70,0,661.48,1910.69,Mixed,824.43,Transportation,Positive,14.8,Medium,0.0,0,2019-01-01,1.1231400563602671,0.1614480238798976,0.46634384221303976,0.12834844680314478,0.2973833158009065,2
2019-03-02,1243,4439.75,2663.94,0.21,2382.26,normal,698.0,0.59,347.76,685.64,3,0.0,84,0,212.93,1590.17,Salary,2069.28,Education,Positive,89.8,Medium,1775.81,0,2019-03-01,0.6000202714116786,0.07993047891469027,0.5969241048972574,0.15443211892561517,0.0,2
2019-04-01,1341,4180.17,3072.94,0.29,3012.24,normal,668.0,0.33,654.95,123.39,6,779.4,68,0,626.95,2732.29,Salary,1275.13,Dining Out,Neutral,4.8,Medium,1107.23,0,2019-04-01,0.7351232126923067,0.20402285758914918,0.8891452485242146,0.02951793826566862,0.2536333283435407,2
2019-05-01,1305,6093.49,2460.77,0.27,2312.77,normal,634.0,0.39,558.56,363.44,5,135.52,31,0,622.32,1968.09,Freelance,782.82,Healthcare,Positive,51.4,Low,3632.72,1,2019-05-01,0.40383589699827194,0.2528964511108312,0.7997862457686009,0.05964398070727941,0.055072192850205426,1
2019-05-31,1040,2683.18,4510.74,0.29,3209.61,inflation,667.0,0.26,554.46,758.19,5,1762.8,21,0,439.12,1752.61,Salary,1000.31,Entertainment,Positive,35.1,Medium,0.0,0,2019-05-01,1.6811171818513853,0.09734988050741121,0.388541569675929,0.2825714264417594,0.39080062251426595,2
2019-06-30,1517,6721.85,3545.71,0.11,2634.83,inflation,653.0,0.14,701.41,161.24,8,1926.65,57,0,618.06,1000.0,Salary,300.0,Transportation,Positive,26.3,Low,3176.14,1,2019-06-01,0.5274901998705713,0.17431205597750518,0.28203096135893796,0.023987443932845867,0.5433749517021979,1
2019-07-30,1057,4316.44,3157.77,0.18,1707.87,normal,754.0,0.22,430.81,0.0,2,1437.24,53,0,315.19,2000.56,Salary,1053.3,Investments,Positive,2.6,Medium,1158.67,0,2019-07-01,0.7315681441187646,0.09981410932398496,0.633535691326474,0.0,0.4551439781871384,2
2019-08-29,1785,4853.09,3691.65,0.2,2875.84,normal,723.0,0.17,638.97,262.1,9,1478.05,20,0,726.36,2231.88,Salary,1231.71,Dining Out,Positive,84.9,Medium,1161.44,0,2019-08-01,0.7606803088341655,0.19675754743813742,0.6045751899557109,0.05400682863907325,0.40037652540192054,2
2019-09-28,1854,4190.03,2549.08,0.4,2804.52,normal,725.0,0.13,413.88,192.72,9,1584.57,82,0,659.97,1596.84,Salary,583.36,Groceries,Positive,12.6,Medium,1640.95,0,2019-09-01,0.6083679591792899,0.2589051736312709,0.6264377736281325,0.04599489741123572,0.621624272286472,2
2019-10-28,1275,5303.49,3706.63,0.13,2385.15,normal,678.0,0.22,626.35,470.88,7,770.83,66,0,269.75,1942.42,Salary,1469.9,Investments,Negative,11.6,Low,1596.86,0,2019-10-01,0.6989039292993859,0.07277500047212697,0.5240393565044259,0.0887868177369996,0.20795979096915526,1
2019-11-27,1511,3766.15,4153.67,0.33,2724.38,normal,608.0,0.38,250.14,522.36,6,476.18,61,0,518.74,1398.69,Mixed,584.28,Dining Out,Neutral,89.5,Low,0.0,0,2019-11-01,1.1028955299178205,0.1248871479920167,0.33673594676514984,0.13869867105664938,0.11464078754450883,1
2019-12-27,1464,2264.88,2096.54,0.19,2190.87,inflation,755.0,0.4,188.86,887.66,6,112.96,60,0,576.72,3053.82,Freelance,1578.99,Investments,Positive,32.8,Low,168.34,0,2019-12-01,0.9256737663805588,0.2750818014442844,1.4565999217758785,0.39192363392321,0.05387924866685109,1
2020-01-26,1882,4210.93,3379.3,0.2,2830.4,inflation,732.0,0.5,749.5,291.58,7,559.7,71,0,574.76,1266.43,Salary,1665.92,Insurance,Positive,6.6,Low,831.63,0,2020-01-01,0.8025068096596238,0.170082561477229,0.37476104518687303,0.0692436112687696,0.1656260172225017,1
2020-02-25,1560,3160.51,4038.02,0.35,2401.72,normal,736.0,0.54,519.39,134.97,4,1029.3,24,0,562.39,2829.31,Freelance,1417.0,Utilities,Neutral,80.7,Low,0.0,0,2020-02-01,1.2776482276594598,0.13927370344871992,0.7006676539492127,0.04270513303232706,0.2549021550165675,1
2020-03-26,1037,4797.88,2182.62,0.18,2667.16,recession,645.0,0.21,236.42,149.96,4,1347.91,86,0,369.78,2961.04,Salary,1402.67,Utilities,Positive,0.6,High,2615.26,0,2020-03-01,0.45491342009387475,0.16942023806251202,1.356644766381688,0.03125547116643184,0.6175651281487388,3
2020-04-25,1889,3130.77,3962.61,0.08,2756.68,inflation,717.0,0.12,720.65,417.85,2,2191.34,44,0,663.17,1322.39,Freelance,394.1,Rent,Positive,53.7,Low,0.0,0,2020-04-01,1.2656982148161635,0.16735686832668367,0.3337169188994123,0.13346556917307884,0.5530042068232807,1
2020-05-25,1100,3965.82,4953.48,0.21,2769.08,normal,583.0,0.39,397.29,633.23,9,562.98,85,0,381.06,3575.89,Salary,2116.54,Dining Out,Neutral,31.2,Medium,0.0,0,2020-05-01,1.2490430730592914,0.07692773565251097,0.7218945064883678,0.1596718963543479,0.11365343152692654,2
2020-06-24,1772,4398.16,2171.24,0.09,2223.14,normal,738.0,0.25,577.78,256.25,2,1943.22,68,0,217.05,2566.93,Salary,1338.46,Rent,Negative,21.9,Low,2226.92,1,2020-06-01,0.49367008021536274,0.09996591809288703,1.1822414841288849,0.05826300089128181,0.8949816694607691,1
2020-07-24,1083,5397.7,3323.68,0.29,3070.43,normal,767.0,0.26,383.68,651.95,5,608.81,83,0,90.37,3020.04,Mixed,1131.24,Groceries,Positive,74.9,Medium,2074.02,0,2020-07-01,0.6157585638327435,0.027189741491358978,0.9086434313772686,0.12078292606110011,0.18317347037019208,2
2020-08-23,1320,2819.15,2695.53,0.3,2501.11,normal,598.0,0.19,366.2,0.0,7,950.99,93,0,488.25,2670.41,Freelance,1246.98,Transportation,Positive,14.3,Medium,123.62,0,2020-08-01,0.9561499033396591,0.18113320942449165,0.9906808679554668,0.0,0.35280260282764425,2
2020-09-22,1306,5312.17,2389.62,0.28,2533.99,normal,664.0,0.42,555.75,791.86,3,709.86,62,0,314.24,3056.14,Salary,1162.07,Education,Positive,5.7,Medium,2922.55,1,2020-09-01,0.44983876645513976,0.131502079828592,1.2789230086792043,0.1490652595831835,0.29705978356391394,2
2020-10-22,1449,3999.61,2306.46,0.19,1948.06,recession,621.0,0.33,631.92,302.89,3,310.95,84,0,712.33,1000.0,Salary,1439.49,Utilities,Positive,13.0,Low,1693.15,0,2020-10-01,0.5766712254444808,0.3088412545632701,0.4335648569669537,0.0757298836636572,0.13481699227387425,1
2020-11-21,1168,4091.69,1648.23,0.35,2929.75,inflation,597.0,0.5,261.83,586.18,6,966.08,62,0,481.45,1602.19,Salary,1222.95,Groceries,Negative,44.4,Low,2443.46,0,2020-11-01,0.40282377208439546,0.29210122373697844,0.9720670052116513,0.14326109749272303,0.5861317898594249,1
2020-12-21,1404,2663.41,1965.23,0.31,2540.11,inflation,620.0,0.36,594.45,476.33,9,1178.12,22,0,331.06,2906.19,Salary,1265.56,Groceries,Neutral,90.1,Low,698.18,0,2020-12-01,0.7378623644125388,0.16845865369447852,1.4788040076734021,0.17884216098910796,0.5994819944739292,1
2021-01-20,1336,3353.89,1413.99,0.08,3024.85,normal,650.0,0.13,753.58,745.22,4,410.35,22,0,771.26,3507.66,Salary,1282.28,Groceries,Neutral,92.8,Medium,1939.9,0,2021-01-01,0.42159701123173393,0.5454494020466906,2.480682324486029,0.22219571900092133,0.29020714432209566,2
2021-02-19,1337,3123.1,2050.47,0.14,2416.09,normal,645.0,0.23,742.91,620.34,3,1447.93,73,0,482.55,1614.11,Salary,1091.42,Investments,Neutral,74.7,High,1072.63,0,2021-02-01,0.6565495821459447,0.23533628875331025,0.7871902539417792,0.19862956677660018,0.7061454203182685,3
2021-03-21,1753,2989.32,2904.95,0.05,3147.07,recession,710.0,0.12,227.87,372.47,9,782.78,31,0,251.2,3179.94,Salary,1924.06,Rent,Negative,74.2,Medium,84.37,0,2021-03-01,0.9717761899027202,0.08647308903767707,1.0946625587359509,0.12460024353364645,0.2694641904335703,2
2021-04-20,1329,2165.57,3373.54,0.08,2678.1,normal,687.0,0.56,288.96,126.86,2,1642.24,40,0,538.03,1691.66,Salary,1514.34,Healthcare,Negative,62.2,Low,0.0,0,2021-04-01,1.5578069515185378,0.15948528845070756,0.5014495159387469,0.05858041993562895,0.4868002157970559,1
2021-05-20,1805,2995.55,2425.14,0.13,3368.69,normal,726.0,0.21,555.74,381.08,7,836.35,67,0,452.34,2129.96,Salary,1484.33,Healthcare,Neutral,46.5,Low,570.41,0,2021-05-01,0.8095808783028158,0.18652119052920657,0.8782833156023983,0.12721536946470596,0.3448666881087278,1
2021-06-19,1477,3897.53,3466.13,0.34,2947.79,recession,776.0,0.44,636.59,410.64,1,1205.41,72,0,683.09,1954.33,Salary,1887.04,Utilities,Negative,30.7,High,431.4,0,2021-06-01,0.8893145145771809,0.19707570114219605,0.5638363246617986,0.10535903508119245,0.3477682602787547,3
2021-07-19,1668,4114.49,3330.8,0.21,3513.54,recession,701.0,0.23,531.71,246.18,3,1577.94,43,0,235.47,2550.75,Salary,1353.75,Healthcare,Positive,47.8,Low,783.69,0,2021-07-01,0.809529249068536,0.07069472799327488,0.7658070133301309,0.05983244581953049,0.4737420439534046,1
2021-08-18,1784,3788.81,3265.87,0.1,2847.16,inflation,642.0,0.13,385.77,530.05,1,890.12,46,1,595.86,2952.46,Salary,1170.5,Groceries,Positive,15.2,Medium,522.94,0,2021-08-01,0.8619777713846828,0.18245061805889395,0.9040347594974694,0.13989880727721896,0.27255218364478684,2
2021-09-17,1530,3471.8,4290.52,0.22,3042.14,recession,579.0,0.18,285.69,590.11,6,952.09,51,0,348.06,1999.08,Salary,1722.17,Healthcare,Positive,71.0,Low,0.0,0,2021-09-01,1.2358200357163431,0.08112303403783223,0.46592953767841655,0.16997234863759433,0.2219055032956378,1
2021-10-17,1616,3489.98,3478.88,0.35,3010.67,normal,633.0,0.5,655.63,604.46,4,1200.67,34,0,911.82,1885.5,Salary,1421.29,Insurance,Negative,71.9,High,11.1,0,2021-10-01,0.996819466014132,0.26210159591592697,0.5419847767097457,0.1731987002790847,0.3451311916478867,3
2021-11-16,1043,4234.68,3634.7,0.23,2822.38,normal,630.0,0.39,411.87,0.0,2,1648.98,98,0,335.58,1356.33,Salary,1439.82,Entertainment,Negative,30.7,Low,599.98,0,2021-11-01,0.8583175115947367,0.09232673948331362,0.3731614713731532,0.0,0.4536770572536936,1
2021-12-16,1138,6292.41,3382.48,0.12,2482.01,normal,701.0,0.52,158.59,308.77,7,922.38,92,0,365.11,1758.04,Freelance,1358.01,Healthcare,Negative,20.5,High,2909.93,1,2021-12-01,0.53754920610704,0.10794151037108868,0.519748823348549,0.04907022905373299,0.27269340838674583,3
2022-01-15,1722,3208.88,2980.67,0.38,3264.37,normal,742.0,0.45,110.92,371.97,1,698.05,52,0,498.56,2137.08,Salary,903.63,Investments,Positive,96.9,High,228.21,0,2022-01-01,0.9288817282042332,0.16726440699574258,0.7169797394545521,0.11591894991398868,0.23419231246666017,3
2022-02-14,1322,4118.35,3206.11,0.09,2967.28,normal,654.0,0.58,353.98,288.49,3,438.27,95,0,436.8,2524.06,Salary,1431.62,Transportation,Positive,86.5,Low,912.24,0,2022-02-01,0.7784938142702781,0.13623986700393936,0.7872655648121867,0.0700498986244491,0.13669836655635645,1
2022-03-16,1326,3493.23,2715.97,0.15,2550.46,normal,686.0,0.28,711.12,263.23,8,1440.77,74,0,223.33,1284.42,Freelance,1174.82,Groceries,Positive,81.0,Low,777.26,0,2022-03-01,0.7774953266747394,0.08222844876784355,0.4729139128929996,0.07535432822917472,0.5304808226894996,1
2022-04-15,1790,2503.18,3240.64,0.33,2938.38,normal,645.0,0.52,557.3,349.59,3,772.95,23,0,531.81,1663.52,Freelance,1507.13,Utilities,Positive,35.7,Medium,0.0,0,2022-04-01,1.2946092570250642,0.16410647279549717,0.5133307001086206,0.13965835457298317,0.23851770020736646,2
2022-05-15,1982,4784.25,1063.88,0.18,2964.91,normal,684.0,0.5,222.98,447.57,8,1033.63,57,0,580.47,2284.05,Freelance,839.45,Transportation,Positive,3.0,Low,3720.37,1,2022-05-01,0.2223713225688457,0.5456160469225853,2.1469056660525623,0.09355071327794325,0.9715663420686543,1
2022-06-14,1177,5721.48,3148.92,0.4,2747.68,recession,732.0,0.6,906.09,386.99,1,756.11,73,0,541.63,1483.51,Salary,1815.94,Utilities,Positive,46.2,High,2572.56,0,2022-06-01,0.550368086578997,0.17200500489056564,0.4711170814120397,0.06763809364010712,0.2401172465480228,3
2022-07-14,1379,5641.88,2571.85,0.28,2926.18,inflation,765.0,0.25,748.64,0.0,7,2020.27,90,0,333.13,2304.5,Salary,1199.28,Education,Positive,76.1,Low,3070.03,1,2022-07-01,0.45584982310860916,0.12952932713805237,0.8960475922001673,0.0,0.7855318156191069,1
2022-08-13,1142,4171.99,2191.17,0.33,3599.57,recession,641.0,0.53,521.78,476.34,4,1454.54,57,0,794.79,1713.31,Mixed,773.68,Healthcare,Positive,36.3,Low,1980.82,0,2022-08-01,0.5252097919697795,0.3627240241514807,0.7819155976031069,0.11417572908851652,0.6638188730221753,1
2022-09-12,1448,3585.61,2389.76,0.32,1942.21,normal,782.0,0.52,480.07,258.28,4,1580.71,43,0,541.55,2745.99,Salary,1034.73,Insurance,Negative,86.0,Medium,1195.85,0,2022-09-01,0.6664863161358876,0.22661271424745577,1.1490651780931975,0.07203237384991674,0.6614513591322978,2
2022-10-12,1746,3688.36,1658.22,0.22,2400.09,inflation,734.0,0.34,525.42,442.05,7,1381.41,72,0,390.35,2343.4,Salary,954.35,Transportation,Positive,82.7,Low,2030.14,0,2022-10-01,0.4495819280113655,0.23540302251812184,1.4132021082847874,0.1198500146406533,0.8330679885660528,1
2022-11-11,1027,3856.87,2783.08,0.4,2847.61,normal,705.0,0.39,412.18,531.27,8,1292.65,68,0,665.78,2063.71,Salary,1718.92,Insurance,Positive,34.6,Medium,1073.79,0,2022-11-01,0.7215903050919528,0.23922416890639148,0.7415201862684508,0.13774641094981163,0.4644674245799618,2
2022-12-11,1395,3536.81,2556.68,0.26,2937.86,recession,641.0,0.29,845.54,445.26,8,1745.01,68,0,304.83,1357.46,Salary,1473.56,Healthcare,Positive,72.4,Low,980.13,0,2022-12-01,0.7228773951668311,0.11922884365661718,0.5309463835912199,0.1258931070654064,0.6825296869377474,1
2023-01-10,1880,4996.59,3278.59,0.27,2408.93,normal,696.0,0.25,717.69,685.89,4,1560.59,61,0,307.77,1942.17,Salary,1198.57,Healthcare,Positive,2.3,Low,1718.0,0,2023-01-01,0.6561655048743243,0.09387267087375975,0.5923796510085128,0.13727161924432463,0.47599425362732145,1
2023-02-09,1165,4130.8,3446.5,0.25,3385.99,inflation,734.0,0.49,496.29,0.0,2,1092.15,47,0,610.35,1434.69,Freelance,925.43,Healthcare,Positive,32.6,Medium,684.3,0,2023-02-01,0.8343420160743681,0.17709270274191208,0.41627448135789935,0.0,0.31688669664877417,2
2023-03-11,1944,5428.34,2846.96,0.29,3623.76,inflation,647.0,0.35,250.59,290.18,9,592.38,61,0,354.18,3864.58,Salary,1708.13,Education,Positive,76.7,Low,2581.38,0,2023-03-01,0.524462358658448,0.12440638435383708,1.357440919436873,0.05345648946086649,0.2080745777952623,1
2023-04-10,1928,3061.36,3685.67,0.24,4184.02,normal,751.0,0.58,256.4,760.52,4,1314.26,56,0,775.92,1251.51,Salary,950.11,Groceries,Positive,57.9,Medium,0.0,0,2023-04-01,1.2039322392662084,0.21052345977800507,0.33956105674137943,0.24842553636292364,0.3565864551085691,2
2023-05-10,1909,4011.29,4790.33,0.4,2056.66,normal,693.0,0.22,316.08,0.0,6,1210.38,68,0,327.18,1889.69,Salary,2058.65,Rent,Negative,80.5,Medium,0.0,0,2023-05-01,1.194211837089814,0.06830009623554119,0.3944801297614152,0.0,0.25267152784881214,2
2023-06-09,1567,5623.07,3345.52,0.08,2198.78,recession,706.0,0.49,514.39,924.76,2,828.07,26,0,691.44,3169.35,Salary,1437.06,Utilities,Neutral,36.1,Low,2277.55,1,2023-06-01,0.594963249612756,0.20667639111408692,0.9473415194050551,0.16445820521530055,0.24751608120710683,1
2023-07-09,1200,3856.03,2716.07,0.22,3597.22,normal,724.0,0.42,373.62,47.13,6,1085.73,56,0,262.19,1709.08,Mixed,733.62,Transportation,Negative,25.7,Low,1139.96,0,2023-07-01,0.704369519946681,0.0965328581369405,0.6292474052583328,0.012222415282038782,0.3997430110416889,1
2023-08-08,1674,3652.17,3353.63,0.33,2280.95,normal,708.0,0.29,781.52,350.41,1,1388.89,60,0,438.48,2139.84,Salary,470.12,Investments,Positive,40.0,High,298.54,0,2023-08-01,0.9182568171799231,0.13074787618192824,0.6380668111866843,0.09594569803705742,0.4141452694542928,3
2023-09-07,1461,4701.87,3653.78,0.24,2787.34,inflation,680.0,0.49,396.26,18.17,1,1289.83,48,0,256.68,2333.24,Freelance,1348.23,Transportation,Neutral,94.0,High,1048.09,0,2023-09-01,0.7770908170578941,0.07025053506231903,0.6385825090727958,0.003864419901018106,0.35301249664730766,3
2023-10-07,1687,3792.48,3748.54,0.25,2433.01,normal,610.0,0.1,602.71,775.47,2,1331.23,35,0,726.02,2458.62,Freelance,754.88,Healthcare,Negative,19.6,Medium,43.94,0,2023-10-01,0.9884139138505674,0.1936807397013237,0.6558873588116974,0.20447569927857234,0.3551329317547632,2
2023-11-06,1613,3821.93,1798.56,0.36,2854.14,normal,621.0,0.1,396.48,621.16,9,1107.38,59,0,920.25,2021.03,Salary,1274.34,Transportation,Negative,77.8,Low,2023.37,0,2023-11-01,0.4705894665784041,0.5116593274619696,1.1236933991637754,0.16252521631741032,0.6157036740503514,1
2019-01-01,1131,3922.4,3430.29,0.09,2430.0,normal,702.0,0.38,512.24,509.9,2,631.21,65,0,296.17,2594.23,Salary,1398.74,Healthcare,Positive,12.4,Low,492.11,0,2019-01-01,0.8745385478278604,0.0863396389226567,0.7562713356596673,0.1299969406485825,0.1840106813126587,1
2019-01-31,1814,3830.55,4707.09,0.21,2961.18,normal,660.0,0.19,525.8,369.84,7,1337.6,81,0,533.06,2239.88,Freelance,875.58,Insurance,Positive,65.9,Low,0.0,0,2019-01-01,1.2288287582723108,0.11324618819695394,0.475852384381858,0.09655010377099893,0.2841670756242179,1
2019-03-02,1847,6598.46,2639.61,0.12,2406.45,normal,600.0,0.5,399.31,389.35,3,777.29,93,0,536.23,1852.61,Freelance,757.78,Healthcare,Positive,26.3,Medium,3958.85,1,2019-03-01,0.40003425041600615,0.20314743465890794,0.7018498944919893,0.05900619235397351,0.29447153177931584,2
2019-04-01,1186,5028.45,4475.26,0.22,3113.11,normal,699.0,0.4,1045.07,171.64,1,1305.32,65,0,137.8,2230.73,Salary,1632.32,Education,Neutral,35.9,High,553.19,0,2019-04-01,0.8899879684594657,0.030791507085621842,0.4984581901386735,0.03413377879863576,0.29167467365024596,3
2019-05-01,1658,4499.01,2533.78,0.35,2437.16,normal,641.0,0.15,819.17,273.25,9,1359.65,46,0,737.69,1913.14,Salary,1815.12,Healthcare,Negative,46.1,Low,1965.23,0,2019-05-01,0.5631861231693195,0.2911420881055182,0.7550537142135465,0.06073558405071337,0.5366093346699398,1
2019-05-31,1808,6382.64,3624.26,0.27,2408.95,inflation,678.0,0.58,333.32,552.92,8,404.35,63,0,635.82,2973.79,Salary,1178.43,Dining Out,Negative,37.8,Medium,2758.38,1,2019-05-01,0.5678308662246343,0.17543443351194452,0.8205233620104517,0.08662873043129488,0.11156760276580599,2
2019-06-30,1204,4343.69,2591.83,0.25,2629.67,inflation,765.0,0.38,526.96,106.21,6,703.81,99,0,346.22,1909.58,Salary,2060.22,Investments,Negative,78.9,Low,1751.86,0,2019-06-01,0.5966885297983973,0.13358129198288468,0.7367690010533098,0.024451560769760274,0.27154944575840234,1
2019-07-30,1067,4554.87,2478.1,0.21,2680.73,normal,552.0,0.28,287.51,151.75,4,878.76,90,0,342.3,3483.9,Salary,1413.46,Entertainment,Neutral,48.3,Medium,2076.77,0,2019-07-01,0.544055044381069,0.13813001896614344,1.4058754691093984,0.033315989259847155,0.3546103869900327,2
2019-08-29,1521,5290.5,3598.39,0.22,2437.05,normal,822.0,0.28,603.13,229.16,6,1055.61,59,0,601.47,1981.52,Salary,1572.51,Healthcare,Positive,29.7,High,1692.11,0,2019-08-01,0.6801606653435402,0.16714975308401814,0.5506684934095526,0.043315376618467065,0.2933561954096137,3
2019-09-28,1226,2315.79,2489.11,0.27,2498.29,recession,735.0,0.29,590.73,0.0,9,764.82,88,0,397.97,2406.22,Salary,1465.42,Utilities,Positive,14.1,Low,0.0,0,2019-09-01,1.0748427102630205,0.15988445669335627,0.9666989405851889,0.0,0.30726645266782104,1
2019-10-28,1531,4842.78,3005.7,0.24,2363.89,recession,562.0,0.36,883.06,331.25,1,724.48,65,0,143.76,2598.42,Freelance,644.22,Investments,Neutral,94.3,Medium,1837.08,0,2019-10-01,0.620655904253342,0.04782912466314004,0.8644974548358121,0.0684007945849285,0.24103536613767176,2
2019-11-27,1226,4788.35,3338.91,0.19,2105.19,normal,750.0,0.37,517.34,525.99,1,1218.2,70,0,749.14,2412.41,Salary,1499.56,Utilities,Positive,33.4,Low,1449.44,0,2019-11-01,0.6972986519364708,0.22436663462028028,0.7225142336870416,0.10984785990998987,0.3648496066081446,1
2019-12-27,1552,3523.77,2486.14,0.16,2000.32,normal,683.0,0.43,303.91,257.87,3,1088.74,20,0,452.98,2433.54,Salary,1395.36,Dining Out,Positive,37.7,Medium,1037.63,0,2019-12-01,0.7055341296395622,0.18220212860096377,0.9788427039507027,0.07318014512865482,0.4379238498234211,2
2020-01-26,1392,3805.5,3553.07,0.08,2634.24,normal,651.0,0.23,723.55,298.68,6,469.05,32,0,442.15,2480.52,Freelance,1613.14,Insurance,Neutral,1.9,High,252.43,0,2020-01-01,0.9336670608330049,0.12444168001193333,0.6981342895017548,0.07848640126133229,0.13201259755647932,3
2020-02-25,1573,4714.82,2041.84,0.05,2016.52,normal,687.0,0.33,355.45,380.48,3,849.65,57,0,723.16,2045.86,Mixed,827.96,Utilities,Positive,82.7,Low,2672.98,1,2020-02-01,0.43306849466151415,0.3541707479528269,1.0019688124436783,0.0806987329314799,0.4161197743212005,1
2020-03-26,1081,5689.03,2454.22,0.1,2222.85,inflation,686.0,0.11,550.69,468.14,3,1868.19,50,0,704.52,1743.89,Mixed,2092.8,Transportation,Positive,46.4,Low,3234.81,1,2020-03-01,0.4313951587528981,0.28706472932336957,0.7105679197463961,0.0822881932420817,0.761215375964665,1
2020-04-25,1516,4744.36,2837.84,0.35,2811.8,recession,704.0,0.57,581.99,322.26,8,681.49,64,0,515.84,2347.18,Salary,1501.13,Rent,Neutral,7.5,Low,1906.52,0,2020-04-01,0.59815022468784,0.18177205198319848,0.8271008936374142,0.06792486236288983,0.24014391227130494,1
2020-05-25,1652,3881.49,3167.81,0.05,2643.11,recession,705.0,0.22,239.12,251.37,5,295.57,36,0,593.63,1797.74,Salary,1822.98,Dining Out,Neutral,98.8,Low,713.68,0,2020-05-01,0.816132464594782,0.1873944460052844,0.5675024701607736,0.06476121283321612,0.0933042070073647,1
2020-06-24,1068,2030.17,3011.2,0.33,2429.85,recession,732.0,0.13,208.77,266.76,8,1413.98,20,0,574.5,1056.51,Salary,737.96,Utilities,Neutral,81.3,Low,0.0,0,2020-06-01,1.4832255426885432,0.19078772582359194,0.35086012221041446,0.13139786323312824,0.4695735919234857,1
2020-07-24,1500,5221.04,2290.23,0.29,2843.18,normal,747.0,0.32,302.95,345.1,1,1237.23,71,0,530.03,2675.11,Salary,867.16,Utilities,Positive,5.9,High,2930.81,1,2020-07-01,0.43865398464673705,0.23143090431965346,1.1680529903110168,0.06609794217244075,0.5402208511808858,3
2020-08-23,1707,1333.75,2384.17,0.33,2679.81,normal,650.0,0.43,613.31,827.64,4,510.91,56,0,553.56,2186.12,Salary,2016.96,Insurance,Negative,2.8,Low,0.0,0,2020-08-01,1.787568884723524,0.23218143001547706,0.916931259096457,0.6205360824742268,0.21429260497363864,1
2020-09-22,1617,3496.23,2432.22,0.3,2910.22,normal,630.0,0.36,967.21,490.58,5,996.5,52,0,668.63,2302.19,Salary,946.7,Rent,Positive,1.1,Medium,1064.01,0,2020-09-01,0.6956693352554036,0.2749052306123624,0.9465385532558733,0.14031685558444382,0.40970800338785146,2
2020-10-22,1390,3334.65,3458.14,0.24,2337.13,normal,670.0,0.39,728.05,315.16,2,1069.07,35,0,614.0,2037.04,Salary,1191.96,Dining Out,Positive,76.5,Low,0.0,0,2020-10-01,1.0370323722129757,0.1775520944785347,0.5890565448478083,0.09451066828602703,0.3091459570751907,1
2020-11-21,1896,4605.31,2561.93,0.27,3241.61,inflation,624.0,0.15,459.19,253.28,5,1463.72,80,0,421.48,3632.88,Salary,1657.6,Rent,Positive,49.5,High,2043.38,0,2020-11-01,0.5562991416430163,0.164516594910868,1.4180246923218045,0.05499738345518542,0.5713348920540374,3
2020-12-21,1930,4316.82,3802.62,0.07,2675.76,normal,787.0,0.35,257.02,0.0,2,710.78,78,0,645.39,1423.93,Salary,1771.14,Utilities,Positive,62.8,Medium,514.2,0,2020-12-01,0.8808845400086175,0.16972245451820062,0.37446024057097477,0.0,0.18691849303900995,2
2021-01-20,1226,4437.88,3401.22,0.14,2362.42,normal,713.0,0.54,580.18,26.42,7,1269.92,30,0,465.0,1430.54,Salary,1719.24,Investments,Negative,96.9,Low,1036.66,0,2021-01-01,0.7664064823744671,0.13671564909062042,0.42059613903246484,0.0059532930137813555,0.37337190772722734,1
2021-02-19,1974,6901.16,4122.09,0.08,1873.23,normal,758.0,0.32,531.53,488.44,7,1436.17,30,0,537.04,2578.2,Salary,954.74,Transportation,Negative,32.3,High,2779.07,1,2021-02-01,0.5973039315129631,0.13028342418530403,0.6254594150054947,0.07077650713793043,0.3484082103981233,3
2021-03-21,1714,3561.39,2895.72,0.24,3061.8,normal,653.0,0.23,729.18,108.59,9,1095.68,42,0,756.39,1962.73,Freelance,854.55,Rent,Positive,85.8,High,665.67,0,2021-03-01,0.8130870250098978,0.2612096473415938,0.677803793184424,0.03049090383249237,0.37837912505352733,3
2021-04-20,1401,3960.08,3798.98,0.21,2606.62,recession,613.0,0.44,329.81,665.16,4,1201.82,90,0,422.67,3145.91,Salary,1367.16,Utilities,Negative,74.8,Medium,161.1,0,2021-04-01,0.9593190036564918,0.11125881157573876,0.8280933303149792,0.16796630371103613,0.3163533369483387,2
2021-05-20,1318,3073.53,2900.26,0.33,2697.23,normal,639.0,0.39,760.16,514.88,3,1455.76,67,0,548.34,1938.53,Salary,1136.74,Investments,Positive,1.1,Low,173.27,0,2021-05-01,0.9436250825597928,0.18906580789308544,0.6683986952893878,0.16752073348885482,0.5019412052712515,1
2021-06-19,1783,4492.58,2890.4,0.07,2955.42,normal,595.0,0.37,672.05,393.81,8,448.07,56,0,758.18,1672.06,Salary,1200.94,Investments,Positive,18.1,Low,1602.18,0,2021-06-01,0.643371959987357,0.26230971491835037,0.5784874065873236,0.08765787142354728,0.15502006642679214,1
2021-07-19,1396,4753.76,1017.04,0.06,2024.7,normal,626.0,0.4,459.42,586.01,1,776.6,90,0,777.66,2209.95,Freelance,628.25,Investments,Negative,52.5,Medium,3736.72,1,2021-07-01,0.21394433038268654,0.764630692991426,2.1729233855108943,0.12327294604691864,0.7635884527648864,2
2021-08-18,1665,3268.37,3395.71,0.2,3411.93,inflation,635.0,0.42,441.62,161.38,8,1177.17,95,0,402.1,3018.39,Salary,640.62,Transportation,Negative,56.7,High,0.0,0,2021-08-01,1.03896131710914,0.11841411663540173,0.8888833263146735,0.049376294605567916,0.34666387883535404,3
2021-09-17,1586,4726.02,2220.67,0.22,2081.31,recession,709.0,0.5,534.19,412.02,3,1394.02,33,0,771.75,2093.45,Salary,1751.94,Investments,Positive,47.6,Medium,2505.35,1,2021-09-01,0.46988163401763,0.34753024987954084,0.9427109836220599,0.08718117993575988,0.6277474816159087,2
2021-10-17,1418,4075.23,1152.24,0.4,3083.69,normal,671.0,0.43,434.12,370.53,7,1487.26,80,0,552.13,2281.81,Salary,1253.49,Healthcare,Neutral,75.7,Low,2922.99,0,2021-10-01,0.2827423237461444,0.4791796847878914,1.980325279455669,0.09092247554125779,1.2907553981809345,1
2021-11-16,1470,5131.05,3785.65,0.16,3399.28,recession,668.0,0.47,364.78,522.63,5,1076.92,75,0,507.07,2036.75,Salary,1072.71,Utilities,Neutral,90.7,Low,1345.4,0,2021-11-01,0.7377924596330185,0.13394529341064282,0.5380185701266625,0.10185634519250446,0.2844742646573244,1
2021-12-16,1612,4297.15,3165.47,0.22,2022.33,inflation,693.0,0.21,416.23,449.68,1,1284.27,65,0,344.9,1958.64,Salary,1804.21,Investments,Positive,90.1,Medium,1131.68,0,2021-12-01,0.7366440547804941,0.10895696373682265,0.6187517177543935,0.10464610264943044,0.4057122638976203,2
2022-01-15,1472,3454.17,2425.12,0.15,2486.3,normal,680.0,0.54,658.93,534.41,8,504.36,32,0,139.03,2095.8,Salary,1434.65,Dining Out,Positive,98.1,High,1029.05,0,2022-01-01,0.7020847265768622,0.057329121857887445,0.8642046579138353,0.15471444659643271,0.20797321369664182,3
2022-02-14,1839,4859.54,3578.86,0.12,2374.28,normal,711.0,0.13,645.39,233.26,7,1010.71,44,0,491.67,2094.77,Salary,637.72,Transportation,Neutral,86.3,Medium,1280.68,0,2022-02-01,0.7364606526543664,0.13738173608355733,0.5853176709902036,0.048000428024051654,0.2824111588606428,2
2022-03-16,1626,2642.03,3856.75,0.15,2694.91,recession,715.0,0.35,447.08,11.87,5,2286.29,50,0,361.38,2078.28,Salary,763.44,Transportation,Positive,32.8,Medium,0.0,0,2022-03-01,1.459767678641045,0.09370065469631166,0.5388682180592468,0.004492757463011396,0.5928022298567447,2
2022-04-15,1671,3718.62,3287.42,0.24,2518.02,normal,730.0,0.51,790.44,626.31,5,365.31,90,0,770.53,2762.75,Salary,1533.8,Education,Positive,19.9,High,431.2,0,2022-04-01,0.8840430052008541,0.23438745277451617,0.8404006789518832,0.16842538361004888,0.11112361669637588,3
2022-05-15,1349,3706.82,2593.66,0.09,2217.73,normal,640.0,0.28,95.35,152.18,8,916.94,82,0,785.15,2777.26,Salary,1023.57,Rent,Negative,19.6,Low,1113.16,0,2022-05-01,0.6996994728635325,0.302718937717357,1.0707879984269335,0.04105405711634231,0.35353130325486,1
2022-06-14,1304,3478.13,4264.46,0.16,3031.53,recession,766.0,0.25,563.31,602.56,4,1176.73,94,0,740.75,2682.39,Salary,1237.79,Groceries,Neutral,72.2,Low,0.0,0,2022-06-01,1.2260783811990925,0.17370311833151209,0.6290104726037997,0.17324251824974912,0.27593880585115116,1
2022-07-14,1934,2812.22,2208.34,0.32,3365.43,normal,716.0,0.14,393.46,384.95,9,624.13,26,0,644.62,1834.42,Salary,1534.98,Groceries,Positive,14.3,Medium,603.88,0,2022-07-01,0.7852657331218753,0.2919025150112754,0.8306782470090656,0.13688473874732418,0.28262405245569067,2
2022-08-13,1447,4206.61,4421.55,0.09,2468.9,recession,744.0,0.57,459.62,576.26,2,1074.25,38,0,609.39,1000.0,Salary,865.5,Groceries,Negative,87.8,Medium,0.0,0,2022-08-01,1.051095775458148,0.1378227092309258,0.22616503262430596,0.13698916704900146,0.24295778629666068,2
2022-09-12,1107,3885.65,2998.3,0.19,2168.56,normal,628.0,0.12,654.25,295.71,6,172.79,92,0,736.21,3096.29,Salary,1475.46,Entertainment,Positive,93.8,Medium,887.35,0,2022-09-01,0.7716340895345696,0.24554247406863888,1.0326818530500617,0.07610309729388905,0.057629323283193805,2
2022-10-12,1096,3667.15,2130.24,0.25,2491.29,inflation,709.0,0.27,173.04,396.02,8,722.03,73,0,706.99,2469.13,Salary,972.99,Utilities,Positive,97.1,High,1536.91,0,2022-10-01,0.5808979725399833,0.3318827925491964,1.1590853612738472,0.1079912193392689,0.33894302989334535,3
2022-11-11,1199,3450.7,2302.19,0.16,2957.13,normal,657.0,0.42,436.23,608.75,1,1398.63,45,0,430.86,2232.47,Salary,1398.47,Education,Neutral,37.7,Low,1148.51,0,2022-11-01,0.6671660822441824,0.18715223330828473,0.9697157923542365,0.1764134813226302,0.6075215338438618,1
2022-12-11,1203,3502.85,3047.54,0.23,3270.76,inflation,638.0,0.57,439.59,538.46,3,254.01,85,1,406.01,1580.54,Salary,1111.26,Transportation,Positive,58.9,Low,455.31,0,2022-12-01,0.8700172716502277,0.13322548678606352,0.5186281394173662,0.15372054184449807,0.08334919311969655,1
2023-01-10,1177,3249.9,3808.7,0.1,2342.0,recession,813.0,0.38,762.35,258.92,7,958.25,82,0,971.66,2355.5,Salary,1432.23,Investments,Positive,91.3,High,0.0,0,2023-01-01,1.1719437521154497,0.2551159188174443,0.6184524903510384,0.07967014369672913,0.2515950324257621,3
2023-02-09,1978,2840.37,2709.15,0.26,2871.77,normal,697.0,0.26,433.33,442.68,4,791.6,60,0,601.37,1823.14,Salary,300.0,Transportation,Positive,52.6,Low,131.22,0,2023-02-01,0.953801793428321,0.22197737297676393,0.6729564623590425,0.15585293465287975,0.292194968901685,1
2023-03-11,1157,3233.77,1646.82,0.17,2648.6,inflation,705.0,0.22,878.54,154.61,1,0.0,22,0,431.99,2880.62,Mixed,750.21,Education,Neutral,74.8,Medium,1586.95,0,2023-03-01,0.5092569972508867,0.2623176789205864,1.7492014913591043,0.04781106881441785,0.0,2
2023-04-10,1860,2036.57,4559.61,0.23,1731.82,normal,675.0,0.22,526.46,717.87,3,452.75,93,0,512.93,2579.49,Salary,890.27,Healthcare,Positive,77.0,Low,0.0,0,2023-04-01,2.238867311214444,0.1124942703432969,0.5657260160408456,0.3524897253715807,0.09929577310340139,1
2023-05-10,1288,4472.59,1321.97,0.2,3521.55,normal,634.0,0.54,241.16,345.43,9,492.84,97,0,560.33,2216.07,Salary,1629.08,Insurance,Positive,57.7,Medium,3150.62,0,2023-05-01,0.2955714697747837,0.42385984553355976,1.676339099979576,0.07723265490465256,0.37280724978630375,2
2023-06-09,1060,4480.67,2492.74,0.09,2720.17,normal,644.0,0.4,536.79,547.43,7,434.1,35,0,470.69,1478.47,Salary,1202.74,Investments,Positive,80.5,Medium,1987.93,0,2023-06-01,0.5563319771373477,0.18882434590049504,0.5931103925800525,0.12217592458270748,0.17414571916846525,2
2023-07-09,1372,4660.79,3880.61,0.3,3609.07,inflation,642.0,0.29,461.27,458.26,9,824.4,50,0,380.99,2688.15,Salary,1241.37,Healthcare,Negative,46.6,Medium,780.18,0,2023-07-01,0.8326077767932046,0.09817786378945578,0.692713258997941,0.0983223874064268,0.2124408276018461,2
2023-08-08,1408,4493.53,3739.58,0.25,2883.64,normal,667.0,0.43,202.61,468.63,3,662.25,73,0,464.97,2220.96,Salary,1481.26,Investments,Neutral,70.1,Low,753.95,0,2023-08-01,0.8322143170291508,0.12433749244567573,0.5939062675487622,0.10428994576646869,0.17709207985923553,1
2023-09-07,1444,4897.24,3723.44,0.27,2734.32,inflation,721.0,0.32,388.29,199.31,4,1119.7,61,0,482.28,1645.9,Salary,1134.32,Transportation,Positive,10.7,Low,1173.8,0,2023-09-01,0.7603139727683349,0.12952538512773135,0.4420374707259953,0.04069843422009132,0.30071654169262835,1
2023-10-07,1575,6577.71,3415.79,0.34,2234.61,recession,787.0,0.32,471.39,651.29,8,371.98,37,0,392.6,2439.4,Salary,1662.06,Healthcare,Neutral,92.6,Medium,3161.92,1,2023-10-01,0.5192977495207298,0.11493680817614667,0.7141539731657977,0.09901470268528104,0.10890013730352277,2
2023-11-06,1277,3717.91,2049.8,0.31,2998.43,normal,692.0,0.32,413.0,626.19,2,817.84,97,0,572.42,1529.86,Salary,1238.01,Transportation,Positive,10.5,Medium,1668.11,0,2023-11-01,0.5513312586910388,0.27925651283052,0.7463459849741437,0.16842527118730688,0.39898526685530294,2
2019-01-01,1193,2459.45,1997.77,0.11,2848.08,normal,594.0,0.53,710.37,573.77,2,481.0,41,0,639.13,3561.47,Freelance,875.71,Healthcare,Neutral,50.4,Low,461.68,0,2019-01-01,0.8122832340563948,0.3199217127096713,1.7827227358504731,0.23329199617800728,0.24076845682936474,1
2019-01-31,1774,5296.21,3338.49,0.32,2407.96,inflation,725.0,0.18,315.97,911.24,9,649.54,35,0,940.39,1386.12,Mixed,1469.31,Education,Negative,89.7,Low,1957.72,0,2019-01-01,0.6303545365459451,0.28168123912307663,0.4151936953532885,0.17205511110775443,0.19456101411117002,1
2019-03-02,1057,3900.81,2658.08,0.08,2204.68,recession,624.0,0.46,268.88,643.82,2,1536.07,45,0,857.51,2660.64,Salary,1256.25,Investments,Positive,11.1,High,1242.73,0,2019-03-01,0.681417449196449,0.32260503822307834,1.0009631011858182,0.16504777212937827,0.5778870462890507,3
2019-04-01,1909,6004.68,2104.88,0.11,2491.69,inflation,705.0,0.37,572.74,778.81,1,516.94,26,0,548.12,3097.25,Freelance,300.0,Investments,Negative,11.3,Low,3899.8,1,2019-04-01,0.3505399122018159,0.26040439359963513,1.4714615560031925,0.12970050027645103,0.24559119759796283,1
2019-05-01,1574,5560.87,2735.66,0.18,2467.16,inflation,705.0,0.21,602.44,836.38,2,1454.36,83,0,742.83,3045.95,Salary,1046.96,Dining Out,Negative,82.9,Low,2825.21,1,2019-05-01,0.4919482023496323,0.27153593648333496,1.1134241828297375,0.15040452303326637,0.5316303926657553,1
2019-05-31,1791,4093.76,2343.05,0.25,2338.76,normal,694.0,0.22,660.9,31.6,6,409.42,42,0,636.04,1949.62,Salary,1478.35,Groceries,Neutral,83.6,Low,1750.71,0,2019-05-01,0.5723466935042602,0.2714581421651266,0.8320863831330957,0.007719065113734073,0.17473805509912294,1
2019-06-30,1937,5904.98,2453.74,0.25,3199.33,normal,657.0,0.56,771.88,199.68,3,557.3,77,0,562.83,3070.53,Salary,1720.5,Rent,Positive,47.3,Low,3451.24,1,2019-06-01,0.41553739386077515,0.22937638054561613,1.2513673005289887,0.03381552520076275,0.22712267803434757,1
2019-07-30,1153,4773.79,3260.39,0.15,2885.79,normal,709.0,0.57,681.66,239.54,9,89.82,82,1,446.22,2794.04,Salary,1806.75,Dining Out,Positive,33.2,Medium,1513.4,0,2019-07-01,0.6829772570640937,0.13686092768043087,0.8569649643140852,0.050178160329633265,0.02754885151776321,2
2019-08-29,1495,4782.36,2279.8,0.08,2489.35,normal,681.0,0.29,191.94,459.47,5,906.01,69,0,679.35,3331.9,Freelance,948.53,Education,Positive,97.1,Medium,2502.56,1,2019-08-01,0.47671024347811547,0.2979866654969734,1.4614878498113868,0.0960759959517895,0.39740766733924027,2
2019-09-28,1223,5370.44,3621.65,0.16,3037.85,normal,717.0,0.12,663.98,0.0,1,132.26,20,0,450.86,1463.71,Mixed,1842.48,Education,Negative,74.4,Medium,1748.79,0,2019-09-01,0.6743674633735784,0.12449021854679497,0.4041555644526666,0.0,0.03651926608037773,2
2019-10-28,1473,5777.42,4027.9,0.18,2740.06,inflation,748.0,0.47,656.06,506.07,5,784.77,34,0,518.21,2035.34,Salary,316.46,Entertainment,Positive,97.6,Low,1749.52,0,2019-10-01,0.6971797099743484,0.1286551304650066,0.5053104595446759,0.08759446258018284,0.19483353608580153,1
2019-11-27,1555,5007.12,3310.31,0.15,2497.2,normal,712.0,0.42,630.31,234.67,2,1520.99,47,0,167.15,1396.66,Salary,1044.25,Utilities,Positive,69.1,Low,1696.81,0,2019-11-01,0.6611205643164134,0.05049376040310424,0.42191214720071535,0.04686726102030708,0.45947056317988344,1
2019-12-27,1707,4286.35,3701.82,0.31,1704.7,recession,696.0,0.34,1053.91,266.38,6,1601.0,38,0,585.86,1712.12,Salary,1223.17,Groceries,Negative,22.5,Medium,584.53,0,2019-12-01,0.8636298948989233,0.15826269240535737,0.4625076313813205,0.06214611499294271,0.4324899643958917,2
2020-01-26,1326,5252.02,1576.39,0.22,2389.19,normal,691.0,0.34,704.57,373.61,7,509.68,52,0,379.64,2006.8,Salary,1809.63,Entertainment,Negative,42.9,High,3675.63,1,2020-01-01,0.3001492758976546,0.24082872893129237,1.2730352260544662,0.07113643893206804,0.3233210055887185,3
2020-02-25,1750,4099.25,3721.13,0.39,2534.13,normal,668.0,0.37,340.21,426.0,3,1445.92,25,0,148.88,3195.98,Salary,1329.56,Entertainment,Positive,97.4,High,378.12,0,2020-02-01,0.9077587363542111,0.04000935199791461,0.8588735142282049,0.10392144904555711,0.38857013864068174,3
2020-03-26,1097,3213.26,1793.93,0.1,3418.06,recession,674.0,0.38,911.02,1020.87,6,86.37,51,0,680.08,2946.01,Salary,1436.6,Investments,Positive,12.9,Low,1419.33,0,2020-03-01,0.5582897120058756,0.3791006338039946,1.64221011968137,0.3177053833178765,0.04814569130345108,1
2020-04-25,1002,4712.63,2307.9,0.2,3174.14,normal,615.0,0.22,184.54,605.21,5,1318.93,83,0,460.49,1814.41,Freelance,1415.75,Education,Positive,85.3,Low,2404.73,0,2020-04-01,0.4897265433526502,0.1995277091728411,0.7861735777113393,0.1284229824959736,0.571484899692361,1
2020-05-25,1599,4136.61,2958.28,0.39,3100.36,inflation,725.0,0.45,761.91,399.58,1,445.02,84,0,458.94,1893.77,Mixed,1470.46,Healthcare,Positive,28.0,Medium,1178.33,0,2020-05-01,0.7151459770198304,0.15513744473139796,0.6401591465310923,0.09659600494124417,0.1504320077883094,2
2020-06-24,1298,4226.39,2227.67,0.23,3095.09,normal,669.0,0.32,456.41,505.93,8,603.55,61,0,404.5,1961.0,Salary,1299.61,Healthcare,Positive,40.6,Low,1998.72,0,2020-06-01,0.5270857635002922,0.18157985698061202,0.880291964249642,0.1197073625481794,0.27093330699789464,1
2020-07-24,1946,3297.15,2774.64,0.1,2770.25,normal,763.0,0.54,336.07,681.8,8,282.13,25,0,676.79,1065.44,Mixed,1186.18,Education,Negative,2.5,Medium,522.51,0,2020-07-01,0.8415267731222419,0.24391993195513653,0.3839921575411585,0.20678464734695112,0.1016816596026872,2
2020-08-23,1171,2854.93,2346.82,0.08,3227.5,normal,702.0,0.3,570.15,613.62,3,1621.22,32,0,692.42,1866.95,Salary,1072.27,Dining Out,Negative,80.5,Medium,508.11,0,2020-08-01,0.8220236573225964,0.29504606233115444,0.7955233038750309,0.2149334659693933,0.6908156569315073,2
2020-09-22,1941,3091.21,3412.58,0.27,2999.49,inflation,706.0,0.51,550.27,370.47,5,1697.6,32,0,153.41,2259.64,Salary,1726.89,Healthcare,Positive,49.4,High,0.0,0,2020-09-01,1.1039625260011452,0.044954257482608465,0.6621500448341138,0.11984627378922817,0.49745353955072114,3
2020-10-22,1031,3731.11,1565.67,0.21,3027.27,recession,757.0,0.43,554.81,292.9,9,1509.93,38,0,370.22,2945.5,Salary,839.87,Transportation,Negative,66.1,Low,2165.44,0,2020-10-01,0.4196257950047037,0.23646106778567644,1.8813032120434063,0.07850210795178914,0.964398628063385,1
2020-11-21,1914,4043.8,3624.0,0.4,2058.71,normal,669.0,0.12,454.12,176.46,6,1678.9,95,0,487.72,2803.18,Salary,1269.57,Investments,Positive,67.6,Low,419.8,0,2020-11-01,0.8961867550323952,0.13458057395143488,0.7735044150110375,0.04363717295613037,0.46327262693156734,1
2020-12-21,1914,6506.77,3037.56,0.16,3732.76,normal,671.0,0.23,681.78,143.61,4,1119.0,59,0,660.88,3135.65,Salary,1449.05,Investments,Positive,62.3,Medium,3469.21,0,2020-12-01,0.4668307009468599,0.21756936488497347,1.0322923662413253,0.022070858505833155,0.3683877849326433,2
2021-01-20,1245,1957.14,3683.59,0.32,2610.94,recession,647.0,0.33,118.24,132.06,7,1227.94,35,0,570.24,3045.26,Salary,1608.24,Dining Out,Positive,15.8,Medium,0.0,0,2021-01-01,1.882129025005876,0.1548055022410203,0.8267098129813579,0.06747601091388454,0.33335414636265165,2
2021-02-19,1869,3890.29,3315.21,0.33,2583.23,inflation,718.0,0.42,309.56,195.56,2,665.41,62,0,455.2,2062.29,Salary,930.38,Transportation,Positive,19.4,High,575.08,0,2021-02-01,0.852175544753733,0.1373065356342434,0.622069190187047,0.05026874603178683,0.20071428355971416,3
2021-03-21,1041,3804.77,3021.33,0.24,2637.47,normal,547.0,0.56,274.53,487.84,7,471.83,79,1,762.59,2012.13,Salary,1639.38,Entertainment,Positive,99.3,Low,783.44,0,2021-03-01,0.7940900501212951,0.2524020878222505,0.665974918330669,0.1282180000367959,0.1561663241022993,1
2021-04-20,1966,3050.34,2828.2,0.07,2491.38,inflation,645.0,0.45,768.89,183.52,5,1675.32,46,0,126.12,1091.55,Salary,461.83,Healthcare,Negative,51.1,High,222.14,0,2021-04-01,0.9271753312745463,0.04459373453079698,0.3859521957428753,0.06016378502068622,0.5923626334771233,3
2021-05-20,1662,2967.7,3150.82,0.38,2662.94,inflation,610.0,0.37,530.85,331.37,1,155.63,47,0,374.25,3095.39,Freelance,871.38,Insurance,Neutral,34.1,Medium,0.0,0,2021-05-01,1.0617043501701655,0.11877860366507766,0.9824077541719297,0.1116588603969404,0.04939349121815908,2
2021-06-19,1154,2554.47,2592.84,0.17,2302.62,inflation,677.0,0.38,812.38,409.2,4,1326.54,55,0,664.84,2385.37,Salary,665.78,Dining Out,Positive,87.0,Low,0.0,0,2021-06-01,1.0150207283702688,0.2564138165100816,0.9199834930038104,0.1601897849651787,0.5116166057296246,1
2021-07-19,1270,4987.0,2570.0,0.16,3563.92,recession,636.0,0.25,828.78,442.9,3,1420.45,95,0,462.86,2808.55,Mixed,833.71,Rent,Negative,75.9,High,2417.0,0,2021-07-01,0.5153398836976137,0.18010116731517511,1.0928210116731518,0.08881090836174052,0.552704280155642,3
2021-08-18,1717,3636.72,2250.29,0.4,2993.12,normal,659.0,0.11,682.15,151.9,6,1669.71,99,0,320.14,1574.44,Salary,1155.45,Transportation,Neutral,82.1,Low,1386.43,0,2021-08-01,0.6187691106271586,0.1422661079238676,0.6996609325909106,0.04176840669614378,0.7419976980744705,1
2021-09-17,1529,3500.91,4130.36,0.37,3043.75,normal,738.0,0.4,833.44,612.71,6,979.74,60,0,589.95,2650.27,Salary,481.75,Groceries,Positive,40.4,Medium,0.0,0,2021-09-01,1.179796110154217,0.14283258602155746,0.641655933139,0.17501449623097995,0.23720450517630426,2
2021-10-17,1572,2292.67,2613.5,0.22,2775.48,recession,732.0,0.55,287.29,511.27,3,600.82,73,0,441.22,2527.1,Freelance,349.21,Utilities,Negative,39.1,Low,0.0,0,2021-10-01,1.139937278369761,0.16882341687392385,0.966940883872202,0.22300200203256465,0.22989095083221736,1
2021-11-16,1369,4879.06,3026.35,0.16,2428.55,normal,674.0,0.16,673.95,285.13,7,981.46,35,0,880.66,1945.8,Salary,1118.68,Groceries,Negative,33.2,Low,1852.71,0,2021-11-01,0.6202731673724037,0.29099740611627867,0.6429527318386836,0.0584395354842941,0.3243048556842401,1
2021-12-16,1293,4181.87,2448.13,0.08,3068.14,inflation,649.0,0.42,519.13,945.01,5,1117.69,27,0,354.56,2432.6,Salary,1669.32,Education,Positive,5.3,Medium,1733.74,0,2021-12-01,0.5854151372472124,0.14482891022944042,0.9936563826267395,0.22597785201357287,0.45654846760588697,2
2022-01-15,1880,2884.27,3415.61,0.2,2739.26,recession,631.0,0.19,672.31,394.98,8,696.64,55,0,476.4,1632.41,Salary,1299.85,Entertainment,Positive,10.2,High,0.0,0,2022-01-01,1.1842199239322255,0.13947728224241057,0.4779263440498183,0.13694279661751502,0.20395771179964925,3
2022-02-14,1416,3495.12,3507.61,0.22,1458.28,normal,696.0,0.39,883.06,353.65,4,926.41,63,0,276.56,1936.52,Salary,1349.68,Transportation,Neutral,25.3,High,0.0,0,2022-02-01,1.0035735539838404,0.07884570975678595,0.5520910249429098,0.10118393645997847,0.264114311454238,3
2022-03-16,1171,4297.09,3052.68,0.38,3429.0,normal,666.0,0.4,550.85,378.06,2,1219.18,47,0,611.27,1799.55,Salary,982.23,Utilities,Negative,87.9,Medium,1244.41,0,2022-03-01,0.7104063447588949,0.20024044446191544,0.5894984079562876,0.08798047050445766,0.39938021672759677,2
2022-04-15,1190,2827.7,3448.11,0.08,3213.06,normal,713.0,0.2,1095.26,536.3,9,1142.83,35,0,580.23,1962.99,Mixed,1227.75,Investments,Neutral,27.7,Medium,0.0,0,2022-04-01,1.2194044629911236,0.16827479401759224,0.5692944830646354,0.18965944053471018,0.3314366421024851,2
2022-05-15,1622,5052.02,2074.7,0.25,3762.22,inflation,701.0,0.54,518.4,728.55,9,1542.49,89,0,223.21,2629.4,Mixed,1129.16,Transportation,Positive,86.9,Low,2977.32,0,2022-05-01,0.410667416201836,0.10758663903214924,1.2673639562346364,0.14420964287552304,0.7434761652287079,1
2022-06-14,1017,3817.1,3217.37,0.06,2967.27,normal,740.0,0.17,583.62,0.0,1,1611.07,84,0,710.1,2033.35,Salary,1039.58,Entertainment,Positive,63.2,High,599.73,0,2022-06-01,0.8428833407560714,0.2207082182030665,0.6319913469697299,0.0,0.500741288692317,3
2022-07-14,1550,3275.11,3754.08,0.38,1802.11,recession,711.0,0.41,393.83,233.59,8,804.64,59,0,474.3,1856.35,Freelance,1065.33,Investments,Negative,59.8,Low,0.0,0,2022-07-01,1.1462454696178144,0.12634253931722286,0.4944886630013212,0.07132279526489187,0.21433746750202445,1
2022-08-13,1581,3998.27,1418.84,0.19,2897.41,inflation,713.0,0.57,665.39,247.12,1,581.46,27,0,155.41,2350.64,Mixed,1158.21,Dining Out,Neutral,33.4,High,2579.43,0,2022-08-01,0.3548634784544315,0.10953313974796312,1.656733669758394,0.06180673141133541,0.40981365058780417,3
2022-09-12,1374,3173.08,2490.55,0.38,2572.28,recession,658.0,0.27,686.61,344.78,8,579.55,30,0,725.91,1558.51,Salary,1757.89,Rent,Positive,26.5,Low,682.53,0,2022-09-01,0.7848998449456049,0.2914657404990865,0.6257694083636144,0.108657834028767,0.23269960450502897,1
2022-10-12,1603,3845.92,4105.88,0.08,3590.66,inflation,665.0,0.23,521.66,552.87,2,427.29,76,0,257.64,2859.74,Salary,1404.06,Healthcare,Neutral,61.4,Low,0.0,0,2022-10-01,1.0675937096975496,0.06274903309400177,0.6964986799419368,0.14375494030037025,0.10406782468070183,1
2022-11-11,1219,4139.21,2260.29,0.31,3141.57,normal,706.0,0.22,20.53,77.3,8,1817.67,64,0,645.42,2843.36,Salary,1687.51,Education,Positive,19.7,High,1878.92,0,2022-11-01,0.546067969491763,0.285547429754589,1.2579624738418522,0.018675061183172633,0.80417557039141,3
2022-12-11,1024,3469.67,3110.26,0.14,2803.45,recession,682.0,0.37,324.11,411.23,4,1141.4,79,0,140.9,1609.63,Salary,311.42,Entertainment,Positive,16.7,High,359.41,0,2022-12-01,0.8964137799848401,0.0453016789593153,0.5175226508394797,0.11852135793893943,0.36697896638866206,3
2023-01-10,1734,5461.23,2857.86,0.06,3539.62,inflation,773.0,0.3,470.75,480.29,9,353.31,91,0,599.11,2285.28,Salary,1804.51,Healthcare,Negative,64.5,High,2603.37,0,2023-01-01,0.5232996962222797,0.20963588139377015,0.7996472885305789,0.08794538959172202,0.1236274695051542,3
2023-02-09,1534,3066.2,2719.13,0.22,2107.1,normal,737.0,0.49,441.31,89.63,5,357.35,69,0,395.3,2390.33,Freelance,877.17,Utilities,Neutral,67.1,Low,347.07,0,2023-02-01,0.8868077750962103,0.14537738173606998,0.8790789701117636,0.029231622203378774,0.13142071177177994,1
2023-03-11,1238,5312.24,3109.78,0.06,2554.91,inflation,741.0,0.6,326.68,326.3,9,1320.11,58,0,684.86,2557.78,Salary,1004.41,Entertainment,Negative,70.9,High,2202.46,0,2023-03-01,0.5853990030570908,0.22022779746477242,0.8224954819955109,0.0614241826423505,0.42450269794004714,3
2023-04-10,1325,4883.87,3204.05,0.28,3024.87,normal,585.0,0.42,666.53,559.91,9,862.09,83,0,404.56,2188.93,Salary,1934.89,Insurance,Negative,18.2,Low,1679.82,0,2023-04-01,0.6560473558878512,0.1262651956118038,0.6831759803998064,0.11464473870107107,0.26906259265616955,1
2023-05-10,1781,4533.63,2861.93,0.11,2737.91,normal,620.0,0.14,743.08,304.7,9,650.38,67,0,672.18,1804.01,Mixed,1127.16,Dining Out,Positive,0.1,Medium,1671.7,0,2023-05-01,0.6312667773947146,0.23486947619263923,0.6303473530100318,0.06720883706875064,0.22725223887376703,2
2023-06-09,1186,5002.97,2638.45,0.06,3402.58,normal,689.0,0.39,522.86,381.0,1,762.97,43,0,807.95,3985.5,Salary,1930.57,Transportation,Negative,70.1,Medium,2364.52,0,2023-06-01,0.5273767382174988,0.30622145577896115,1.5105459644867252,0.07615476407014234,0.28917356781443654,2
2023-07-09,1953,5446.06,1940.35,0.3,3573.82,normal,691.0,0.39,701.93,566.92,6,1754.0,72,1,404.45,1984.99,Salary,779.18,Investments,Positive,67.3,Low,3505.71,0,2023-07-01,0.3562850941781765,0.20844177596825317,1.023006158682712,0.10409727399257443,0.9039606256603191,1
2023-08-08,1809,1394.59,2700.13,0.11,2217.87,inflation,705.0,0.36,731.79,298.95,6,659.42,97,0,445.05,2832.5,Freelance,1047.74,Utilities,Positive,33.4,Medium,0.0,0,2023-08-01,1.9361461074581061,0.16482539729568577,1.04902356553203,0.21436407833126583,0.2442178709913967,2
2023-09-07,1335,3443.21,4512.55,0.06,2155.54,normal,721.0,0.21,426.84,420.61,7,1081.39,26,0,659.68,2393.65,Salary,1451.83,Healthcare,Positive,32.2,High,0.0,0,2023-09-01,1.310564850822343,0.14618785387419528,0.5304428759792136,0.12215635990834135,0.23964055799935735,3
2023-10-07,1260,2971.84,4285.42,0.27,2372.9,inflation,606.0,0.25,624.85,251.53,3,1225.59,51,0,615.97,1617.93,Salary,1456.88,Healthcare,Positive,46.8,Low,0.0,0,2023-10-01,1.4420089910627758,0.14373620321928773,0.37754292461415684,0.08463780015074836,0.2859906380238109,1
2023-11-06,1955,3076.59,2690.71,0.29,3164.19,recession,764.0,0.43,707.03,284.49,4,1590.81,61,0,327.61,1421.09,Freelance,921.86,Dining Out,Positive,70.9,Low,385.88,0,2023-11-01,0.8745754227895169,0.12175596775572248,0.5281468459997547,0.09246925979737307,0.5912231344143367,1
2019-01-01,1673,2999.61,4736.83,0.09,3268.06,recession,643.0,0.12,575.37,116.1,4,1951.79,34,0,193.82,1924.92,Freelance,1257.13,Groceries,Negative,63.0,Low,0.0,0,2019-01-01,1.5791486226542784,0.040917660122909205,0.40637303850887624,0.038705031654115034,0.41204560856099964,1
2019-01-31,1790,1649.12,3616.05,0.34,3228.48,normal,645.0,0.46,856.95,0.0,2,0.0,55,0,408.32,2647.16,Freelance,2062.87,Rent,Positive,89.2,High,0.0,0,2019-01-01,2.192714902493451,0.11291879260519073,0.7320584615810068,0.0,0.0,3
2019-03-02,1346,3264.57,2994.7,0.33,3207.62,inflation,607.0,0.2,1160.63,553.92,3,1244.48,48,0,423.75,1000.0,Mixed,1624.65,Rent,Positive,54.1,Low,269.87,0,2019-03-01,0.9173336764106758,0.14149998330383678,0.33392326443383313,0.1696762513899227,0.41556082412261663,1
2019-04-01,1060,3517.89,3736.31,0.17,2623.71,normal,666.0,0.51,266.35,464.74,6,0.0,89,0,696.63,2232.4,Salary,569.37,Groceries,Positive,26.6,Low,0.0,0,2019-04-01,1.0620883540986217,0.18644866191509804,0.5974878958116431,0.1321075985889269,0.0,1
2019-05-01,1633,2256.07,2411.77,0.28,2931.69,normal,646.0,0.21,716.82,407.9,8,291.02,46,0,238.23,2062.59,Mixed,300.0,Utilities,Negative,79.0,Medium,0.0,0,2019-05-01,1.0690138160606717,0.09877807585300422,0.8552183665938295,0.18080112762458608,0.1206665643904684,2
2019-05-31,1244,5969.4,2768.71,0.29,2899.07,inflation,631.0,0.34,570.72,275.68,2,676.38,52,0,661.0,2641.31,Salary,1395.43,Groceries,Positive,14.5,Medium,3200.69,1,2019-05-01,0.4638171340503234,0.23873934070379346,0.9539857912168482,0.04618219586558114,0.24429427422879246,2
2019-06-30,1444,5029.99,3890.02,0.12,2755.79,normal,643.0,0.57,598.04,583.82,3,1033.75,69,0,436.04,2015.3,Salary,1047.73,Groceries,Positive,89.7,Low,1139.97,0,2019-06-01,0.7733653546030906,0.11209196867882427,0.5180693158389931,0.11606782518454313,0.2657441349915939,1
2019-07-30,1183,2312.95,3945.06,0.14,3176.74,normal,731.0,0.36,349.9,521.98,5,0.0,29,0,120.68,2156.2,Salary,1000.82,Rent,Positive,0.6,Medium,0.0,0,2019-07-01,1.7056399835707647,0.03059015578977253,0.5465569598434498,0.2256771655245466,0.0,2
2019-08-29,1606,3482.26,3200.29,0.29,2318.06,inflation,617.0,0.18,181.27,562.4,8,669.44,76,0,304.02,1000.0,Salary,1299.05,Dining Out,Negative,83.6,Low,281.97,0,2019-08-01,0.9190267240240533,0.09499764083879898,0.31247168225379574,0.16150431041909563,0.20918104296798104,1
2019-09-28,1773,3354.24,3694.49,0.25,2493.17,normal,644.0,0.57,792.28,34.77,5,162.94,85,0,0.0,2872.78,Salary,1182.78,Rent,Negative,28.5,Low,0.0,0,2019-09-01,1.101438775996947,0.0,0.7775849982000222,0.010365984544934174,0.044103516317543154,1
2019-10-28,1387,3480.16,3775.44,0.1,2507.33,normal,639.0,0.1,772.91,427.53,1,1023.36,76,0,358.81,2021.35,Salary,1081.34,Utilities,Positive,86.5,Low,0.0,0,2019-10-01,1.084846673716151,0.0950379293539296,0.5353945500392007,0.12284780010114477,0.27105714830589284,1
2019-11-27,1484,3803.28,3323.07,0.15,2688.57,normal,648.0,0.29,44.63,158.54,2,1334.9,91,0,789.93,2190.84,Salary,888.78,Healthcare,Neutral,37.1,Low,480.21,0,2019-11-01,0.8737379314696788,0.2377109118977331,0.6592819290595744,0.041685071832733844,0.4017068554078006,1
2019-12-27,1614,2521.17,2507.68,0.09,2730.81,inflation,567.0,0.27,631.99,11.25,3,1138.08,52,0,745.68,1630.68,Salary,1076.93,Entertainment,Positive,27.6,Medium,13.49,0,2019-12-01,0.9946493096459182,0.29735851464301666,0.6502743571747592,0.004462213972084389,0.45383781024692144,2
2020-01-26,1945,5866.09,2721.01,0.06,2751.2,inflation,703.0,0.17,712.0,0.0,8,1164.18,41,0,607.83,2221.14,Salary,1630.53,Transportation,Neutral,18.9,Low,3145.08,1,2020-01-01,0.46385411747859306,0.22338396404276353,0.8162924796307253,0.0,0.42784848273251475,1
2020-02-25,1055,5258.99,2632.55,0.29,2364.88,normal,640.0,0.41,321.09,377.43,5,1926.59,69,0,770.47,2415.06,Freelance,1497.26,Dining Out,Positive,86.3,Low,2626.44,1,2020-02-01,0.500580910022647,0.2926706045469222,0.9173842851987616,0.07176853350167998,0.73183415319747,1
2020-03-26,1566,4067.93,3038.68,0.31,2890.52,inflation,636.0,0.14,683.68,284.02,3,1095.55,79,0,626.41,1869.17,Freelance,1482.5,Groceries,Negative,23.2,Low,1029.25,0,2020-03-01,0.7469843384719009,0.20614543156897075,0.6151256466623666,0.06981929384232276,0.3605348374952282,1
2020-04-25,1763,3914.89,3911.52,0.39,2415.9,normal,623.0,0.52,416.89,510.11,2,636.46,86,0,440.37,2342.96,Freelance,830.68,Dining Out,Positive,13.5,Low,3.37,0,2020-04-01,0.9991391839872896,0.11258283224935575,0.5989896510819324,0.1302999573423519,0.1627142389659263,1
2020-05-25,1784,4488.85,4399.84,0.39,2360.5,normal,714.0,0.18,809.59,767.54,3,1099.68,71,0,380.14,1474.65,Salary,1126.51,Rent,Positive,87.3,High,89.01,0,2020-05-01,0.9801708678169241,0.08639859631259318,0.3351599149059966,0.17098811499604574,0.2499363613222299,3
2020-06-24,1502,4617.04,3659.12,0.26,2351.05,normal,761.0,0.44,559.62,421.09,1,384.99,30,0,421.17,2818.8,Salary,1062.99,Insurance,Positive,62.4,Medium,957.92,0,2020-06-01,0.7925250810042798,0.11510144515621243,0.7703491549880847,0.09120345502746348,0.10521382190253395,2
2020-07-24,1248,4010.68,2836.56,0.37,2560.79,normal,723.0,0.57,196.92,0.0,2,309.71,54,0,521.11,2819.13,Salary,896.4,Rent,Positive,20.5,Low,1174.12,0,2020-07-01,0.7072516381262031,0.18371196096680487,0.9938552330992471,0.0,0.10918506923879628,1
2020-08-23,1029,6619.89,3812.53,0.05,2364.64,normal,722.0,0.32,514.94,111.35,9,1346.38,82,0,496.0,1881.06,Salary,1111.14,Groceries,Positive,46.8,Low,2807.36,1,2020-08-01,0.5759204458080119,0.130097336938988,0.49338890448075157,0.01682052118690794,0.3531460736046667,1
2020-09-22,1355,4660.54,1098.96,0.25,3032.44,normal,622.0,0.58,215.86,324.53,3,1754.83,35,0,826.63,1092.09,Freelance,1437.51,Education,Neutral,97.4,Low,3561.58,1,2020-09-01,0.23580100160067288,0.7521929824561403,0.99374863507316,0.06963356177610319,1.5968097109994903,1
2020-10-22,1842,2384.25,3799.43,0.39,2713.04,recession,787.0,0.14,549.54,714.83,8,0.0,31,0,803.81,2437.97,Salary,1393.45,Entertainment,Positive,7.3,High,0.0,0,2020-10-01,1.593553528363217,0.21156068147064164,0.641667302726988,0.2998133584984796,0.0,3
2020-11-21,1690,3286.94,3863.16,0.4,3306.71,inflation,779.0,0.31,437.4,344.67,8,1518.98,51,0,421.16,1889.4,Salary,1239.94,Insurance,Neutral,78.9,Medium,0.0,0,2020-11-01,1.175305907622287,0.10901955911740649,0.4890814773397944,0.10486044771124511,0.3931962434897856,2
2020-12-21,1387,4244.86,3184.46,0.29,2181.0,normal,587.0,0.32,735.04,929.57,7,727.61,81,0,158.55,1109.36,Salary,1236.41,Education,Negative,72.7,High,1060.4,0,2020-12-01,0.7501919969092032,0.04978866118588395,0.34836675605911205,0.2189871986355263,0.2284877184828825,3
2021-01-20,1663,3007.28,1754.01,0.19,2070.83,normal,644.0,0.36,396.32,1056.53,9,999.69,92,0,610.92,1000.0,Salary,1489.76,Dining Out,Neutral,37.9,Medium,1253.27,0,2021-01-01,0.5832546354180521,0.34829904048437577,0.5701221771825702,0.3513241201351387,0.5699454393076436,2
2021-02-19,1403,3022.18,3194.35,0.26,3488.37,inflation,670.0,0.43,490.28,226.6,7,2064.77,46,0,218.12,1886.59,Mixed,1526.66,Dining Out,Positive,69.6,Low,0.0,0,2021-02-01,1.0569688105936774,0.06828306228184138,0.5906021569333354,0.07497898867704769,0.6463818930298809,1
2021-03-21,1272,3917.15,3508.59,0.27,2791.3,recession,607.0,0.19,401.86,294.24,6,1613.93,52,0,557.54,2129.82,Mixed,1298.92,Insurance,Negative,70.5,Medium,408.56,0,2021-03-01,0.8956996796140051,0.1589071393351745,0.6070301745145485,0.07511583676907956,0.45999390068375046,2
2021-04-20,1447,2020.14,2332.49,0.33,2101.46,normal,648.0,0.39,503.84,400.53,4,1122.77,93,0,505.9,1988.27,Salary,1151.33,Groceries,Positive,31.0,Medium,0.0,0,2021-04-01,1.1546179967725008,0.2168926769246599,0.852423804603664,0.198268436841011,0.48136112051927343,2
2021-05-20,1939,4331.97,2657.92,0.23,3543.98,inflation,710.0,0.35,336.06,488.54,5,1396.12,69,0,710.67,2073.34,Salary,1332.97,Insurance,Positive,99.5,Medium,1674.05,0,2021-05-01,0.6135591890063874,0.2673782506621719,0.7800611004093426,0.11277548090129895,0.5252678786419456,2
2021-06-19,1272,5027.23,2414.2,0.19,2370.73,normal,654.0,0.47,799.65,0.0,6,1149.0,23,0,340.38,1000.0,Freelance,1245.73,Education,Negative,31.0,High,2613.03,1,2021-06-01,0.48022469630392883,0.14099080440725706,0.41421588932151443,0.0,0.47593405683042006,3
2021-07-19,1992,3643.48,2570.2,0.26,3177.48,inflation,748.0,0.57,611.68,222.07,3,1126.53,72,0,225.58,1338.37,Salary,1428.13,Insurance,Positive,32.3,Low,1073.28,0,2021-07-01,0.7054244842842556,0.08776748891136878,0.5207260135398023,0.06094997090693512,0.4383044121080072,1
2021-08-18,1033,4326.45,4967.23,0.3,3077.25,normal,729.0,0.13,353.56,404.45,7,1092.23,53,0,818.72,2351.97,Salary,1182.53,Entertainment,Neutral,42.8,Low,0.0,0,2021-08-01,1.148107570872193,0.16482425818816526,0.4734973013128041,0.09348310970888372,0.21988714031764184,1
2021-09-17,1199,2067.72,2710.95,0.12,3783.45,normal,622.0,0.2,250.13,520.3,1,891.84,28,0,320.48,1666.2,Salary,1425.06,Entertainment,Neutral,97.5,Medium,0.0,0,2021-09-01,1.3110817712262783,0.11821686124790204,0.6146184916726609,0.2516298144816513,0.32897692690754166,2
2021-10-17,1010,3496.37,3863.84,0.19,2388.69,normal,608.0,0.25,736.24,248.68,6,457.74,96,0,268.18,2028.19,Salary,1415.05,Investments,Negative,65.7,Low,0.0,0,2021-10-01,1.105100432734522,0.0694076359269535,0.5249156279763137,0.07112519555996648,0.11846763841152842,1
2021-11-16,1536,4095.6,3810.03,0.14,3334.69,normal,707.0,0.24,554.72,327.25,3,1267.24,24,0,317.75,2565.47,Salary,1677.34,Entertainment,Neutral,38.3,Medium,285.57,0,2021-11-01,0.9302739525344272,0.08339829345175759,0.6733464040965556,0.0799028225412638,0.3326063049372314,2
2021-12-16,1479,3574.03,2144.65,0.11,3056.15,normal,704.0,0.54,472.59,554.64,1,615.29,32,0,57.12,3090.79,Salary,1458.91,Education,Positive,38.4,Medium,1429.38,0,2021-12-01,0.6000649127175766,0.026633716457230783,1.4411628937122607,0.15518616239930833,0.2868952976010071,2
2022-01-15,1058,2808.94,3056.73,0.13,2812.41,normal,684.0,0.45,392.4,234.72,5,1009.11,37,0,388.82,2193.13,Salary,671.01,Transportation,Negative,45.6,High,0.0,0,2022-01-01,1.0882147714084316,0.12720129026770438,0.7174758647312651,0.08356177063233818,0.3301272928914232,3
2022-02-14,1047,2963.77,3715.67,0.24,3239.8,inflation,631.0,0.45,445.48,142.13,1,659.64,34,0,129.8,1851.71,Freelance,1325.53,Healthcare,Positive,37.7,Low,0.0,0,2022-02-01,1.2536971492389761,0.03493313453562884,0.49835157589344586,0.047955813035424476,0.17752922084038678,1
2022-03-16,1267,2534.09,2596.83,0.35,2561.79,recession,664.0,0.33,799.93,364.1,6,1427.01,88,0,429.81,1461.85,Salary,742.35,Healthcare,Negative,42.0,High,0.0,0,2022-03-01,1.0247583945321594,0.1655133374152332,0.5629363493182071,0.14368076903345975,0.5495199916821664,3
2022-04-15,1296,2746.43,2782.97,0.11,3347.0,normal,674.0,0.24,493.07,193.88,1,861.69,74,0,755.72,1098.13,Salary,465.26,Entertainment,Positive,67.7,Low,0.0,0,2022-04-01,1.0133045444449704,0.2715516157198964,0.3945892338041733,0.07059346132979905,0.3096296402763954,1
2022-05-15,1608,3976.21,2736.73,0.08,2872.86,normal,692.0,0.31,508.76,793.09,3,646.01,90,0,682.41,2494.57,Freelance,1374.23,Insurance,Positive,54.0,High,1239.48,0,2022-05-01,0.6882760216386962,0.24935232923963999,0.9115148370500561,0.1994587811005958,0.23605178442886218,3
2022-06-14,1690,5293.22,2753.24,0.09,2937.19,normal,847.0,0.43,496.95,354.66,3,890.28,45,0,480.16,1226.44,Salary,1405.38,Utilities,Positive,30.1,Low,2539.98,0,2022-06-01,0.5201446378574855,0.1743981636181372,0.44545335677238457,0.06700269401234031,0.32335720823466174,1
2022-07-14,1046,4848.26,3714.85,0.19,2898.64,recession,777.0,0.58,607.89,368.71,5,64.08,46,0,400.05,2770.88,Salary,1308.16,Transportation,Positive,1.6,Medium,1133.41,0,2022-07-01,0.7662233461076757,0.1076894087244438,0.7458928355115281,0.0760499643170952,0.01724968706677255,2
2022-08-13,1723,2878.18,3645.56,0.37,1598.06,normal,656.0,0.23,519.37,131.94,1,1607.37,27,0,340.74,1385.69,Salary,1506.68,Utilities,Negative,31.0,Low,0.0,0,2022-08-01,1.266619877839468,0.0934671216493488,0.380103468328597,0.04584146926182518,0.4409116843502781,1
2022-09-12,1692,3067.71,3713.18,0.24,2657.7,normal,666.0,0.35,718.05,475.5,2,1129.23,22,0,475.02,1512.35,Salary,1579.1,Dining Out,Neutral,3.2,Low,0.0,0,2022-09-01,1.2104077634456971,0.12792808320630833,0.40729240166110986,0.1550016135814663,0.3041139939351176,1
2022-10-12,1741,6707.56,1816.45,0.1,1706.52,normal,699.0,0.25,675.57,429.94,7,694.08,36,0,341.93,1120.12,Freelance,1776.29,Rent,Negative,80.2,Low,4891.11,1,2022-10-01,0.2708063737037015,0.18824079936139174,0.616653362327617,0.06409782394790356,0.3821079578298329,1
2022-11-11,1012,5047.92,2324.62,0.05,1805.49,inflation,699.0,0.43,130.35,496.63,7,694.46,61,0,445.59,2599.11,Salary,1128.15,Investments,Positive,77.0,Low,2723.3,1,2022-11-01,0.46051046767777615,0.1916829417281104,1.118079514071117,0.09838309640406345,0.29874129965327667,1
2022-12-11,1044,2851.45,1496.69,0.08,3386.92,normal,645.0,0.41,770.34,727.74,6,924.65,28,1,550.0,1246.02,Salary,1138.71,Healthcare,Positive,23.2,Medium,1354.76,0,2022-12-01,0.524887338021007,0.3674775671648772,0.8325170877068732,0.255217520910414,0.6177966045072794,2
2023-01-10,1453,3697.69,1940.3,0.2,2451.8,recession,738.0,0.47,363.1,522.42,3,2179.66,86,0,493.48,2305.3,Salary,808.21,Utilities,Positive,19.5,High,1757.39,0,2023-01-01,0.5247330089866916,0.2543318043601505,1.188115239911354,0.141282800883795,1.1233623666443333,3
2023-02-09,1156,3337.46,3217.08,0.11,3114.39,recession,655.0,0.11,409.77,619.21,5,538.28,90,0,893.65,2662.82,Salary,704.5,Rent,Neutral,86.9,Medium,120.38,0,2023-02-01,0.963930653850533,0.2777829584592239,0.8277133301005882,0.185533309762514,0.16731943252887713,2
2023-03-11,1490,4633.39,2550.73,0.4,2841.49,normal,658.0,0.45,712.69,338.74,4,798.63,37,0,844.85,1887.72,Salary,1721.65,Entertainment,Positive,85.0,Low,2082.66,0,2023-03-01,0.5505105333244126,0.3312189059602545,0.7400704896245388,0.07310845838576074,0.313098603144982,1
2023-04-10,1406,4073.05,3469.8,0.29,3029.37,normal,615.0,0.32,467.51,486.83,5,1161.34,77,0,991.51,2776.83,Salary,772.07,Entertainment,Positive,23.5,Low,603.25,0,2023-04-01,0.8518923165686648,0.2857542221453686,0.8002853190385613,0.11952468052196756,0.3346994063058389,1
2023-05-10,1624,4229.99,3358.25,0.22,2892.49,normal,745.0,0.32,447.78,614.24,4,1179.99,31,0,181.94,2998.52,Freelance,909.15,Investments,Positive,98.3,Medium,871.74,0,2023-05-01,0.7939144064170365,0.054177026725228915,0.8928817092235539,0.14521074517906662,0.3513705054715998,2
2023-06-09,1407,3875.22,2333.25,0.22,3223.4,normal,702.0,0.57,632.06,384.07,2,1425.48,47,0,736.18,2802.01,Salary,1465.31,Education,Positive,53.9,Medium,1541.97,0,2023-06-01,0.6020948488085838,0.3155169827493839,1.2009043180113577,0.09910921186410063,0.6109418193506911,2
2023-07-09,1136,1614.72,2933.36,0.15,2805.56,recession,714.0,0.26,350.78,98.6,2,1839.47,79,0,682.9,1868.0,Salary,1024.71,Transportation,Neutral,48.0,Medium,0.0,0,2023-07-01,1.8166369401506144,0.23280470177543838,0.6368123926146125,0.06106321839080459,0.6270863446695939,2
2023-08-08,1337,6471.53,2312.55,0.24,3434.23,recession,688.0,0.21,607.48,434.56,1,1361.49,64,0,336.47,2195.39,Salary,1056.24,Investments,Negative,15.1,Low,4158.98,1,2023-08-01,0.3573420813934263,0.14549739465092645,0.9493373116256945,0.06714949942285674,0.5887397029253422,1
2023-09-07,1898,4064.91,2974.73,0.37,2656.61,normal,681.0,0.4,244.79,627.44,3,610.24,34,0,595.35,2577.54,Salary,1864.47,Groceries,Negative,98.0,Medium,1090.18,0,2023-09-01,0.731807100280203,0.20013581064499972,0.8664786383974343,0.1543552009761594,0.20514130694214264,2
2023-10-07,1192,4153.46,2379.73,0.11,2829.91,recession,688.0,0.44,545.3,251.99,4,1626.61,81,0,733.31,1630.62,Salary,903.09,Education,Negative,14.5,Low,1773.73,0,2023-10-01,0.5729512262065843,0.30814840339030053,0.685212187937287,0.06066989931286205,0.6835271228248583,1
2023-11-06,1607,4085.13,3709.59,0.14,3127.78,recession,608.0,0.46,464.2,449.21,3,1672.94,95,0,263.63,2501.95,Salary,1501.33,Transportation,Negative,99.0,Low,375.54,0,2023-11-01,0.9080714689618201,0.07106715297377877,0.6744545893211917,0.10996222886419771,0.45097706215511685,1
2019-01-01,1530,3348.85,3000.73,0.31,2887.71,normal,721.0,0.6,380.74,749.31,5,479.99,44,0,1020.01,1072.4,Salary,1172.87,Investments,Positive,36.5,Medium,348.12,0,2019-01-01,0.8960478970392822,0.33992061931596645,0.35737970427196053,0.22375143706048345,0.15995774361572018,2
2019-01-31,1452,4614.66,4071.72,0.34,2531.7,recession,729.0,0.33,772.85,297.7,3,841.1,66,0,398.07,1825.02,Salary,1172.22,Entertainment,Positive,75.2,High,542.94,0,2019-01-01,0.8823445280909102,0.09776458106156612,0.44821844331142613,0.06451179501848457,0.2065711787647481,3
2019-03-02,1118,3227.28,3351.54,0.32,2828.91,normal,754.0,0.35,833.5,228.91,2,907.62,80,0,338.73,1000.0,Salary,1603.41,Groceries,Neutral,63.8,High,0.0,0,2019-03-01,1.0385030118241987,0.10106697219785532,0.2983703014136785,0.07092969931335366,0.27080685296908286,3
2019-04-01,1909,4711.02,3160.8,0.09,2591.07,normal,680.0,0.27,503.98,595.96,3,1936.03,54,0,494.19,2342.62,Freelance,1734.54,Entertainment,Positive,62.7,Medium,1550.22,0,2019-04-01,0.6709375039800298,0.1563496583143508,0.7411478106808402,0.1265033899240504,0.6125126550240445,2
2019-05-01,1001,4301.38,1671.02,0.15,2845.22,inflation,760.0,0.53,825.8,287.58,5,156.4,28,0,541.16,1545.27,Salary,1495.34,Dining Out,Neutral,49.2,Low,2630.36,0,2019-05-01,0.3884846258642575,0.3238501035295807,0.924746561980108,0.06685761313810916,0.09359552847961126,1
2019-05-31,1926,4766.74,2244.08,0.33,3137.3,recession,743.0,0.45,688.97,265.88,7,881.43,75,0,758.13,2056.48,Salary,1110.62,Investments,Negative,26.6,High,2522.66,0,2019-05-01,0.4707787712356873,0.33783554953477596,0.9164022672988485,0.05577816285343862,0.3927801147909165,3
2019-06-30,1852,4389.62,1513.48,0.4,2693.28,inflation,644.0,0.23,488.27,966.49,9,849.92,95,0,404.91,2265.3,Salary,901.46,Investments,Negative,86.1,Low,2876.14,1,2019-06-01,0.34478610904816365,0.2675357454343632,1.49674921373259,0.22017623393368904,0.5615667204059518,1
2019-07-30,1434,4546.92,3494.64,0.11,2730.19,normal,573.0,0.5,489.36,480.44,7,956.14,71,0,339.82,1823.65,Salary,752.01,Insurance,Positive,9.1,Low,1052.28,0,2019-07-01,0.7685730120609116,0.09724034521438546,0.5218420209234714,0.10566273433445057,0.2736018588466909,1
2019-08-29,1973,5103.96,2071.57,0.3,2494.09,inflation,656.0,0.3,489.04,0.0,6,725.0,65,0,520.2,2626.66,Salary,821.44,Investments,Neutral,42.8,Low,3032.39,1,2019-08-01,0.4058750460426806,0.25111388946547786,1.2679561878189005,0.0,0.3499761050797221,1
2019-09-28,1606,4053.47,4006.81,0.14,2391.93,normal,622.0,0.31,491.23,645.73,5,890.18,84,0,337.57,1820.37,Salary,1588.74,Education,Neutral,86.0,Low,46.66,0,2019-09-01,0.9884888749639198,0.08424906596519426,0.45431902186527434,0.15930301692130447,0.22216676108924555,1
2019-10-28,1423,2997.24,3451.1,0.12,3040.04,normal,675.0,0.28,701.31,465.3,2,547.83,79,0,731.41,1604.62,Salary,1881.66,Dining Out,Neutral,79.5,Medium,0.0,0,2019-10-01,1.1514259785669483,0.2119353249688505,0.4649589985801628,0.15524282339752574,0.1587406913737649,2
2019-11-27,1510,3379.99,3446.95,0.28,2849.9,normal,696.0,0.39,458.86,356.73,5,299.26,31,0,843.21,3100.23,Mixed,1596.99,Dining Out,Positive,13.3,Medium,0.0,0,2019-11-01,1.0198107094991404,0.24462495829646502,0.8994125241155224,0.10554173237198927,0.08681878182161042,2
2019-12-27,1930,3083.05,4311.23,0.08,3384.32,inflation,695.0,0.32,362.5,7.18,1,1333.28,55,0,477.98,3487.11,Freelance,1491.89,Healthcare,Positive,38.8,Low,0.0,0,2019-12-01,1.3983652551856114,0.11086859202594157,0.8088434159161075,0.0023288626522437197,0.30925745088988527,1
2020-01-26,1703,3363.59,2688.39,0.24,2058.94,recession,765.0,0.59,285.74,737.1,1,1226.21,63,0,417.44,1883.79,Salary,804.19,Education,Neutral,25.2,High,675.2,0,2020-01-01,0.7992620979370255,0.15527509029567882,0.7007130661845937,0.2191408584280486,0.4561131383467429,3
2020-02-25,1775,4052.79,2859.19,0.08,2786.93,normal,613.0,0.15,108.61,413.18,5,528.15,24,0,523.94,1458.48,Salary,1214.6,Healthcare,Neutral,57.5,Low,1193.6,0,2020-02-01,0.7054868374625876,0.18324770302078563,0.510102511550474,0.10194952119404163,0.18472014801394798,1
2020-03-26,1667,4374.68,3464.74,0.31,3000.42,normal,663.0,0.45,618.71,323.24,1,924.93,99,0,527.65,3431.66,Salary,2009.45,Entertainment,Neutral,17.8,Low,909.94,0,2020-03-01,0.7919985004617479,0.15229136962658094,0.9904523860376248,0.073888833011786,0.2669550961976945,1
2020-04-25,1884,3676.37,1911.12,0.3,2559.83,normal,703.0,0.44,920.41,410.4,5,786.74,98,0,595.16,3313.32,Mixed,777.98,Insurance,Neutral,21.3,High,1765.25,0,2020-04-01,0.519838862791286,0.31141948176985224,1.733705889740048,0.1116318542475322,0.41166436435179377,3
2020-05-25,1140,4695.57,2806.19,0.1,2240.5,normal,715.0,0.54,336.8,459.0,3,602.27,46,0,542.15,1000.0,Salary,1370.82,Groceries,Positive,69.9,Low,1889.38,0,2020-05-01,0.5976249954744579,0.19319789465431778,0.35635505792551464,0.09775171065493647,0.2146219607367997,1
2020-06-24,1079,3905.77,2526.37,0.17,2404.92,normal,689.0,0.57,462.02,268.17,5,572.37,66,0,377.21,1881.05,Freelance,644.21,Investments,Positive,33.9,Low,1379.4,0,2020-06-01,0.6468302024952826,0.14930908774249219,0.7445663145145011,0.06865995693550823,0.22655826343726376,1
2020-07-24,1108,5735.6,2579.09,0.31,2028.29,normal,639.0,0.16,495.69,394.19,3,354.63,24,0,589.82,1953.59,Freelance,1698.23,Investments,Positive,93.9,High,3156.51,1,2020-07-01,0.44966350512588044,0.22869306615899407,0.757472596923721,0.06872689866796847,0.13750198713499723,3
2020-08-23,1934,4430.2,3398.7,0.22,2466.19,recession,657.0,0.1,483.05,326.84,1,1563.43,99,0,304.14,2316.95,Salary,1843.11,Insurance,Positive,36.5,High,1031.5,0,2020-08-01,0.7671662678885829,0.08948715685409127,0.6817165386765528,0.07377545031827006,0.46000823844411104,3
2020-09-22,1963,3313.54,4702.81,0.32,3501.48,recession,607.0,0.3,548.36,0.0,2,811.46,82,0,798.3,2482.27,Salary,720.25,Groceries,Negative,86.5,Low,0.0,0,2020-09-01,1.4192706289949724,0.1697495752539439,0.5278269800395933,0.0,0.17254790221165642,1
2020-10-22,1097,4058.03,3926.13,0.15,3108.49,normal,603.0,0.13,210.2,16.29,6,1172.34,33,0,273.96,2237.88,Salary,1484.82,Utilities,Positive,33.8,High,131.9,0,2020-10-01,0.9674965438895228,0.06977863697839856,0.5699964086772471,0.004014263078390253,0.2985993841263534,3
2020-11-21,1425,3643.13,3477.74,0.09,3045.19,normal,617.0,0.46,0.0,192.82,2,1202.43,24,0,706.59,2620.51,Salary,936.37,Insurance,Positive,83.9,Low,165.39,0,2020-11-01,0.9546022239118559,0.203175050463807,0.7535094630420907,0.05292701605487589,0.34575040112256816,1
2020-12-21,1035,2099.6,4208.1,0.29,4038.47,recession,696.0,0.42,151.14,496.29,8,887.49,54,0,621.52,2255.84,Salary,917.56,Utilities,Positive,38.4,Low,0.0,0,2020-12-01,2.0042389026481238,0.14769610988332024,0.5360709108623845,0.23637359497047059,0.21090040635916446,1
2021-01-20,1729,3494.72,3054.29,0.13,2364.0,normal,663.0,0.31,314.63,500.49,6,1363.45,25,0,451.45,2851.1,Salary,907.7,Healthcare,Positive,88.2,Medium,440.43,0,2021-01-01,0.8739727360131856,0.14780849231736345,0.933473900644667,0.1432131901840491,0.4464048927901411,2
2021-02-19,1694,3887.49,1896.1,0.39,2912.79,inflation,727.0,0.53,520.56,310.66,7,982.2,69,0,285.37,2002.62,Freelance,843.75,Rent,Positive,15.4,High,1991.39,0,2021-02-01,0.48774401992030847,0.15050366541849058,1.0561784715995992,0.07991274575625919,0.5180106534465482,3
2021-03-21,1009,3751.52,2984.54,0.19,2719.39,inflation,629.0,0.58,421.5,672.01,4,883.99,87,0,496.63,2406.76,Salary,1327.49,Utilities,Neutral,35.2,Medium,766.98,0,2021-03-01,0.7955548684266643,0.16640085239266353,0.8064090278568893,0.17913005928263745,0.29618969757483565,2
2021-04-20,1998,5075.96,1993.4,0.24,3256.95,normal,690.0,0.59,586.24,608.31,2,1829.03,25,0,602.5,1862.87,Salary,539.61,Investments,Positive,7.5,Low,3082.56,0,2021-04-01,0.3927138905743938,0.30224741647436537,0.9345189124109561,0.1198413699083523,0.9175428915420888,1
2021-05-20,1999,3294.98,3410.53,0.28,2859.43,recession,757.0,0.51,436.89,449.3,1,1335.86,27,0,280.83,2369.41,Salary,1498.07,Rent,Positive,56.1,Low,0.0,0,2021-05-01,1.0350684981395941,0.08234204067989431,0.6947336630963515,0.13635894603305634,0.3916869225604231,1
2021-06-19,1892,2298.41,3206.4,0.05,1981.61,normal,694.0,0.38,536.02,406.04,1,766.07,25,0,343.67,2791.09,Freelance,1752.5,Utilities,Neutral,59.5,Medium,0.0,0,2021-06-01,1.3950513615934494,0.10718250998003992,0.8704746756487026,0.17666125712992897,0.23891903692614772,2
2021-07-19,1755,4675.74,3354.49,0.37,2828.38,normal,678.0,0.43,541.6,378.68,4,493.38,98,0,200.81,1807.27,Salary,845.1,Rent,Neutral,1.5,Low,1321.25,0,2021-07-01,0.7174244076873393,0.05986304922655904,0.5387614808808493,0.08098824998823716,0.14708048019221998,1
2021-08-18,1354,4056.35,2356.37,0.08,2768.56,normal,691.0,0.36,435.63,466.12,5,198.92,70,0,571.46,3160.19,Mixed,911.9,Groceries,Positive,30.2,Medium,1699.98,0,2021-08-01,0.5809089452340158,0.24251709196773005,1.3411263935629805,0.11491118863017245,0.08441798189588222,2
2021-09-17,1521,4685.76,2810.71,0.34,3239.07,inflation,649.0,0.12,598.9,60.52,2,1015.86,51,0,394.6,3227.63,Salary,1439.28,Healthcare,Neutral,32.0,Low,1875.05,0,2021-09-01,0.5998407942361538,0.14039157365932453,1.148332627699051,0.012915727651437546,0.3614246934048692,1
2021-10-17,1271,4977.35,2036.96,0.29,3143.3,recession,753.0,0.6,349.66,621.65,4,843.86,83,0,294.19,2990.21,Mixed,757.51,Insurance,Positive,33.0,Medium,2940.39,0,2021-10-01,0.40924588385385796,0.14442600738355196,1.4679767889403816,0.12489577787376815,0.41427421255203833,2
2021-11-16,1622,4273.35,1621.95,0.32,3404.88,normal,608.0,0.46,313.75,996.68,4,800.67,44,0,710.46,2483.29,Freelance,1698.83,Transportation,Positive,57.1,Medium,2651.4,0,2021-11-01,0.3795500017550633,0.43802829926939796,1.531052128610623,0.23323153965858165,0.4936465365763433,2
2021-12-16,1354,3494.96,3407.34,0.15,3847.28,inflation,789.0,0.14,339.48,723.6,3,723.05,90,0,475.89,2342.17,Salary,971.1,Utilities,Neutral,3.8,Low,87.62,0,2021-12-01,0.9749296129283311,0.13966613252566518,0.6873895766198853,0.20704099617735253,0.21220365446359915,1
2022-01-15,1095,4543.78,2845.01,0.29,2970.76,inflation,601.0,0.29,822.61,494.39,2,1283.09,31,0,267.11,3045.19,Salary,1787.76,Utilities,Positive,67.9,High,1698.77,0,2022-01-01,0.6261328673483312,0.09388719196066095,1.0703617913469547,0.10880588408769791,0.4509966573052467,3
2022-02-14,1660,5528.53,3360.99,0.13,1913.92,normal,607.0,0.54,567.11,0.0,2,1743.28,83,0,769.97,1317.05,Salary,1112.51,Transportation,Positive,25.6,Medium,2167.54,1,2022-02-01,0.6079355633414307,0.22909023829288397,0.3918637068244773,0.0,0.518680507826563,2
2022-03-16,1737,4817.76,3645.15,0.16,2243.17,recession,724.0,0.25,688.21,0.0,5,1679.86,53,0,504.2,1719.35,Freelance,1687.13,Investments,Positive,20.6,Medium,1172.61,0,2022-03-01,0.756606804822158,0.13832078240950302,0.4716815494561266,0.0,0.460847976077802,2
2022-04-15,1571,3917.81,2376.96,0.15,3277.53,recession,766.0,0.58,943.99,357.11,4,1101.07,31,0,621.19,1951.02,Freelance,435.37,Investments,Positive,50.7,Low,1540.85,0,2022-04-01,0.6067062976509836,0.2613380115778137,0.8208047253634895,0.09115041311344858,0.4632261375875067,1
2022-05-15,1294,5141.31,4833.38,0.1,3309.57,normal,673.0,0.3,636.96,595.16,6,1287.79,45,0,642.25,1819.11,Freelance,1273.02,Education,Negative,18.8,Low,307.93,0,2022-05-01,0.9401067043224391,0.13287802738456317,0.37636395234804626,0.11576038013657997,0.26643673785218625,1
2022-06-14,1949,3115.15,2762.38,0.07,2361.78,normal,761.0,0.3,515.48,599.79,5,1199.8,24,0,576.92,1935.48,Salary,1595.63,Dining Out,Positive,9.8,Low,352.77,0,2022-06-01,0.8867566569828098,0.2088488911735532,0.7006566801091811,0.19253968508739544,0.4343356091486327,1
2022-07-14,1779,4666.89,1994.19,0.31,3632.74,inflation,567.0,0.59,491.25,86.43,7,709.47,40,0,588.72,2368.76,Freelance,801.39,Education,Positive,81.5,Low,2672.7,0,2022-07-01,0.42730597892815125,0.29521760714876716,1.1878306480325347,0.018519827979660973,0.35576850751432915,1
2022-08-13,1192,3248.15,3728.25,0.15,2812.04,normal,655.0,0.17,364.76,386.87,9,1414.08,67,0,707.22,2015.12,Salary,957.34,Investments,Negative,57.1,High,0.0,0,2022-08-01,1.1478072133368225,0.18969221484610743,0.5405002346945618,0.11910472114896171,0.3792878696439348,3
2022-09-12,1383,3731.59,2505.95,0.09,2322.42,recession,605.0,0.49,233.63,116.68,9,100.43,28,0,484.73,2603.96,Salary,1135.19,Rent,Neutral,9.6,Low,1225.64,0,2022-09-01,0.6715501971009676,0.19343163271414038,1.0391109160198728,0.031268172548431096,0.04007661764999302,1
2022-10-12,1518,3263.77,3183.38,0.12,2350.28,normal,631.0,0.56,497.82,454.9,3,935.68,20,1,503.22,3331.16,Salary,1190.5,Healthcare,Positive,90.9,Medium,80.39,0,2022-10-01,0.9753689751422435,0.1580772637888031,1.046422356112057,0.13937869396434185,0.29392658118100884,2
2022-11-11,1901,4607.72,2172.89,0.19,2606.41,inflation,734.0,0.56,418.91,505.64,2,2037.83,69,0,466.98,1883.69,Salary,1130.66,Education,Positive,77.6,Low,2434.83,0,2022-11-01,0.4715759638172458,0.21491193755781474,0.866905365665082,0.1097375708593404,0.9378431489859128,1
2022-12-11,1664,4826.8,3189.31,0.27,2901.75,normal,656.0,0.5,458.44,419.12,6,1357.43,50,0,289.16,3618.23,Salary,1980.84,Insurance,Positive,23.1,High,1637.49,0,2022-12-01,0.6607503936355349,0.09066537903182821,1.1344867698655823,0.0868318554736057,0.4256187074947246,3
2023-01-10,1543,4103.19,4148.24,0.18,2828.83,normal,705.0,0.23,356.06,179.31,4,631.65,97,0,673.15,1724.77,Freelance,943.08,Insurance,Positive,27.4,Medium,0.0,0,2023-01-01,1.0109792624762686,0.16227363894085203,0.4157835612211444,0.043700145496552684,0.15226939617765606,2
2023-02-09,1494,2663.92,4313.45,0.16,2761.14,normal,583.0,0.12,687.23,78.43,2,761.67,90,0,852.41,2615.43,Salary,1393.81,Utilities,Neutral,83.3,Low,0.0,0,2023-02-01,1.6192115378840204,0.19761675688833763,0.6063429505384321,0.02944157482206673,0.17658023160115452,1
2023-03-11,1987,4800.06,1963.21,0.18,2162.12,recession,687.0,0.4,718.61,379.88,9,1871.68,34,0,666.42,2345.66,Salary,1529.69,Insurance,Positive,98.3,Low,2836.85,1,2023-03-01,0.4089969708711974,0.33945426113355165,1.1948085024016788,0.07914067740819905,0.9533773768471024,1
2023-04-10,1877,6147.71,4363.65,0.15,3249.74,inflation,716.0,0.4,897.7,188.1,5,687.07,60,0,370.8,2220.54,Salary,680.1,Insurance,Negative,0.7,Low,1784.06,0,2023-04-01,0.7098008852076626,0.08497473445395484,0.5088721597745007,0.03059675879311158,0.1574530496258866,1
2023-05-10,1314,4385.22,2978.25,0.21,2224.66,recession,635.0,0.32,394.18,647.61,4,1671.55,24,0,669.24,2510.28,Freelance,1639.01,Healthcare,Positive,22.5,Low,1406.97,0,2023-05-01,0.6791563479141297,0.22470914127423822,0.8428708133971292,0.14768016199871387,0.5612524133299757,1
2023-06-09,1841,4204.23,2972.51,0.34,2436.48,normal,726.0,0.28,377.21,741.09,6,760.8,30,0,840.83,2603.14,Salary,613.26,Healthcare,Positive,79.3,Low,1231.72,0,2023-06-01,0.7070283975900463,0.2828686867327612,0.8757380126559707,0.17627246844249722,0.25594531221089245,1
2023-07-09,1445,4819.52,3501.91,0.23,2376.83,normal,727.0,0.26,489.85,239.73,4,1206.69,48,0,733.42,2703.57,Salary,751.67,Dining Out,Positive,61.6,Low,1317.61,0,2023-07-01,0.7266097038709248,0.20943428014997528,0.772027265121034,0.04974146803001128,0.34458052891136554,1
2023-08-08,1270,3710.49,3633.41,0.27,2624.29,normal,705.0,0.38,796.19,692.52,8,2042.46,89,0,221.77,2364.33,Salary,1317.92,Groceries,Positive,86.4,High,77.08,0,2023-08-01,0.9792264633512016,0.061036326756407897,0.6507192967487843,0.1866384224186024,0.562133092604468,3
2023-09-07,1626,4088.05,3161.43,0.3,3451.91,normal,657.0,0.28,745.27,751.72,8,66.51,85,0,460.52,1144.4,Salary,1528.61,Insurance,Positive,32.1,Medium,926.62,0,2023-09-01,0.7733344748718826,0.1456682577188171,0.3619880876691877,0.18388229106786855,0.021037948017194753,2
2023-10-07,1899,6398.69,4022.54,0.36,1700.95,normal,746.0,0.32,545.66,658.45,4,981.18,70,0,615.02,2081.12,Salary,1711.0,Groceries,Neutral,51.7,High,2376.15,1,2023-10-01,0.6286505519098441,0.1528934454349739,0.5173646501961447,0.10290387563704446,0.24392050793777065,3
2023-11-06,1961,6130.53,2355.21,0.31,1752.34,normal,625.0,0.39,377.35,27.32,1,1003.21,33,0,535.32,1544.37,Salary,1004.25,Rent,Neutral,7.7,Medium,3775.32,1,2023-11-01,0.384177224481407,0.22729183384921092,0.655724967200377,0.004456384684521567,0.42595352431418004,2
2019-01-01,1720,3816.71,4674.74,0.37,2947.07,normal,813.0,0.22,618.08,528.05,7,768.09,88,0,463.53,2600.82,Salary,1002.12,Insurance,Positive,54.6,High,0.0,0,2019-01-01,1.2248088012974525,0.0991563167149403,0.5563560754180982,0.13835214098005874,0.16430646410281644,3
2019-01-31,1878,4423.41,2900.19,0.08,3457.16,normal,658.0,0.32,999.11,461.53,4,367.15,22,0,405.98,3021.31,Salary,549.99,Investments,Positive,90.8,Low,1523.22,0,2019-01-01,0.6556457574586123,0.13998393208720808,1.0417627810591719,0.10433805593422268,0.12659515411059274,1
2019-03-02,1864,3706.82,3881.34,0.26,3122.51,inflation,631.0,0.36,612.25,317.14,8,1089.39,98,0,809.9,2385.13,Salary,2146.72,Investments,Neutral,6.9,Low,0.0,0,2019-03-01,1.047080786226469,0.2086650486687587,0.6145119984335307,0.08555581333865685,0.28067368486141386,1
2019-04-01,1415,3054.59,3320.75,0.2,2638.09,normal,674.0,0.23,345.04,283.78,4,900.53,75,0,549.39,1408.08,Salary,1008.04,Groceries,Negative,5.8,Medium,0.0,0,2019-04-01,1.0871344435750787,0.1654415418203719,0.42402469321689373,0.09290281183399407,0.27118271474817435,2
2019-05-01,1707,4231.51,1897.87,0.31,2309.95,inflation,706.0,0.23,563.13,335.76,6,683.11,47,0,541.41,2889.97,Salary,923.25,Dining Out,Positive,78.8,Medium,2333.64,1,2019-05-01,0.4485089247100916,0.28527243699515775,1.522743918181962,0.07934756150877582,0.35993508512174177,2
2019-05-31,1921,2889.92,4189.15,0.25,2757.7,recession,642.0,0.59,543.53,681.78,5,706.22,39,0,422.9,1770.25,Salary,2000.8,Groceries,Positive,38.2,Medium,0.0,0,2019-05-01,1.4495729985605137,0.10095126696346514,0.42257975961710614,0.2359165651644336,0.1685831254550446,2
2019-06-30,1287,4918.62,2495.46,0.25,2819.8,inflation,737.0,0.33,328.05,419.91,5,767.24,66,0,308.83,2222.36,Mixed,1080.88,Investments,Positive,78.9,Medium,2423.16,0,2019-06-01,0.5073496224550789,0.12375674224391495,0.8905612592467922,0.08537150664210694,0.30745433707613024,2
2019-07-30,1344,3266.03,3162.23,0.15,2784.68,normal,638.0,0.44,449.04,260.35,4,1311.57,28,0,353.47,1947.26,Mixed,1116.14,Entertainment,Negative,21.3,Medium,103.8,0,2019-07-01,0.9682182956065927,0.11177871312333386,0.6157869604677711,0.07971451578828119,0.4147611021336209,2
2019-08-29,1970,6847.04,3906.19,0.39,1920.98,normal,718.0,0.1,450.95,476.11,7,1302.25,53,0,656.6,2737.36,Mixed,1542.08,Utilities,Neutral,17.5,Low,2940.85,1,2019-08-01,0.5704932350329486,0.16809218189591393,0.7007749239028311,0.06953515679768192,0.3333811207340145,1
2019-09-28,1105,4897.52,2716.08,0.35,3564.76,normal,612.0,0.18,560.64,225.72,7,809.11,53,0,579.2,2551.0,Salary,547.27,Rent,Negative,23.4,High,2181.44,0,2019-09-01,0.5545827275845734,0.2132485051986687,0.9392212305970369,0.046088632614057726,0.29789623280610295,3
2019-10-28,1752,3006.83,2995.2,0.07,3482.78,normal,673.0,0.39,769.17,766.89,8,0.0,67,0,368.91,1000.0,Salary,1703.69,Rent,Positive,6.9,Low,11.63,0,2019-10-01,0.9961321391631718,0.12316706730769232,0.3338675213675214,0.2550493376745609,0.0,1
2019-11-27,1551,4457.09,3930.75,0.13,3484.69,inflation,675.0,0.48,550.97,589.59,2,544.08,83,0,984.78,2305.8,Salary,897.5,Healthcare,Neutral,32.5,High,526.34,0,2019-11-01,0.8819094970036503,0.2505323411562679,0.5866056096164854,0.13228137641375876,0.1384163327609235,3
2019-12-27,1075,3229.27,3232.55,0.4,1719.16,normal,596.0,0.39,723.0,443.63,9,1280.13,80,1,544.71,2819.56,Salary,1063.16,Rent,Positive,43.1,Medium,0.0,0,2019-12-01,1.001015709432782,0.1685078343722448,0.8722401818997385,0.1373777974588684,0.3960124360025367,2
2020-01-26,1268,4118.27,2496.65,0.28,2563.67,normal,604.0,0.17,535.37,76.52,3,1805.38,62,0,348.11,2046.1,Freelance,1056.86,Rent,Negative,32.8,Medium,1621.62,0,2020-01-01,0.606237570630386,0.1394308373220115,0.819538181162758,0.018580617589424683,0.7231209821160355,2
2020-02-25,1097,3814.7,2436.64,0.2,2889.7,normal,605.0,0.36,362.91,673.23,2,703.41,68,0,321.67,2394.87,Salary,648.47,Groceries,Negative,12.8,High,1378.06,0,2020-02-01,0.6387500983039295,0.1320137566484996,0.9828575415326023,0.17648307861692927,0.28868031387484405,3
2020-03-26,1274,1346.96,3085.74,0.3,2640.98,inflation,742.0,0.46,409.03,288.51,5,1429.59,80,0,280.82,2134.51,Salary,893.39,Transportation,Positive,32.9,Low,0.0,0,2020-03-01,2.2908920829126327,0.09100572310045565,0.6917335874052902,0.21419344301241314,0.46328919481226544,1
2020-04-25,1313,4159.08,3558.11,0.15,2985.75,recession,605.0,0.21,474.77,896.42,8,1246.47,90,1,380.89,2468.66,Salary,1430.57,Dining Out,Positive,94.2,Low,600.97,0,2020-04-01,0.8555041018686825,0.10704840491159631,0.693812164323194,0.2155332429287246,0.35031800590763074,1
2020-05-25,1052,4385.47,2898.22,0.19,2321.21,normal,638.0,0.15,127.53,170.15,1,299.78,86,0,118.95,2268.67,Freelance,1713.51,Groceries,Positive,46.9,Low,1487.25,0,2020-05-01,0.6608687324277671,0.04104243294159864,0.7827804652510852,0.03879857803154508,0.10343590203642235,1
2020-06-24,1587,2655.04,1722.57,0.06,3639.39,normal,701.0,0.33,371.84,304.85,8,1493.02,22,0,839.63,1821.25,Mixed,1412.31,Dining Out,Positive,4.9,Low,932.47,0,2020-06-01,0.6487924852356273,0.48742866763034304,1.0572864963397715,0.11481936242015187,0.8667398131861115,1
2020-07-24,1775,4107.0,2575.75,0.16,3011.21,normal,563.0,0.5,705.39,482.41,1,0.0,97,0,475.52,3147.18,Salary,1019.72,Education,Neutral,27.9,Medium,1531.25,0,2020-07-01,0.6271609447285122,0.1846141900417354,1.22184994661749,0.11746043340637936,0.0,2
2020-08-23,1006,4101.85,2935.32,0.38,3409.86,recession,608.0,0.11,176.22,650.36,4,950.0,41,0,233.47,1900.1,Mixed,1257.41,Dining Out,Positive,8.7,Low,1166.53,0,2020-08-01,0.7156088106586053,0.0795381764168813,0.6473229494569587,0.1585528481051233,0.32364444081054194,1
2020-09-22,1801,5810.44,2797.09,0.15,2946.61,normal,668.0,0.1,684.83,537.31,9,1716.19,36,0,299.1,1684.84,Mixed,827.68,Insurance,Negative,55.9,Low,3013.35,1,2020-09-01,0.48139039384280713,0.1069325620555649,0.6023545899488396,0.09247320340628248,0.6135626669145433,1
2020-10-22,1321,2883.01,3746.28,0.31,2227.46,normal,741.0,0.49,848.98,0.0,1,797.17,71,0,501.18,1000.0,Salary,1478.58,Education,Positive,48.2,Low,0.0,0,2020-10-01,1.2994335781006656,0.13378071046478104,0.2669314626776429,0.0,0.21278975410273657,1
2020-11-21,1390,3205.32,2136.44,0.25,2567.61,inflation,635.0,0.16,550.25,745.75,7,1229.77,66,0,546.66,2788.24,Freelance,1271.39,Rent,Positive,97.3,Medium,1068.88,0,2020-11-01,0.6665293948810103,0.2558742581116249,1.3050869671041545,0.23266007762095514,0.575616446050439,2
2020-12-21,1617,4818.75,3073.84,0.09,2721.71,normal,647.0,0.45,667.79,555.74,2,240.58,87,0,520.94,1892.53,Salary,1632.32,Entertainment,Neutral,76.8,Low,1744.91,0,2020-12-01,0.6378915693904021,0.16947531426489343,0.6156891705488899,0.11532866407263295,0.07826692345730422,1
2021-01-20,1802,2755.45,2302.99,0.35,1882.96,normal,651.0,0.48,552.8,822.54,3,828.85,46,0,576.19,2331.48,Freelance,1712.95,Investments,Positive,14.2,Medium,452.46,0,2021-01-01,0.8357945163221978,0.2501921415203714,1.0123708743850386,0.2985138543613566,0.35990169301646996,2
2021-02-19,1433,4459.03,2532.93,0.24,3752.94,recession,741.0,0.2,395.85,586.49,9,1543.76,82,0,498.84,1997.35,Salary,1383.85,Insurance,Positive,50.5,Low,1926.1,0,2021-02-01,0.5680450680977701,0.19694188153640252,0.7885531775453724,0.13152860599726848,0.6094759823603495,1
2021-03-21,1475,5162.02,4104.71,0.28,3498.9,inflation,670.0,0.12,614.22,614.17,9,880.01,63,0,496.3,2294.13,Salary,1573.88,Utilities,Negative,4.7,High,1057.31,0,2021-03-01,0.7951751446139301,0.12090988157506864,0.5589018469027045,0.11897861689803602,0.21439029797476558,3
2021-04-20,1092,3966.3,3114.97,0.3,2121.94,recession,651.0,0.51,536.9,127.84,6,1268.22,44,0,725.75,2375.07,Salary,1223.42,Rent,Neutral,47.9,High,851.33,0,2021-04-01,0.7853591508458764,0.23298779763529023,0.7624696225003773,0.03223155081562161,0.4071371473882574,3
2021-05-20,1993,4343.65,3986.25,0.34,3611.01,recession,669.0,0.37,450.61,415.11,1,339.21,63,0,417.59,1000.0,Salary,787.34,Investments,Neutral,17.4,High,357.4,0,2021-05-01,0.9177189690697916,0.10475760426465976,0.2508623392913139,0.09556709219205048,0.08509501411100658,3
2021-06-19,1308,4248.11,2131.51,0.1,3344.46,inflation,669.0,0.56,412.01,114.23,7,630.96,50,0,388.82,1788.89,Freelance,1311.82,Rent,Positive,99.1,High,2116.6,0,2021-06-01,0.5017548980605494,0.18241528306224225,0.8392594920971518,0.02688960502435201,0.2960155007482958,3
2021-07-19,1852,3200.14,3695.42,0.33,2995.36,inflation,764.0,0.31,130.95,230.6,5,1041.07,60,0,785.73,2851.16,Salary,1427.57,Entertainment,Positive,44.9,Medium,0.0,0,2021-07-01,1.154768228889986,0.21262265182306747,0.7715388237331615,0.07205934740355109,0.2817189926990707,2
2021-08-18,1584,4445.12,2184.64,0.18,3280.53,normal,710.0,0.56,533.8,461.62,5,1225.95,90,0,549.66,1733.09,Salary,2070.8,Insurance,Positive,62.2,High,2260.48,0,2021-08-01,0.49146929666690664,0.2516020946242859,0.7933069064010546,0.10384871499532071,0.5611679727552367,3
2021-09-17,1155,4176.33,3309.43,0.25,2199.51,recession,664.0,0.22,411.23,141.49,6,1764.29,24,0,521.0,1801.76,Salary,1529.15,Education,Neutral,78.3,High,866.9,0,2021-09-01,0.7924254069960947,0.1574289228054378,0.5444321227522565,0.03387902775882174,0.5331099313174776,3
2021-10-17,1465,5655.8,2328.18,0.17,2441.63,recession,663.0,0.59,603.25,410.79,1,1668.64,97,0,349.24,1983.67,Salary,1892.02,Rent,Positive,94.6,Low,3327.62,1,2021-10-01,0.4116446833339227,0.1500055837607058,0.8520260460960923,0.0726316347819937,0.7167143433926931,1
2021-11-16,1668,6528.31,3567.26,0.11,4195.21,normal,676.0,0.51,507.94,394.69,9,660.97,60,0,530.21,2259.81,Freelance,1720.68,Insurance,Negative,80.8,High,2961.05,0,2021-11-01,0.5464293209115376,0.14863228360141958,0.633486205098591,0.06045821966175013,0.18528786799952904,3
2021-12-16,1476,6768.22,3576.71,0.31,2549.57,normal,715.0,0.54,670.44,0.0,5,583.61,56,0,195.43,2567.44,Salary,971.35,Entertainment,Positive,87.2,High,3191.51,1,2021-12-01,0.5284565218033692,0.05463959896105639,0.7178216852917905,0.0,0.1631695049361005,3
2022-01-15,1125,2979.52,5236.64,0.29,2809.77,recession,664.0,0.13,819.59,703.07,7,561.32,71,0,152.1,2016.11,Freelance,1546.44,Utilities,Positive,12.3,Medium,0.0,0,2022-01-01,1.7575448394372248,0.02904534205139173,0.38500068746371713,0.23596753839544626,0.10719087048183569,2
2022-02-14,1459,4147.24,3104.08,0.25,2452.09,inflation,656.0,0.23,633.07,125.67,3,231.51,20,0,256.75,2248.77,Salary,916.7,Insurance,Negative,44.4,Low,1043.16,0,2022-02-01,0.7484688612185454,0.08271371871858973,0.724456199582485,0.03030208041974904,0.07458248498750032,1
2022-03-16,1467,5065.61,3998.17,0.35,3671.81,inflation,698.0,0.32,612.35,36.23,7,915.39,45,0,473.78,3003.61,Salary,1601.17,Utilities,Positive,58.7,Medium,1067.44,0,2022-03-01,0.7892771058174634,0.11849921339012598,0.7512461951342739,0.007152149494335331,0.22895224565238595,2
2022-04-15,1328,4502.18,3928.08,0.27,2635.51,inflation,668.0,0.15,584.56,0.0,5,1021.89,22,0,593.51,1721.17,Salary,300.0,Investments,Negative,75.5,Medium,574.1,0,2022-04-01,0.8724839966416269,0.15109417323476101,0.43817081118510826,0.0,0.2601499969450724,2
2022-05-15,1867,4023.22,2234.86,0.28,2903.16,recession,621.0,0.25,244.69,348.15,4,321.43,72,0,658.4,1698.66,Freelance,1207.62,Entertainment,Neutral,77.9,High,1788.36,0,2022-05-01,0.5554903783536571,0.2946045837323143,0.760074456565512,0.08653516337659885,0.14382556401743285,3
2022-06-14,1329,4218.27,820.0,0.35,2965.9,recession,734.0,0.12,810.22,494.32,2,908.43,44,0,494.03,2016.34,Salary,1659.82,Rent,Positive,53.5,Medium,3398.27,1,2022-06-01,0.19439248791566208,0.6024756097560975,2.458951219512195,0.11718548125179279,1.107841463414634,2
2022-07-14,1268,3935.86,2877.91,0.27,3840.85,normal,666.0,0.47,579.74,362.51,8,1250.72,48,1,601.12,2460.28,Salary,1387.53,Rent,Negative,25.1,High,1057.95,0,2022-07-01,0.7312023293511456,0.20887380077903758,0.8548842736569248,0.09210439395710213,0.4345931596193071,3
2022-08-13,1571,3959.13,2506.97,0.37,2989.43,recession,626.0,0.31,704.35,0.0,5,0.0,55,0,239.78,1229.24,Salary,1314.05,Investments,Negative,26.6,High,1452.16,0,2022-08-01,0.6332123471570774,0.09564534078987783,0.49032896285156985,0.0,0.0,3
2022-09-12,1355,3810.97,2585.32,0.14,3269.94,recession,592.0,0.46,319.61,98.37,1,1553.85,33,0,557.61,2161.35,Salary,1600.71,Rent,Positive,65.4,Low,1225.65,0,2022-09-01,0.6783889665885589,0.21568316494669904,0.8360086952485571,0.02581232599574387,0.601028112574072,1
2022-10-12,1681,5005.06,2421.18,0.3,1916.07,normal,654.0,0.16,513.19,502.21,4,1184.38,70,0,319.65,2027.77,Mixed,1642.5,Insurance,Positive,69.5,Low,2583.88,1,2022-10-01,0.48374644859402277,0.1320224022997051,0.8375131134405538,0.1003404554590754,0.4891746999396989,1
2022-11-11,1470,5019.59,4036.0,0.16,3032.5,normal,675.0,0.35,567.52,294.08,1,1576.67,85,0,822.54,2471.86,Salary,1564.72,Rent,Positive,34.6,Medium,983.59,0,2022-11-01,0.8040497331455357,0.20380079286422198,0.6124529236868187,0.05858645825655083,0.3906516352824579,2
2022-12-11,1511,5058.46,3863.76,0.25,2981.48,normal,546.0,0.2,423.16,726.31,7,1255.74,85,0,556.03,1753.13,Salary,1341.4,Transportation,Negative,67.2,Low,1194.7,0,2022-12-01,0.7638214001889904,0.14390904196948048,0.45373677454086175,0.14358322493407083,0.32500465867445183,1
2023-01-10,1158,2992.75,3377.14,0.17,2919.13,recession,635.0,0.14,685.28,905.14,7,811.18,26,0,828.32,2769.19,Salary,1260.19,Healthcare,Positive,49.3,Medium,0.0,0,2023-01-01,1.1284403976276,0.24527262713420234,0.8199808121665078,0.30244424024726424,0.2401973267320869,2
2023-02-09,1213,4506.97,2815.09,0.21,3386.98,normal,710.0,0.38,629.09,122.77,4,1093.22,96,0,918.27,2437.89,Mixed,1135.24,Transportation,Positive,92.6,Low,1691.88,0,2023-02-01,0.6246081069987153,0.3261956100870665,0.8660078363391578,0.027240030441738016,0.3883428238528786,1
2023-03-11,1304,4174.95,3191.07,0.2,2580.12,normal,635.0,0.46,376.82,387.09,6,1081.32,95,0,493.0,2892.7,Mixed,887.72,Utilities,Positive,50.6,Medium,983.88,0,2023-03-01,0.7643372974526642,0.15449363379681422,0.9064984472292992,0.09271727805123414,0.33885812595775083,2
2023-04-10,1097,1592.19,2720.16,0.33,2255.14,inflation,672.0,0.48,499.2,502.89,1,1020.83,72,0,348.24,1854.09,Salary,1338.3,Investments,Negative,35.5,High,0.0,0,2023-04-01,1.7084393194279575,0.12802188106581966,0.6816106405505559,0.31584798296685695,0.3752830715840245,3
2023-05-10,1250,4437.84,2553.31,0.14,1946.94,recession,707.0,0.17,504.39,224.02,6,1423.11,79,0,823.63,2024.0,Salary,785.43,Groceries,Positive,55.7,High,1884.53,0,2023-05-01,0.5753497196834496,0.32257344388264647,0.7926965390023146,0.050479512555657705,0.5573588792586878,3
2023-06-09,1028,3041.88,1357.22,0.33,3334.79,normal,725.0,0.28,428.2,154.88,5,1261.02,63,0,499.92,2451.77,Salary,1465.22,Insurance,Negative,39.5,High,1684.66,0,2023-06-01,0.44617802148671215,0.3683411679757151,1.8064646851652642,0.050915880968348516,0.9291198184524248,3
2023-07-09,1455,3413.57,2147.13,0.38,3145.49,inflation,683.0,0.56,547.79,742.08,4,1708.4,27,0,362.01,1209.94,Salary,545.04,Education,Negative,68.2,High,1266.44,0,2023-07-01,0.6289983799951371,0.16860180799485824,0.5635150177213303,0.21739117697893995,0.7956667737864033,3
2023-08-08,1142,3619.99,4167.6,0.22,3705.39,recession,653.0,0.33,789.42,538.44,9,1431.28,32,0,400.46,2061.58,Mixed,1342.33,Education,Positive,98.7,Low,0.0,0,2023-08-01,1.1512738985466813,0.09608887609175544,0.4946683942796813,0.1487407423777414,0.3434302716191573,1
2023-09-07,1513,3970.83,2176.47,0.25,2483.43,normal,685.0,0.4,709.49,707.12,8,558.47,50,0,177.95,2220.68,Salary,1387.79,Entertainment,Positive,45.9,Low,1794.36,0,2023-09-01,0.5481146259094446,0.08176083290833322,1.0203127081926238,0.17807863847105013,0.2565943936741605,1
2023-10-07,1575,4786.91,2609.64,0.34,2861.68,normal,807.0,0.49,634.97,358.59,6,199.43,50,0,180.51,2078.15,Freelance,1738.27,Education,Positive,99.4,High,2177.27,0,2023-10-01,0.5451617013898319,0.0691704602933738,0.7963358930733742,0.07491053727770106,0.07642050244478166,3
2023-11-06,1280,5019.85,3903.22,0.22,2802.2,normal,688.0,0.35,319.4,842.65,7,818.09,48,0,732.69,1353.04,Mixed,1379.58,Education,Neutral,43.2,Low,1116.63,0,2023-11-01,0.7775570983196708,0.18771424618648194,0.34664712724366037,0.1678635815811229,0.20959361757728237,1
2019-01-01,1097,3693.96,4150.94,0.31,2558.6,inflation,696.0,0.55,413.66,267.5,1,1720.4,44,0,465.89,3177.43,Salary,2153.59,Transportation,Negative,13.6,Low,0.0,0,2019-01-01,1.1237100564164202,0.1122372281940958,0.765472399022872,0.07241551072561696,0.4144603391039139,1
2019-01-31,1951,3879.11,3075.42,0.18,2775.74,inflation,800.0,0.59,829.8,756.54,4,794.99,58,0,563.54,2204.59,Salary,1300.29,Groceries,Positive,69.7,High,803.69,0,2019-01-01,0.7928158778688926,0.1832400127462265,0.716841927281477,0.19502927217841204,0.2584980262858406,3
2019-03-02,1055,5020.37,4119.83,0.13,3144.8,normal,643.0,0.32,182.52,406.66,4,1344.45,64,0,390.25,1861.17,Salary,1875.95,Investments,Negative,70.9,Low,900.54,0,2019-03-01,0.8206227827829423,0.09472478233325161,0.451758931800584,0.08100199786071545,0.32633628086595806,1
2019-04-01,1571,4159.49,3346.57,0.21,2566.44,normal,629.0,0.2,447.63,433.09,8,1245.66,39,0,337.14,2990.43,Mixed,1332.78,Transportation,Positive,49.3,Medium,812.92,0,2019-04-01,0.8045625785853555,0.10074195370184995,0.8935805914712674,0.1041209379034449,0.37221991471865223,2
2019-05-01,1921,5547.65,2672.09,0.19,2714.93,normal,718.0,0.21,566.76,545.07,9,688.09,57,0,1111.81,2464.38,Freelance,922.7,Utilities,Positive,86.0,Low,2875.56,1,2019-05-01,0.48166160446315115,0.41608254212994317,0.9222668398145272,0.09825241318396079,0.25751003895826863,1
2019-05-31,1770,3799.41,3409.29,0.21,2103.96,recession,766.0,0.32,265.73,85.76,3,916.19,63,0,507.46,2766.98,Salary,1219.16,Education,Positive,19.8,High,390.12,0,2019-05-01,0.89732089982392,0.1488462407128757,0.8116000692226241,0.02257192564108638,0.26873337263770464,3
2019-06-30,1915,2844.51,2201.04,0.28,3359.04,inflation,717.0,0.17,307.45,316.16,5,1177.17,43,0,562.89,2491.68,Salary,1500.44,Groceries,Positive,44.5,Medium,643.47,0,2019-06-01,0.7737852916671061,0.2557381964889325,1.132046668847454,0.11114743839888065,0.5348244466252318,2
2019-07-30,1819,3908.07,4207.54,0.32,2744.19,recession,749.0,0.33,409.84,0.0,8,1325.01,21,0,437.28,1123.94,Freelance,1063.44,Education,Negative,94.9,Low,0.0,0,2019-07-01,1.0766286171946766,0.10392771072883442,0.26712520855416705,0.0,0.31491322720639614,1
2019-08-29,1045,5263.54,2606.32,0.13,2888.43,recession,663.0,0.34,439.34,677.1,8,866.03,44,0,961.46,1592.53,Freelance,1125.16,Dining Out,Neutral,49.0,Low,2657.22,0,2019-08-01,0.4951648510318151,0.36889560759998774,0.6110262745940636,0.12863966076062877,0.3322807636821265,1
2019-09-28,1309,2578.67,2666.67,0.32,3519.54,recession,605.0,0.56,361.18,455.21,8,1211.68,94,0,108.36,1408.92,Salary,496.4,Entertainment,Positive,13.5,Low,0.0,0,2019-09-01,1.034126119278543,0.04063494920631349,0.5283443395695756,0.1765289858725622,0.45437943202570996,1
2019-10-28,1684,3143.62,2770.44,0.07,2729.98,normal,706.0,0.58,769.16,180.86,4,239.9,60,0,548.67,1752.85,Salary,1382.2,Groceries,Negative,98.5,High,373.18,0,2019-10-01,0.8812897233126141,0.19804435396543507,0.6326973332755808,0.05753239895407206,0.08659274339094152,3
2019-11-27,1310,4688.27,2886.49,0.07,3149.38,normal,653.0,0.14,516.05,112.8,7,1594.84,69,0,510.08,2354.18,Salary,1316.32,Insurance,Negative,99.3,Low,1801.78,0,2019-11-01,0.6156833970739739,0.1767128935142682,0.8155857113657071,0.024060047736158538,0.5525188031138164,1
2019-12-27,1515,4263.13,1756.35,0.38,3083.67,recession,649.0,0.39,366.24,1028.15,4,662.02,53,0,540.5,2241.85,Salary,1591.51,Investments,Positive,66.0,Medium,2506.78,0,2019-12-01,0.4119860290443875,0.3077404845275714,1.2764255416061718,0.24117256569703482,0.37692942750590713,2
2020-01-26,1101,4600.5,2374.79,0.1,1881.59,inflation,660.0,0.39,455.62,566.71,1,421.11,96,0,184.3,2604.32,Salary,875.26,Groceries,Positive,47.8,High,2225.71,1,2020-01-01,0.5162025866753613,0.07760686208043659,1.0966527566647999,0.12318443647429628,0.1773251529608934,3
2020-02-25,1000,3381.06,2088.04,0.35,2127.41,inflation,616.0,0.52,914.31,271.64,9,1737.8,67,0,430.48,2091.79,Salary,1140.2,Rent,Positive,66.3,Low,1293.02,0,2020-02-01,0.6175696379242013,0.20616463286143946,1.0017959426064635,0.08034166799761021,0.8322637497365951,1
2020-03-26,1681,5312.2,2953.76,0.16,2769.19,normal,675.0,0.32,233.87,523.38,8,1204.45,34,0,636.6,1265.21,Salary,1649.06,Groceries,Neutral,14.4,Low,2358.44,0,2020-03-01,0.5560332818794473,0.21552191105573912,0.4283387952981962,0.09852415195211024,0.40776840366177347,1
2020-04-25,1789,4438.58,2404.56,0.33,1888.02,normal,571.0,0.21,696.45,258.07,1,801.51,43,0,304.97,2676.6,Freelance,693.64,Dining Out,Positive,19.4,High,2034.02,1,2020-04-01,0.5417408270212546,0.12682985660578236,1.1131350434175067,0.05814246898782944,0.3333291745683202,3
2020-05-25,1763,5136.21,4502.06,0.2,2634.13,inflation,635.0,0.53,443.15,320.49,7,52.89,43,0,473.34,2388.88,Salary,823.84,Groceries,Positive,31.8,Low,634.15,0,2020-05-01,0.8765334750720863,0.10513853658103178,0.5306193164906732,0.06239814960836882,0.011747955380425848,1
2020-06-24,1296,4976.74,3818.98,0.11,2868.82,inflation,763.0,0.47,607.55,277.49,1,691.97,84,0,500.65,2435.01,Salary,1350.82,Transportation,Neutral,10.1,Medium,1157.76,0,2020-06-01,0.767365785634773,0.13109521390528361,0.6376074239718459,0.05575738334733179,0.18119236026373534,2
2020-07-24,1603,2400.71,4244.68,0.29,2498.93,recession,667.0,0.19,499.06,492.07,2,1104.86,25,0,658.15,2678.93,Salary,735.25,Dining Out,Positive,65.1,High,0.0,0,2020-07-01,1.7680936056416645,0.15505291329381718,0.6311264924564395,0.20496853014316596,0.26029288426924996,3
2020-08-23,1579,3906.18,3308.35,0.2,2544.63,inflation,766.0,0.3,711.36,257.62,1,334.25,48,0,575.33,2369.45,Salary,1175.32,Investments,Positive,98.3,Low,597.83,0,2020-08-01,0.846952777393771,0.173902398476582,0.7162029410431181,0.06595190185808131,0.10103223661341756,1
2020-09-22,1879,3813.81,2097.91,0.27,2880.1,normal,727.0,0.55,583.15,650.96,1,596.18,99,0,123.5,2872.89,Salary,1912.27,Insurance,Positive,86.8,Low,1715.9,0,2020-09-01,0.5500824634682903,0.058868111596779654,1.369405741905039,0.1706849580865329,0.2841780629292963,1
2020-10-22,1079,3594.22,1148.93,0.17,2800.76,normal,796.0,0.49,884.56,499.9,4,1692.74,74,0,457.41,2078.56,Salary,662.75,Healthcare,Positive,77.5,Medium,2445.29,0,2020-10-01,0.3196604548413843,0.39811824915356026,1.809126752717746,0.1390844188725231,1.4733186530075808,2
2020-11-21,1869,5428.81,4017.02,0.16,1810.43,normal,721.0,0.44,774.39,556.29,4,1787.01,33,0,266.19,1057.84,Salary,697.72,Rent,Negative,21.6,Medium,1411.79,0,2020-11-01,0.7399448497921275,0.06626554012676063,0.2633394904680584,0.10246997039866931,0.44485962230708337,2
2020-12-21,1473,2814.78,3013.79,0.39,2956.95,normal,625.0,0.19,386.71,690.39,8,1457.67,73,0,544.84,2198.85,Freelance,1362.95,Education,Negative,65.3,Low,0.0,0,2020-12-01,1.0707017955222078,0.18078233719004974,0.7295962890579636,0.2452731652207277,0.4836667451945889,1
2021-01-20,1631,2199.15,3727.1,0.27,2929.58,normal,761.0,0.18,548.25,475.58,2,1090.17,70,0,428.34,1268.99,Salary,1975.6,Education,Positive,87.6,High,0.0,0,2021-01-01,1.6947911693154172,0.11492581363526602,0.34047650988704353,0.21625628083577744,0.29249818894046314,3
2021-02-19,1722,3920.93,4279.01,0.13,2866.05,normal,648.0,0.44,107.55,657.79,5,996.14,65,0,536.71,1835.41,Salary,1145.48,Groceries,Negative,81.2,Low,0.0,0,2021-02-01,1.0913252723205975,0.12542854538783504,0.4289333280361579,0.16776377032999823,0.23279683852105976,1
2021-03-21,1598,5838.11,2553.87,0.3,2958.07,inflation,699.0,0.23,548.65,614.75,9,1596.93,98,0,626.11,1211.88,Salary,1597.48,Entertainment,Positive,6.6,Medium,3284.24,1,2021-03-01,0.4374480782307973,0.24516126506047686,0.4745268944777926,0.10529948904696898,0.6252980770360277,2
2021-04-20,1711,2189.55,2535.24,0.23,2722.12,normal,652.0,0.34,332.8,226.15,4,899.51,70,0,919.02,1000.0,Salary,1459.77,Investments,Positive,24.1,Low,0.0,0,2021-04-01,1.1578817565253132,0.36249822502011647,0.39443997412473775,0.1032860633463497,0.35480270112494283,1
2021-05-20,1770,4092.78,2170.1,0.25,2732.78,recession,775.0,0.46,636.61,261.25,7,0.0,53,0,490.89,2090.77,Salary,1402.29,Entertainment,Neutral,0.5,High,1922.68,0,2021-05-01,0.530226398682558,0.2262061656144878,0.9634440809179301,0.06383191864698322,0.0,3
2021-06-19,1438,4044.89,3931.32,0.12,2357.84,inflation,694.0,0.55,512.05,498.89,8,1070.11,23,0,408.87,2483.51,Salary,1299.58,Insurance,Negative,9.4,Low,113.57,0,2021-06-01,0.9719225986367986,0.10400323555447025,0.6317242045928594,0.12333833552951996,0.27220119450973207,1
2021-07-19,1827,4257.04,2910.4,0.22,2668.49,normal,768.0,0.2,433.48,432.51,5,1602.32,73,0,627.22,2414.66,Salary,1235.73,Investments,Positive,85.0,Medium,1346.64,0,2021-07-01,0.6836675248529495,0.21550989554700384,0.82966602528862,0.10159876346005675,0.5505497526113249,2
2021-08-18,1771,4628.7,2991.48,0.19,2118.11,normal,649.0,0.46,358.44,609.46,5,389.95,60,0,597.44,2824.86,Salary,1425.48,Utilities,Neutral,56.0,High,1637.22,0,2021-08-01,0.6462894549225485,0.19971385401206093,0.9443018171607366,0.13166979929569858,0.1303535373794911,3
2021-09-17,1659,4352.82,3150.71,0.12,1930.75,normal,563.0,0.38,569.76,413.76,7,803.76,99,0,802.27,1045.17,Mixed,862.82,Groceries,Positive,5.1,Low,1202.11,0,2021-09-01,0.7238319066719966,0.25463149575809896,0.33172523018621203,0.0950556191158835,0.2551044050388642,1
2021-10-17,1929,3370.26,2595.71,0.36,2606.29,inflation,651.0,0.17,386.21,511.3,1,1223.95,47,1,334.91,2263.54,Salary,1268.81,Healthcare,Neutral,87.9,High,774.55,0,2021-10-01,0.7701809355954733,0.12902442876900733,0.8720311591048306,0.1517093636692718,0.47152802123503784,3
2021-11-16,1223,3501.5,3281.56,0.14,3508.61,recession,718.0,0.52,740.63,349.22,9,971.53,22,0,381.53,2420.43,Salary,300.0,Rent,Negative,29.7,Low,219.94,0,2021-11-01,0.9371869198914751,0.116264825266032,0.7375851729055692,0.09973439954305298,0.2960573629615183,1
2021-12-16,1814,4056.63,2785.44,0.3,2869.68,normal,775.0,0.56,308.31,495.89,9,218.38,73,0,484.4,2693.64,Freelance,1015.07,Investments,Positive,57.2,Low,1271.19,0,2021-12-01,0.6866389096368167,0.17390430237233614,0.967042908840255,0.1222418608549461,0.07840053995060026,1
2022-01-15,1929,3620.88,3298.98,0.32,2812.08,normal,677.0,0.37,513.96,452.34,2,807.51,50,0,361.54,2728.61,Mixed,624.29,Insurance,Positive,15.9,Low,321.9,0,2022-01-01,0.9110989593689931,0.10959144947832361,0.8271071664575111,0.124925432491549,0.2447756579306331,1
2022-02-14,1753,4795.36,3075.58,0.22,2778.83,normal,591.0,0.28,722.63,6.38,6,1219.3,94,0,390.51,1569.27,Salary,1701.05,Transportation,Positive,33.3,Low,1719.78,0,2022-02-01,0.6413658202929499,0.12697117291697826,0.5102354677816867,0.0013304527710119784,0.3964455484819123,1
2022-03-16,1483,4037.64,3110.89,0.33,3173.99,normal,586.0,0.2,867.33,437.01,4,1192.09,37,0,556.8,3136.69,Freelance,1334.68,Investments,Negative,65.9,Medium,926.75,0,2022-03-01,0.77047235513815,0.17898414923060602,1.0082934465699527,0.10823401789163967,0.38319902021607966,2
2022-04-15,1331,4275.82,2851.95,0.37,2554.44,inflation,642.0,0.41,344.75,196.22,4,855.83,98,0,740.56,2153.03,Freelance,1511.58,Utilities,Neutral,66.2,Low,1423.87,0,2022-04-01,0.6669948688204835,0.25966794649275055,0.754932589982293,0.04589061279473879,0.3000859061343993,1
2022-05-15,1104,3733.2,2285.78,0.22,3123.84,normal,716.0,0.41,527.17,403.82,9,1122.98,70,0,458.62,1514.72,Freelance,1853.5,Insurance,Positive,1.2,Low,1447.42,0,2022-05-01,0.6122843672988322,0.20064048158615438,0.6626709482102389,0.10816993464052288,0.49128962542326904,1
2022-06-14,1809,5140.81,3352.44,0.2,3127.71,normal,763.0,0.34,259.2,525.39,8,1337.85,69,0,650.85,1966.65,Freelance,1387.71,Investments,Neutral,98.2,Low,1788.37,0,2022-06-01,0.652122914482348,0.19414217704119985,0.5866324229516412,0.10219984788389377,0.3990675448330171,1
2022-07-14,1421,4445.3,3861.94,0.36,3003.68,recession,710.0,0.22,284.59,127.49,9,1038.41,86,0,883.33,2525.25,Freelance,1507.02,Utilities,Neutral,53.4,Low,583.36,0,2022-07-01,0.8687692619170809,0.22872701284846478,0.6538812099618326,0.028679729152138213,0.26888299662863746,1
2022-08-13,1731,5532.98,4479.33,0.06,3041.13,normal,683.0,0.56,645.68,404.19,2,1006.9,98,0,144.92,2688.19,Salary,1288.18,Education,Neutral,7.9,Low,1053.65,0,2022-08-01,0.8095691652599504,0.03235305280030719,0.6001321626225351,0.07305105024778691,0.22478808214621382,1
2022-09-12,1990,3429.75,2948.37,0.19,2480.78,recession,759.0,0.24,400.34,260.87,5,974.42,91,0,458.76,2030.46,Freelance,1145.03,Education,Positive,70.9,Medium,481.38,0,2022-09-01,0.8596457467745462,0.15559783880584865,0.6886720459101131,0.07606093738610686,0.3304944766091094,2
2022-10-12,1347,2513.68,3305.56,0.34,3146.13,recession,615.0,0.44,244.78,704.38,7,1213.18,37,0,610.16,1051.36,Salary,2410.29,Groceries,Neutral,45.3,Low,0.0,0,2022-10-01,1.3150281658763248,0.18458597030457774,0.3180580597538692,0.2802186435823176,0.3670119435133533,1
2022-11-11,1959,4359.38,3964.36,0.25,3010.92,normal,668.0,0.39,604.31,482.33,5,905.58,38,0,494.94,2548.91,Freelance,1140.56,Rent,Negative,22.3,Medium,395.02,0,2022-11-01,0.9093861971197739,0.12484739024710167,0.6429562400992845,0.11064188026737747,0.2284303140986187,2
2022-12-11,1957,4650.45,1850.84,0.19,2768.65,normal,643.0,0.4,399.72,81.37,7,1013.23,30,0,566.25,1960.48,Salary,2026.44,Education,Neutral,30.9,Low,2799.61,1,2022-12-01,0.39799159221150643,0.3059421667999395,1.0592379676255106,0.017497231450719825,0.5474433230317045,1
2023-01-10,1189,3817.12,2275.46,0.3,3407.94,recession,663.0,0.31,663.54,753.28,4,1090.75,36,0,373.78,1668.66,Salary,330.13,Healthcare,Neutral,27.3,Low,1541.66,0,2023-01-01,0.5961195875424404,0.1642656869380257,0.7333286456364867,0.1973424990568806,0.47935362520105823,1
2023-02-09,1945,5730.31,3437.21,0.24,2697.35,normal,593.0,0.31,850.62,240.89,4,1387.44,29,0,803.36,2110.17,Salary,788.5,Utilities,Positive,96.1,High,2293.1,0,2023-02-01,0.5998296776265158,0.23372444511682441,0.6139194288390876,0.04203786531618708,0.40365296272267337,3
2023-03-11,1481,4295.32,3401.28,0.21,2518.62,normal,748.0,0.53,485.04,970.95,6,1725.13,54,0,284.28,2830.87,Mixed,1066.23,Transportation,Negative,80.8,Medium,894.04,0,2023-03-01,0.7918571840980417,0.0835802991814846,0.8322954887571737,0.22604835029753315,0.5072002305014582,2
2023-04-10,1880,3519.24,3680.73,0.36,2427.39,normal,686.0,0.55,563.5,678.57,5,353.04,71,0,279.15,4073.79,Freelance,1160.31,Utilities,Negative,72.6,Low,0.0,0,2023-04-01,1.0458877484911515,0.07584093372782029,1.1067885990007418,0.19281719916800222,0.0959157558419118,1
2023-05-10,1031,4692.73,3233.03,0.15,3456.97,normal,689.0,0.27,462.91,612.12,1,1541.88,67,0,414.11,2665.46,Salary,491.09,Investments,Positive,93.7,Low,1459.7,0,2023-05-01,0.6889443884476628,0.12808727416695792,0.8244464171381026,0.13044006367295796,0.47691484458851297,1
2023-06-09,1066,4067.52,2794.36,0.08,2498.59,recession,695.0,0.24,486.25,345.76,9,1306.22,20,0,439.88,2369.63,Salary,1339.18,Dining Out,Positive,33.9,High,1273.16,0,2023-06-01,0.6869935488946582,0.15741708298143403,0.8480045520262243,0.08500511368106364,0.46744871813223776,3
2023-07-09,1077,4526.31,3865.95,0.2,2535.7,normal,634.0,0.18,424.93,531.63,3,1338.79,76,0,365.54,1700.11,Salary,1568.28,Education,Positive,13.9,Low,660.36,0,2023-07-01,0.854106325019718,0.0945537319416961,0.43976512888164615,0.11745328976583573,0.3463029785693038,1
2023-08-08,1743,5448.36,2540.96,0.38,3504.31,inflation,696.0,0.13,438.69,526.55,2,866.29,21,0,826.63,2770.96,Salary,695.86,Entertainment,Positive,85.6,Medium,2907.4,0,2023-08-01,0.4663715319839365,0.3253219255714376,1.090516969964108,0.09664376069129059,0.34093019960959636,2
2023-09-07,1254,6438.55,3095.67,0.11,2837.72,normal,750.0,0.25,476.9,678.8,6,1891.87,39,0,702.27,2523.37,Salary,1522.19,Education,Positive,67.9,High,3342.88,1,2023-09-01,0.4808023545674104,0.22685557569120737,0.8151288735556438,0.1054274642582569,0.6111342617268636,3
2023-10-07,1126,4832.32,3022.15,0.35,2763.64,recession,670.0,0.17,376.52,308.44,1,1797.72,55,0,290.22,1370.3,Mixed,1585.73,Investments,Positive,26.1,Medium,1810.17,0,2023-10-01,0.6254035328786174,0.09603097132835896,0.4534189236139834,0.06382855440037084,0.5948480386479824,2
2023-11-06,1743,5293.43,3244.6,0.21,3186.01,normal,675.0,0.24,446.59,571.69,8,1089.06,69,0,349.78,1712.78,Salary,818.61,Groceries,Negative,30.5,Medium,2048.83,0,2023-11-01,0.6129485040890311,0.10780373543734204,0.5278863342168526,0.10799991687809228,0.3356530851260556,2
2019-01-01,1288,2157.06,3956.38,0.06,3239.51,normal,618.0,0.49,267.83,740.34,4,0.0,70,0,446.96,3407.45,Mixed,1805.61,Utilities,Positive,43.2,Low,0.0,0,2019-01-01,1.8341538946529072,0.11297195921524221,0.861254480105551,0.3432171566854886,0.0,1
2019-01-31,1203,3092.56,2392.35,0.36,1669.36,inflation,687.0,0.56,516.91,585.79,1,934.39,26,0,428.42,1874.71,Salary,1976.77,Transportation,Positive,22.6,Low,700.21,0,2019-01-01,0.7735824042217451,0.17907914811795933,0.7836269776579514,0.18941912202188477,0.39057412167952016,1
2019-03-02,1384,4401.63,3351.32,0.09,3361.76,recession,617.0,0.5,687.69,887.93,5,888.53,28,0,572.69,1915.37,Salary,1843.81,Dining Out,Positive,18.3,Medium,1050.31,0,2019-03-01,0.7613815790968346,0.17088490505233758,0.5715270400916653,0.2017275418424538,0.2651283673298879,2
2019-04-01,1532,3718.77,3712.66,0.3,3153.8,normal,618.0,0.52,591.62,357.67,1,755.42,32,0,438.06,2616.72,Salary,1272.99,Entertainment,Positive,14.1,Medium,6.11,0,2019-04-01,0.9983569836263065,0.11799087446736303,0.7048100283893488,0.09617965079851672,0.20347136554384188,2
2019-05-01,1253,1336.44,2385.3,0.3,2456.47,normal,647.0,0.46,861.32,379.01,9,412.05,81,0,539.11,2414.16,Freelance,1504.97,Rent,Positive,50.1,Medium,0.0,0,2019-05-01,1.7848163778396338,0.22601349935018655,1.012099107030562,0.28359671964323124,0.1727455665953968,2
2019-05-31,1137,5257.3,2692.63,0.37,2947.28,normal,641.0,0.41,849.24,305.7,3,1360.73,64,0,440.41,1000.0,Salary,959.47,Healthcare,Neutral,6.9,Low,2564.67,0,2019-05-01,0.5121697449261028,0.16356127652146787,0.37138411144494415,0.058147718410590986,0.5053535019664789,1
2019-06-30,1177,4130.08,2204.49,0.16,2704.44,normal,603.0,0.15,623.82,332.5,3,337.89,93,0,739.12,1914.21,Salary,1086.93,Education,Negative,57.0,Low,1925.59,0,2019-06-01,0.5337644791384186,0.3352793616664172,0.8683232856579074,0.08050691512028822,0.15327354626240083,1
2019-07-30,1933,5030.32,2995.05,0.39,2375.16,inflation,729.0,0.59,447.37,840.74,6,614.67,82,0,369.18,2287.02,Salary,552.83,Investments,Positive,53.6,Low,2035.27,0,2019-07-01,0.5953994974474786,0.12326338458456453,0.7635999399008363,0.16713449641374706,0.20522862723493762,1
2019-08-29,1297,3759.87,3993.16,0.15,2931.08,recession,674.0,0.27,257.09,636.33,2,1725.63,92,0,668.16,2277.32,Salary,983.83,Dining Out,Neutral,75.6,Low,0.0,0,2019-08-01,1.062047358020357,0.16732612767832994,0.5703052219294995,0.16924255359892765,0.43214647046449434,1
2019-09-28,1019,6272.02,3516.79,0.38,2664.64,inflation,559.0,0.55,727.15,158.62,8,1999.89,72,0,228.67,1811.31,Salary,599.04,Utilities,Positive,75.7,Low,2755.23,1,2019-09-01,0.5607109033453337,0.06502236414457502,0.5150463917379201,0.02529009792698365,0.5686691556789004,1
2019-10-28,1821,5360.33,3361.21,0.21,2575.07,normal,789.0,0.27,567.66,246.38,3,840.41,88,0,333.7,2141.49,Salary,919.08,Transportation,Positive,37.1,Low,1999.12,0,2019-10-01,0.6270528120470195,0.09927972367093993,0.6371187756789964,0.04596358806267525,0.2500319825301008,1
2019-11-27,1842,3148.12,2926.14,0.19,2938.43,recession,756.0,0.43,489.6,541.7,9,955.62,46,0,678.74,1156.46,Freelance,1760.59,Utilities,Neutral,18.5,Low,221.98,0,2019-11-01,0.929488075422792,0.23195745931500203,0.39521690691491185,0.17207095028143782,0.32658040968648117,1
2019-12-27,1917,2947.45,3373.17,0.32,2670.61,recession,762.0,0.27,803.49,315.59,2,898.29,70,0,661.62,2171.72,Mixed,963.64,Entertainment,Positive,55.2,Medium,0.0,0,2019-12-01,1.1444367164837403,0.19614190805681303,0.6438216870184426,0.10707221496547863,0.2663043961614742,2
2020-01-26,1091,3745.31,3629.61,0.18,3352.12,normal,770.0,0.41,126.23,567.93,4,1158.59,31,0,211.46,2655.27,Salary,2135.98,Healthcare,Positive,86.9,Low,115.7,0,2020-01-01,0.9691080311109094,0.05825970283308675,0.7315579359765925,0.15163764815195538,0.3192050936602004,1
2020-02-25,1923,4305.48,3779.06,0.21,3028.18,normal,695.0,0.2,607.62,421.56,8,1516.44,66,0,166.06,3107.76,Freelance,864.77,Utilities,Positive,74.3,Medium,526.42,0,2020-02-01,0.8777325640811245,0.04394214434277307,0.822363233184972,0.09791242788260543,0.4012743909861183,2
2020-03-26,1264,4549.69,3338.99,0.35,3564.46,normal,642.0,0.45,607.85,0.0,3,909.23,69,0,492.24,2260.14,Salary,1074.17,Insurance,Positive,4.5,Low,1210.7,0,2020-03-01,0.7338939576102987,0.14742182516269892,0.6768933120494521,0.0,0.2723068951988476,1
2020-04-25,1810,5195.83,3514.07,0.27,3207.02,normal,740.0,0.14,438.63,560.26,5,506.28,52,0,834.28,1091.92,Freelance,1726.51,Rent,Negative,58.2,High,1681.76,0,2020-04-01,0.6763250529751743,0.23741132077619398,0.31072801623189067,0.10782877807780471,0.14407225809389113,3
2020-05-25,1771,3333.31,2219.09,0.29,2310.84,recession,733.0,0.39,424.62,434.77,8,1581.95,72,0,397.04,2706.59,Freelance,789.24,Utilities,Neutral,51.6,Medium,1114.22,0,2020-05-01,0.6657316601216209,0.17892018800499304,1.2196846455078434,0.13043191302339116,0.7128823076125799,2
2020-06-24,1016,3799.28,2473.61,0.09,2564.35,normal,632.0,0.14,520.33,586.04,6,252.32,76,0,706.2,1578.38,Salary,1290.59,Insurance,Positive,76.8,Low,1325.67,0,2020-06-01,0.6510733612684508,0.28549367119311453,0.638087653267896,0.1542502790002316,0.10200476227052768,1
2020-07-24,1149,4349.92,3149.43,0.09,2777.84,normal,690.0,0.36,565.7,451.06,9,574.3,84,0,207.32,3214.16,Salary,1057.14,Healthcare,Positive,38.7,Medium,1200.49,0,2020-07-01,0.7240202118659653,0.06582778471024915,1.020552925450002,0.10369386103652481,0.1823504570668343,2
2020-08-23,1581,4849.85,4137.07,0.1,2689.41,normal,658.0,0.14,657.53,202.42,3,339.49,88,0,615.28,2157.99,Salary,868.58,Entertainment,Positive,34.2,Medium,712.78,0,2020-08-01,0.8530305060981266,0.1487236135719241,0.5216227910090958,0.04173737332082435,0.08206049208739519,2
2020-09-22,1882,4641.19,3312.9,0.06,3344.49,normal,712.0,0.42,424.62,375.35,9,983.03,86,0,727.34,1779.59,Salary,1425.84,Insurance,Positive,2.8,Medium,1328.29,0,2020-09-01,0.7138040028527167,0.219547828186785,0.537169851187781,0.0808736552478998,0.29672794228621446,2
2020-10-22,1549,2584.44,2183.64,0.26,2172.37,normal,685.0,0.14,601.45,497.73,1,1396.67,32,0,787.42,2668.49,Salary,1367.94,Education,Positive,23.8,Low,400.8,0,2020-10-01,0.8449180480104006,0.3605997325566485,1.2220375153413565,0.19258717555834146,0.6396063453682842,1
2020-11-21,1914,2518.54,3306.49,0.12,3136.47,normal,734.0,0.19,214.76,535.9,8,711.98,67,0,376.9,3159.36,Salary,1001.96,Investments,Negative,7.2,Low,0.0,0,2020-11-01,1.3128598314896724,0.11398794492044434,0.9555026629446938,0.2127820086240441,0.21532803667937905,1
2020-12-21,1783,4179.58,2029.73,0.2,1756.94,normal,577.0,0.4,172.31,111.84,8,180.21,49,0,549.34,1713.25,Salary,751.03,Transportation,Positive,48.3,Low,2149.85,1,2020-12-01,0.48563013508534353,0.2706468348006878,0.8440777837446359,0.02675866953138832,0.08878520788479256,1
2021-01-20,1790,1710.02,2960.71,0.38,2864.37,normal,753.0,0.2,384.02,55.55,5,345.16,20,0,492.95,1058.14,Salary,1365.88,Groceries,Neutral,34.6,Low,0.0,0,2021-01-01,1.7313891065601572,0.16649722532770855,0.357394003465385,0.03248500017543654,0.11658014462747113,1
2021-02-19,1981,5960.17,3324.02,0.08,2764.32,normal,753.0,0.38,533.18,196.53,2,1180.39,61,0,728.53,1000.0,Freelance,1168.9,Dining Out,Positive,50.7,Medium,2636.15,0,2021-02-01,0.55770556880089,0.2191713647932323,0.30084054849248804,0.032973891684297596,0.35510917503504796,2
2021-03-21,1456,4528.21,4359.2,0.14,2205.42,normal,693.0,0.15,590.69,68.72,6,1690.43,21,1,543.1,2327.45,Salary,1080.54,Utilities,Negative,26.2,Medium,169.01,0,2021-03-01,0.9626762009712446,0.12458708019820151,0.5339167737199486,0.015175974612484844,0.3877844558634612,2
2021-04-20,1201,3960.15,3003.6,0.1,2530.88,normal,659.0,0.1,505.32,731.34,6,1300.36,87,0,483.63,2978.59,Salary,609.78,Transportation,Neutral,56.2,Medium,956.55,0,2021-04-01,0.7584561190863982,0.16101677986416302,0.9916733253429219,0.18467482292337412,0.4329338127580237,2
2021-05-20,1170,6765.29,3730.73,0.19,2929.86,normal,695.0,0.28,469.69,675.44,6,587.8,38,0,283.02,2108.72,Mixed,1131.37,Entertainment,Neutral,25.9,High,3034.56,1,2021-05-01,0.5514516007443879,0.07586182865015693,0.5652298611799835,0.09983903129060248,0.1575562959528028,3
2021-06-19,1818,5974.57,1624.47,0.39,2564.67,inflation,563.0,0.56,835.81,423.93,7,989.68,51,0,341.6,1990.01,Freelance,1029.17,Transportation,Negative,87.1,Medium,4350.1,1,2021-06-01,0.2718973917788226,0.21028396954083486,1.2250210837996391,0.07095573405282724,0.6092325496931307,2
2021-07-19,1971,2662.47,3161.1,0.21,2509.44,recession,608.0,0.19,490.07,167.2,7,1835.49,76,0,545.86,1218.81,Salary,899.76,Rent,Negative,98.1,Low,0.0,0,2021-07-01,1.187280983447701,0.17268039606466104,0.38556515137135805,0.06279882965817456,0.5806491411217615,1
2021-08-18,1949,1262.81,3983.64,0.14,3086.22,normal,702.0,0.27,472.03,125.25,2,810.84,46,0,482.3,3108.82,Salary,1019.27,Investments,Positive,77.3,Medium,0.0,0,2021-08-01,3.1545838249617915,0.12107017702402828,0.780396823006095,0.0991835668073582,0.20354248877910655,2
2021-09-17,1479,3731.63,3630.44,0.22,3251.81,normal,686.0,0.45,578.6,592.83,7,920.03,93,1,398.36,2282.51,Salary,1421.51,Entertainment,Neutral,90.6,Medium,101.19,0,2021-09-01,0.9728831636577046,0.10972774649904694,0.6287144257996277,0.1588662327186779,0.25342107292779936,2
2021-10-17,1520,4404.16,3518.73,0.29,3380.32,inflation,694.0,0.13,432.02,214.42,8,1660.73,99,0,590.0,2905.03,Salary,1055.89,Healthcare,Neutral,25.4,Low,885.43,0,2021-10-01,0.7989559870667733,0.1676741324284614,0.8255904829299208,0.04868578798227131,0.4719685795727436,1
2021-11-16,1350,2901.8,4108.15,0.06,3099.72,inflation,611.0,0.16,634.33,52.0,8,28.31,49,0,601.59,2887.63,Freelance,1116.58,Insurance,Positive,78.8,Medium,0.0,0,2021-11-01,1.4157247225859808,0.14643817776858198,0.7029027664520527,0.017919911778895858,0.0068911797281014575,2
2021-12-16,1917,4358.56,2349.88,0.28,3719.85,recession,643.0,0.56,417.78,439.07,6,640.41,75,0,577.23,1827.44,Salary,1052.03,Rent,Positive,1.1,Medium,2008.68,0,2021-12-01,0.539141367791197,0.24564233067220453,0.7776737535533729,0.1007373995080944,0.2725288099817863,2
2022-01-15,1059,3262.49,1945.61,0.11,1895.89,inflation,684.0,0.59,284.18,477.64,2,201.21,99,0,578.21,1263.12,Salary,454.4,Utilities,Positive,9.6,Low,1316.88,0,2022-01-01,0.5963573834709072,0.29718700047799923,0.6492154131609109,0.14640351388050232,0.10341743720478411,1
2022-02-14,1580,3261.75,3296.65,0.15,3692.32,normal,712.0,0.43,346.92,608.3,2,1226.32,62,0,612.03,1480.1,Salary,379.36,Insurance,Positive,21.2,Medium,0.0,0,2022-02-01,1.0106997777266804,0.1856521013756389,0.4489709250299546,0.18649497968881734,0.37198974716757915,2
2022-03-16,1029,3933.14,2949.17,0.3,2529.63,recession,706.0,0.35,558.03,718.47,3,942.69,45,0,171.36,1517.5,Salary,684.91,Insurance,Positive,7.2,Medium,983.97,0,2022-03-01,0.7498258388971661,0.05810448363437849,0.5145515517925382,0.18267084314313756,0.3196458664641238,2
2022-04-15,1725,4565.62,2796.9,0.1,3129.72,normal,715.0,0.56,28.88,241.49,2,368.72,70,0,367.23,2485.2,Freelance,761.65,Investments,Positive,59.4,Low,1768.72,0,2022-04-01,0.6126002602056239,0.13129893811005042,0.8885551860988952,0.052893144852177804,0.13183167077836178,1
2022-05-15,1341,4511.73,2893.87,0.28,3201.79,normal,700.0,0.52,556.39,355.26,7,1312.61,38,1,735.48,2715.27,Salary,645.91,Groceries,Positive,99.1,Low,1617.86,0,2022-05-01,0.6414102794271821,0.2541510157678127,0.9382833368465066,0.07874141404738316,0.45358291837573905,1
2022-06-14,1095,5455.0,2716.01,0.22,2657.49,normal,654.0,0.52,255.8,531.59,5,1166.06,38,0,283.01,1506.27,Salary,1460.35,Groceries,Positive,75.3,Medium,2738.99,1,2022-06-01,0.49789367552703945,0.10420064727302181,0.5545892688171251,0.0974500458295142,0.4293283161696753,2
2022-07-14,1124,3846.7,3412.7,0.39,3527.49,normal,578.0,0.2,671.13,0.0,1,1064.46,66,0,479.72,2924.72,Mixed,818.4,Groceries,Positive,93.3,Low,434.0,0,2022-07-01,0.8871760210050172,0.1405690508981159,0.8570105781346148,0.0,0.3119113898086559,1
2022-08-13,1679,3261.17,2863.51,0.34,2810.08,inflation,756.0,0.38,759.72,524.1,7,971.53,83,0,603.22,3038.57,Mixed,1436.52,Education,Positive,61.5,Medium,397.66,0,2022-08-01,0.8780621678722668,0.21065754965060363,1.0611347611847,0.16070919332632153,0.339279415821841,2
2022-09-12,1818,2585.77,2851.3,0.36,2959.83,normal,744.0,0.25,211.14,690.87,9,76.36,37,0,1158.74,2420.97,Mixed,1306.39,Healthcare,Positive,63.3,High,0.0,0,2022-09-01,1.1026889475862123,0.4063900676884228,0.8490758601339738,0.2671815358674592,0.026780766667835722,3
2022-10-12,1052,2401.62,3662.26,0.2,3215.26,recession,648.0,0.57,647.5,920.38,6,1620.24,53,1,567.3,1856.06,Mixed,1150.76,Healthcare,Negative,43.0,High,0.0,0,2022-10-01,1.5249123508298568,0.15490434868086916,0.5068072720123639,0.3832329844021952,0.4424153391621567,3
2022-11-11,1161,4043.99,3735.51,0.19,1540.17,recession,813.0,0.4,576.85,0.0,8,1656.52,49,0,650.48,2863.29,Salary,848.09,Insurance,Neutral,87.3,Medium,308.48,0,2022-11-01,0.923718901382051,0.17413418783512827,0.7665057783274573,0.0,0.4434521658354548,2
2022-12-11,1116,3308.49,3599.39,0.32,2512.59,normal,726.0,0.51,599.51,268.22,7,1550.77,69,0,600.84,1857.74,Freelance,800.99,Rent,Positive,90.1,Low,0.0,0,2022-12-01,1.0879253073154218,0.16692828507052584,0.5161263436304485,0.08107021632224974,0.43084244830374036,1
2023-01-10,1462,3452.89,3373.56,0.34,3376.34,inflation,698.0,0.14,209.68,420.43,4,724.7,50,0,560.5,1408.65,Salary,1602.26,Education,Neutral,85.3,Low,79.33,0,2023-01-01,0.9770250427902424,0.16614496259144643,0.4175559349767012,0.12176177057479387,0.21481758142733495,1
2023-02-09,1746,3689.48,1854.24,0.17,2498.45,normal,692.0,0.49,881.18,39.2,1,1530.03,30,0,570.88,1826.67,Mixed,1709.34,Groceries,Negative,27.1,Low,1835.24,0,2023-02-01,0.5025748886021878,0.3078781603244456,0.9851313745793425,0.010624803495343518,0.8251520838726378,1
2023-03-11,1092,4016.66,2798.32,0.23,2812.22,normal,738.0,0.19,687.45,518.16,2,0.0,46,0,632.63,1340.23,Salary,1597.87,Dining Out,Neutral,78.4,High,1218.34,0,2023-03-01,0.6966783347358253,0.2260749306726893,0.4789409359901655,0.12900270373892736,0.0,3
2023-04-10,1202,4306.28,2343.29,0.24,2967.0,normal,635.0,0.2,584.73,441.57,9,257.39,25,0,233.19,2448.59,Salary,1854.4,Investments,Negative,72.1,Medium,1962.99,0,2023-04-01,0.5441564412903945,0.09951393126757678,1.0449368195997935,0.102540940208254,0.10984129151748183,2
2023-05-10,1812,2968.45,3498.06,0.12,2777.53,normal,686.0,0.55,580.39,791.54,3,0.0,51,0,405.82,2411.5,Salary,955.27,Groceries,Neutral,51.3,Medium,0.0,0,2023-05-01,1.178412976469201,0.11601287570824971,0.6893821146578389,0.26665094577978404,0.0,2
2023-06-09,1074,3982.13,2534.66,0.16,2466.28,normal,638.0,0.18,735.88,527.95,5,963.46,76,0,271.3,3498.46,Salary,1024.55,Rent,Neutral,42.8,Medium,1447.47,0,2023-06-01,0.6365086021802402,0.107036052172678,1.3802482384225103,0.13257980025765106,0.38011409814334074,2
2023-07-09,1457,4367.89,4373.61,0.1,2428.25,inflation,661.0,0.42,964.23,168.69,4,617.96,51,0,174.09,2727.54,Freelance,796.51,Dining Out,Positive,2.7,Medium,0.0,0,2023-07-01,1.001309556788289,0.0398046465048324,0.6236358523050752,0.03862047807980512,0.14129289076986748,2
2023-08-08,1190,1891.95,3224.88,0.1,2797.4,normal,602.0,0.53,119.92,426.44,8,645.16,94,0,655.84,2527.03,Mixed,566.81,Rent,Neutral,70.0,Low,0.0,0,2023-08-01,1.704527075239832,0.20336880752152017,0.783604351169656,0.2253970770897751,0.2000570563865942,1
2023-09-07,1741,4396.7,3089.09,0.05,3247.8,recession,664.0,0.18,532.89,563.82,2,368.2,56,0,478.19,2134.84,Salary,1915.08,Transportation,Positive,74.8,Low,1307.61,0,2023-09-01,0.7025928537312076,0.1547996335490387,0.6910902563538129,0.12823708690608868,0.11919367839719787,1
2023-10-07,1149,5549.63,3175.02,0.15,2398.82,normal,595.0,0.52,586.84,641.09,9,1166.62,89,0,599.47,2879.58,Salary,1092.28,Entertainment,Positive,45.0,Low,2374.61,0,2023-10-01,0.5721138165967821,0.18880825947553087,0.906948617646503,0.1155194130059121,0.3674370555146109,1
2023-11-06,1097,3821.33,2415.4,0.22,3811.81,normal,649.0,0.47,395.1,531.62,6,1327.73,71,0,374.75,1864.64,Salary,786.62,Healthcare,Positive,30.6,Low,1405.93,0,2023-11-01,0.6320835939319557,0.15515028566697026,0.77197979630703,0.13911910251142928,0.5496936325246335,1
2019-01-01,1577,4672.18,2794.87,0.31,2740.43,inflation,625.0,0.59,359.29,300.44,8,1628.21,54,0,421.97,1000.0,Salary,1595.89,Insurance,Positive,74.3,Low,1877.31,0,2019-01-01,0.59819399081371,0.1509801887028735,0.3577983949164004,0.06430402938242961,0.5825709245868324,1
2019-01-31,1566,3524.82,4439.4,0.3,3118.63,inflation,662.0,0.26,420.65,274.62,8,1035.28,93,0,244.44,1365.41,Salary,1492.34,Utilities,Positive,68.0,Low,0.0,0,2019-01-01,1.2594685686077585,0.05506149479659414,0.30756633779339554,0.07791036138015558,0.23320268504752895,1
2019-03-02,1859,3265.31,2146.34,0.17,3762.62,normal,735.0,0.14,812.44,824.93,6,1404.68,80,0,535.01,2356.9,Salary,462.49,Groceries,Positive,30.4,Medium,1118.97,0,2019-03-01,0.6573158444374347,0.249266192681495,1.098101885069467,0.2526345124965164,0.6544536280365646,2
2019-04-01,1490,3617.24,2725.09,0.13,3195.09,recession,692.0,0.26,577.49,606.35,2,1439.4,23,0,390.56,1407.56,Salary,1122.39,Education,Positive,48.4,Low,892.15,0,2019-04-01,0.7533616790702304,0.14332003713638816,0.5165187204826263,0.16762780462452037,0.528202738258186,1
2019-05-01,1497,6423.61,3150.23,0.25,2260.14,normal,785.0,0.44,376.08,136.46,7,1389.59,44,0,243.86,2311.22,Salary,894.4,Groceries,Negative,42.5,Medium,3273.38,1,2019-05-01,0.49041426861219783,0.07741022084101797,0.7336670655793386,0.02124350637725516,0.44110747469232403,2
2019-05-31,1823,4179.85,3932.85,0.4,1738.12,inflation,720.0,0.21,771.58,608.67,7,1210.85,62,0,363.47,2240.85,Freelance,971.09,Transportation,Positive,22.6,Low,247.0,0,2019-05-01,0.9409069703458257,0.09241898368867361,0.5697776421678935,0.1456200581360575,0.30788105318026365,1
2019-06-30,1862,4520.96,1683.56,0.19,3512.01,inflation,644.0,0.35,506.96,234.8,6,537.7,61,0,109.36,2302.78,Salary,1270.13,Healthcare,Positive,95.4,High,2837.4,0,2019-06-01,0.3723899348810872,0.06495758986908694,1.3678039392715438,0.05193587202718007,0.31938273658200483,3
2019-07-30,1836,5897.16,2958.34,0.08,2598.95,normal,661.0,0.52,418.93,500.91,1,402.68,32,0,325.56,2464.04,Salary,992.13,Healthcare,Positive,13.2,Low,2938.82,1,2019-07-01,0.5016550339485447,0.11004820270827559,0.832913052590304,0.08494088679974768,0.13611687635633496,1
2019-08-29,1645,4708.68,3491.93,0.22,2315.08,inflation,659.0,0.28,237.72,354.54,7,672.01,27,0,375.62,3003.59,Salary,937.73,Investments,Neutral,40.5,Medium,1216.75,0,2019-08-01,0.7415942472200276,0.1075680211229893,0.8601518358042688,0.07529498713015112,0.19244658398077855,2
2019-09-28,1378,5083.27,2207.13,0.08,3276.37,normal,678.0,0.47,443.73,224.95,1,1423.77,46,0,399.37,2368.61,Freelance,805.56,Dining Out,Positive,63.3,High,2876.14,0,2019-09-01,0.4341949178383206,0.18094539062039844,1.073162885738493,0.04425301036537504,0.6450775441410338,3
2019-10-28,1380,6383.05,2096.21,0.24,2745.05,recession,652.0,0.27,556.78,777.8,7,785.22,45,0,623.05,2419.18,Salary,1456.71,Utilities,Neutral,42.8,Low,4286.84,1,2019-10-01,0.3284025661713444,0.29722689997662444,1.1540733037243405,0.12185397263063895,0.3745903320755077,1
2019-11-27,1992,5293.28,2396.09,0.1,3033.07,normal,684.0,0.52,507.86,463.56,4,1156.37,80,0,672.62,1851.73,Salary,1428.2,Dining Out,Positive,74.5,Low,2897.19,0,2019-11-01,0.4526663996614576,0.2807156659390924,0.7728132081850013,0.08757518967445516,0.4826070807023108,1
2019-12-27,1453,5447.32,3872.62,0.31,2622.29,normal,745.0,0.5,392.34,395.52,4,1255.79,93,0,200.49,2157.19,Mixed,662.55,Transportation,Positive,87.3,Medium,1574.7,0,2019-12-01,0.7109220680995425,0.05177115234647345,0.55703632166337,0.07260818163794307,0.3242740057118953,2
2020-01-26,1220,2959.45,2040.15,0.22,2831.12,normal,713.0,0.38,306.48,173.52,7,944.79,69,0,887.86,2282.65,Salary,1318.39,Utilities,Neutral,23.7,Medium,919.3,0,2020-01-01,0.6893679568838805,0.43519349067470525,1.1188638090336496,0.058632516176992354,0.4630983015954709,2
2020-02-25,1957,4857.69,3463.34,0.38,2435.11,inflation,642.0,0.41,697.55,549.83,7,851.65,95,0,314.03,1761.8,Freelance,929.51,Dining Out,Positive,25.2,Low,1394.35,0,2020-02-01,0.7129602753572172,0.0906725877332286,0.5086996945145438,0.11318754387373424,0.24590424272523054,1
2020-03-26,1593,5499.2,1964.02,0.11,2143.61,recession,698.0,0.51,621.69,275.75,2,773.32,87,0,184.18,2671.26,Salary,1483.48,Investments,Positive,44.9,High,3535.18,1,2020-03-01,0.3571464940354961,0.09377704911355282,1.3600981660064562,0.05014365725923771,0.39374344456777427,3
2020-04-25,1914,4396.81,2857.63,0.12,2238.12,recession,591.0,0.51,587.09,109.29,2,1118.35,88,0,240.41,1334.17,Freelance,300.0,Utilities,Negative,69.3,High,1539.18,0,2020-04-01,0.6499325647458043,0.08412915597890559,0.4668798969775653,0.024856657440280566,0.39135577384056014,3
2020-05-25,1493,4804.53,3627.08,0.3,2574.22,normal,694.0,0.57,427.03,579.98,8,1146.35,85,0,633.84,2326.04,Salary,1385.96,Utilities,Neutral,4.9,Low,1177.45,0,2020-05-01,0.7549292022320602,0.17475214221908533,0.6412982343924039,0.12071524165735255,0.316053133650209,1
2020-06-24,1266,5459.96,2733.1,0.24,3179.38,inflation,660.0,0.2,215.13,4.6,5,620.2,25,0,625.71,2475.26,Salary,1596.37,Healthcare,Positive,69.5,Low,2726.86,0,2020-06-01,0.5005714327577491,0.22893783615674512,0.9056602392887199,0.0008424970146301438,0.22692181039844866,1
2020-07-24,1374,3516.53,3281.42,0.26,3032.61,inflation,767.0,0.22,356.14,86.15,8,916.55,85,0,901.44,2597.83,Salary,1357.67,Groceries,Positive,27.9,Low,235.11,0,2020-07-01,0.9331414775360938,0.2747103388167318,0.7916786025562104,0.024498582409363777,0.2793150526296542,1
2020-08-23,1029,6190.05,2737.46,0.14,2822.84,normal,659.0,0.26,655.51,500.58,1,1542.02,69,0,535.72,2663.23,Salary,1074.89,Investments,Neutral,35.5,Low,3452.59,1,2020-08-01,0.4422355231379391,0.19569966319142565,0.9728836220437924,0.08086849056146557,0.5633032080834057,1
2020-09-22,1501,4421.9,2458.09,0.32,2921.68,normal,641.0,0.59,374.17,194.76,4,652.95,77,0,451.61,2491.74,Salary,340.32,Education,Positive,51.3,Medium,1963.81,0,2020-09-01,0.5558900020353242,0.18372394826877778,1.0136894906207663,0.04404441529659196,0.26563307283297194,2
2020-10-22,1053,4045.88,3721.16,0.3,2552.18,normal,697.0,0.19,420.88,330.13,2,1138.82,89,0,668.2,1734.18,Freelance,1662.29,Utilities,Neutral,51.2,Medium,324.72,0,2020-10-01,0.9197405755978921,0.17956766169689023,0.4660320975179783,0.08159658714544178,0.30603897709316447,2
2020-11-21,1611,4126.2,3379.54,0.25,2082.98,recession,582.0,0.22,850.37,602.33,7,835.65,95,0,548.47,3195.34,Mixed,1849.65,Entertainment,Negative,97.2,Low,746.66,0,2020-11-01,0.8190441568513402,0.16229131775330372,0.9454955408132468,0.14597692792399788,0.24726737958420375,1
2020-12-21,1499,4281.58,3929.67,0.09,2878.47,normal,757.0,0.56,593.51,171.21,9,1202.44,57,0,320.58,1080.79,Mixed,1314.58,Investments,Negative,92.4,Medium,351.91,0,2020-12-01,0.9178083791497531,0.08157936926001419,0.27503327251397697,0.039987574680375004,0.3059900704130372,2
2021-01-20,1607,4992.93,2954.29,0.25,2976.17,inflation,656.0,0.47,563.06,507.27,1,1297.57,21,0,540.81,2016.59,Freelance,539.52,Transportation,Negative,4.7,Low,2038.64,0,2021-01-01,0.5916946562439289,0.18305921219650068,0.6825971722478159,0.10159765908995319,0.43921551371057005,1
2021-02-19,1953,4001.32,4475.84,0.1,3499.12,inflation,722.0,0.32,520.58,355.72,2,2.95,62,0,434.63,3054.47,Salary,882.83,Insurance,Positive,51.1,Low,0.0,0,2021-02-01,1.1185908650145453,0.09710579466647601,0.6824350289554586,0.08890066278128218,0.0006590941588618003,1
2021-03-21,1663,4437.14,3601.36,0.28,2283.78,inflation,662.0,0.28,1056.16,457.57,2,1936.39,79,0,294.92,2149.62,Salary,1559.28,Transportation,Positive,60.0,Medium,835.78,0,2021-03-01,0.8116399302253253,0.08189128551436124,0.5968911744452096,0.10312273221038776,0.5376829864273497,2
2021-04-20,1581,3152.04,3012.22,0.23,3085.78,normal,756.0,0.49,412.07,200.26,3,401.59,25,0,477.32,2404.96,Salary,990.81,Insurance,Positive,66.8,High,139.82,0,2021-04-01,0.95564142587023,0.15846120137307368,0.7984011791967387,0.06353345769723734,0.13332027541149052,3
2021-05-20,1210,5437.7,3823.37,0.38,2935.26,normal,703.0,0.6,848.4,220.0,8,490.42,36,0,316.42,2391.49,Salary,1591.37,Insurance,Positive,46.4,Medium,1614.33,0,2021-05-01,0.703122643764827,0.08275945043247189,0.6254926936184569,0.0404582819942255,0.12826904013998122,2
2021-06-19,1862,3679.44,2667.59,0.38,1988.35,normal,649.0,0.4,658.16,322.48,6,1093.22,66,0,564.48,1488.86,Salary,1552.8,Investments,Positive,17.5,Medium,1011.85,0,2021-06-01,0.7249989128780467,0.21160673116933262,0.5581292477479672,0.08764377187832932,0.40981560134803324,2
2021-07-19,1728,4638.91,2209.99,0.4,2813.92,recession,630.0,0.36,646.66,420.85,4,463.06,87,0,524.64,2437.66,Salary,827.44,Education,Positive,91.2,Medium,2428.92,0,2021-07-01,0.4764028618791914,0.23739473934271196,1.1030185656948674,0.09072174282320632,0.20953035986588175,2
2021-08-18,1340,3152.62,2691.53,0.18,2305.21,recession,658.0,0.13,538.89,150.15,6,1311.7,26,0,829.27,3246.94,Freelance,904.15,Entertainment,Negative,78.2,High,461.09,0,2021-08-01,0.8537438701778205,0.3081035693453166,1.206354749900614,0.04762705305428501,0.4873436298313598,3
2021-09-17,1704,4875.42,2179.69,0.18,2850.22,normal,783.0,0.25,276.25,235.28,5,1478.71,24,0,451.73,2603.85,Salary,1053.61,Transportation,Positive,38.4,Low,2695.73,0,2021-09-01,0.44707738000008207,0.207245066959063,1.1945964793158659,0.048258406455238725,0.6784038097160605,1
2021-10-17,1599,5009.67,3363.98,0.11,3298.25,inflation,659.0,0.19,591.25,264.25,9,797.59,79,0,235.79,2164.94,Salary,1596.06,Investments,Negative,41.2,Low,1645.69,0,2021-10-01,0.6714973241750455,0.07009256892133722,0.6435650628125019,0.05274798539624367,0.23709712899601068,1
2021-11-16,1075,2779.08,4122.99,0.08,2542.16,normal,648.0,0.25,705.14,326.86,8,721.25,55,0,439.65,2836.88,Salary,1551.81,Investments,Negative,69.3,Low,0.0,0,2021-11-01,1.4835808972753572,0.10663377791360154,0.6880637595531399,0.11761446234005499,0.17493372528189494,1
2021-12-16,1904,3440.35,4862.61,0.21,3015.67,normal,713.0,0.37,245.9,424.62,5,1609.9,37,0,130.76,2795.04,Freelance,1038.31,Groceries,Positive,25.4,Low,0.0,0,2021-12-01,1.413405612801023,0.026890908380478796,0.5748024209220974,0.12342348888921185,0.3310773432374795,1
2022-01-15,1549,3709.77,4149.26,0.35,2779.88,normal,667.0,0.31,397.65,809.99,2,788.56,20,0,662.74,2872.23,Salary,1578.86,Entertainment,Neutral,21.1,Medium,0.0,0,2022-01-01,1.1184682608355774,0.1597248666027195,0.6922270477145323,0.21833968143577634,0.19004834597012477,2
2022-02-14,1358,4117.89,3313.45,0.14,2666.16,normal,702.0,0.29,762.38,493.47,2,1255.2,73,0,556.31,1035.92,Salary,671.68,Insurance,Neutral,31.4,High,804.44,0,2022-02-01,0.804647525795978,0.1678944906366476,0.3126409029863134,0.1198356439827193,0.37881965926753086,3
2022-03-16,1986,4672.86,1182.03,0.36,3069.94,recession,710.0,0.59,560.47,0.0,4,621.72,40,0,689.73,2375.34,Salary,793.22,Entertainment,Positive,2.7,High,3490.83,1,2022-03-01,0.25295643353321096,0.5835131088043451,2.0095429050024114,0.0,0.525976498058425,3
2022-04-15,1216,3900.27,3431.6,0.18,3254.08,normal,681.0,0.39,567.27,380.58,6,1415.12,52,0,315.18,3324.25,Salary,1472.92,Healthcare,Negative,80.9,Low,468.67,0,2022-04-01,0.8798365241380725,0.09184636904068073,0.9687172164587947,0.09757785999430808,0.41237906515910944,1
2022-05-15,1737,3446.54,3169.13,0.15,3896.53,recession,674.0,0.32,297.55,134.61,9,1416.55,44,0,684.33,1953.95,Freelance,1344.01,Groceries,Negative,48.7,Low,277.41,0,2022-05-01,0.919510581626791,0.21593623486572025,0.6165572254845967,0.039056561072844075,0.44698387254546196,1
2022-06-14,1023,3254.13,3468.18,0.4,2855.23,normal,637.0,0.27,698.79,678.73,8,1283.13,85,0,409.35,2565.7,Freelance,1167.61,Groceries,Negative,58.3,Medium,0.0,0,2022-06-01,1.0657779498667845,0.11803020604466898,0.7397828255742205,0.20857494937202878,0.36997214677438894,2
2022-07-14,1382,2970.13,3628.07,0.2,2087.04,recession,699.0,0.28,283.0,379.94,7,1115.65,41,0,591.44,2393.55,Freelance,1376.23,Insurance,Positive,51.3,Medium,0.0,0,2022-07-01,1.2215189234141266,0.16301780285385895,0.6597309313216118,0.12792032671970588,0.30750509223912437,2
2022-08-13,1540,3646.28,2177.51,0.24,2663.91,recession,644.0,0.16,597.75,350.0,6,406.97,35,0,425.49,2570.58,Freelance,1565.82,Transportation,Neutral,44.0,Medium,1468.77,0,2022-08-01,0.5971867218096252,0.19540208770568215,1.1805135223259593,0.09598824006933093,0.18689696028950498,2
2022-09-12,1542,5110.75,2475.68,0.3,2457.73,normal,634.0,0.46,912.36,402.85,7,1524.87,71,0,766.86,2425.32,Salary,362.54,Transportation,Negative,5.1,High,2635.07,1,2022-09-01,0.4844063982781392,0.3097573192011892,0.9796581141342986,0.07882404735117156,0.6159398629871389,3
2022-10-12,1175,4445.3,3458.44,0.38,2913.05,normal,603.0,0.32,564.07,403.67,7,1631.16,41,0,529.09,1942.57,Freelance,1061.05,Healthcare,Negative,73.7,Low,986.86,0,2022-10-01,0.7779992351472341,0.1529851609396144,0.5616896635477266,0.09080826940813894,0.4716461757324112,1
2022-11-11,1187,3250.29,2500.34,0.27,2844.0,inflation,640.0,0.43,827.72,544.49,6,702.68,69,0,498.21,1000.0,Mixed,1358.19,Healthcare,Negative,44.5,Low,749.95,0,2022-11-01,0.7692667423522209,0.19925690106145563,0.39994560739739393,0.16752043663796154,0.28103377940600077,1
2022-12-11,1378,5215.62,3384.18,0.05,2655.32,normal,592.0,0.21,411.32,517.68,9,1486.85,38,0,357.73,2086.98,Salary,1733.29,Investments,Positive,91.1,Low,1831.44,0,2022-12-01,0.6488547861999149,0.10570655225194879,0.6166870556530681,0.09925569730923647,0.4393531076952171,1
2023-01-10,1932,2996.84,3492.35,0.18,2169.1,normal,680.0,0.43,398.09,79.33,8,1524.37,27,0,438.15,2052.05,Salary,637.14,Transportation,Neutral,39.2,Low,0.0,0,2023-01-01,1.165344162517852,0.12545993385542686,0.58758429137973,0.026471216347886437,0.43648832448065056,1
2023-02-09,1048,4316.94,2404.6,0.3,2023.14,recession,636.0,0.3,537.15,345.74,1,449.23,84,0,438.11,1522.12,Salary,1013.1,Utilities,Positive,45.1,Low,1912.34,0,2023-02-01,0.5570149226072172,0.18219662313898363,0.633003410130583,0.08008913721293325,0.1868210929052649,1
2023-03-11,1087,4386.95,3176.59,0.13,2304.3,inflation,601.0,0.31,40.63,626.57,3,1470.85,62,0,851.41,2679.71,Freelance,778.69,Healthcare,Neutral,92.4,Medium,1210.36,0,2023-03-01,0.7240998871653427,0.26802640567400887,0.8435806950220205,0.14282588130705845,0.4630279639487626,2
2023-04-10,1657,3611.9,2456.7,0.15,3566.26,recession,668.0,0.34,293.0,470.53,4,58.89,53,0,560.1,2904.36,Salary,2005.45,Insurance,Neutral,88.3,Medium,1155.2,0,2023-04-01,0.6801683324566017,0.22798876541702287,1.1822200512883136,0.13027215592901242,0.02397118085236293,2
2023-05-10,1817,3773.88,3416.97,0.2,1749.92,recession,611.0,0.53,505.7,552.1,8,660.39,25,0,641.03,1581.61,Salary,1034.11,Utilities,Positive,90.0,Low,356.91,0,2023-05-01,0.9054262456675887,0.18760188119883991,0.46286915015349855,0.1462950597263294,0.19326771964635336,1
2023-06-09,1738,5741.66,2394.88,0.32,2947.47,normal,706.0,0.54,548.53,694.92,7,1337.56,72,0,412.24,3188.04,Salary,853.71,Dining Out,Positive,33.2,Medium,3346.78,1,2023-06-01,0.4171058544044754,0.1721338856226617,1.3311898717263495,0.12103120003622646,0.5585081507215393,2
2023-07-09,1885,4399.97,3064.82,0.32,3290.92,inflation,713.0,0.35,505.86,512.75,4,1337.81,41,0,475.47,2887.04,Salary,1768.93,Groceries,Positive,13.1,Low,1335.15,0,2023-07-01,0.6965547492369266,0.15513798526504002,0.9419933307665702,0.11653488546512816,0.4365052433748148,1
2023-08-08,1961,3422.26,3461.29,0.25,2636.77,inflation,658.0,0.18,802.82,481.17,6,1057.28,58,0,387.11,2462.29,Salary,878.44,Groceries,Negative,18.0,Medium,0.0,0,2023-08-01,1.0114047442333427,0.1118398053904758,0.7113792834463452,0.14060007129791424,0.3054583695674156,2
2023-09-07,1729,5056.46,3923.15,0.33,2480.91,normal,656.0,0.21,649.64,593.42,9,392.56,41,0,260.82,2065.56,Mixed,721.74,Transportation,Neutral,81.0,Low,1133.31,0,2023-09-01,0.7758688885109345,0.06648229101614773,0.5265054866625033,0.11735878460424881,0.10006244981711125,1
2023-10-07,1703,5223.46,3049.92,0.14,3008.39,inflation,643.0,0.16,796.37,0.0,2,659.47,78,0,368.79,2756.54,Salary,2016.03,Groceries,Positive,18.5,High,2173.54,0,2023-10-01,0.5838888399643148,0.12091792571608435,0.9038073129787011,0.0,0.21622534361557025,3
2023-11-06,1321,4537.59,3100.27,0.24,2650.22,normal,546.0,0.17,779.36,214.66,2,942.52,89,0,333.35,1960.12,Mixed,1519.75,Healthcare,Positive,26.5,Low,1437.32,0,2023-11-01,0.683241544520329,0.10752289316736931,0.6322417079802727,0.04730705065905029,0.3040122311927671,1
2019-01-01,1228,4937.58,3562.69,0.3,2414.91,normal,644.0,0.47,881.86,374.51,4,2061.74,66,0,0.0,1000.0,Salary,848.69,Insurance,Negative,45.2,Medium,1374.89,0,2019-01-01,0.7215457774861369,0.0,0.280686784424129,0.07584889763811421,0.5787031709186036,2
2019-01-31,1966,3647.02,3742.27,0.35,3184.25,normal,657.0,0.3,550.32,238.25,3,1815.39,55,0,218.73,1692.16,Salary,864.83,Dining Out,Positive,92.1,Low,0.0,0,2019-01-01,1.0261172135058212,0.05844848180382495,0.4521747495504066,0.06532730832295956,0.48510396096486896,1
2019-03-02,1087,5266.24,1951.74,0.29,3387.2,normal,652.0,0.3,344.27,243.44,7,720.59,21,0,583.3,2640.58,Mixed,1430.97,Transportation,Positive,80.7,High,3314.5,0,2019-03-01,0.3706135686941727,0.29886152868722266,1.3529363542275097,0.04622652974418181,0.36920388986237923,3
2019-04-01,1543,3569.55,2180.33,0.4,2043.8,normal,768.0,0.29,482.65,641.11,4,1352.26,31,0,0.0,1804.89,Salary,1323.42,Education,Positive,67.7,High,1389.22,0,2019-04-01,0.6108136879998879,0.0,0.8278058825957539,0.17960527237326834,0.6202088674650168,3
2019-05-01,1728,4048.41,4748.43,0.13,2854.82,normal,616.0,0.46,527.27,761.88,9,1252.19,33,0,597.84,2346.11,Salary,1356.24,Education,Neutral,13.9,Low,0.0,0,2019-05-01,1.1729123285437988,0.12590266677617654,0.49408120157609986,0.18819240146131444,0.26370610917713855,1
2019-05-31,1235,4669.49,3843.57,0.2,3047.8,normal,684.0,0.18,775.78,278.06,2,1343.79,30,0,253.75,2247.09,Salary,1555.31,Dining Out,Positive,90.4,Low,825.92,0,2019-05-01,0.8231241527447324,0.0660193518005396,0.5846361585713282,0.05954825901758008,0.34962027490067826,1
2019-06-30,1215,3593.24,2719.12,0.17,2494.99,inflation,691.0,0.11,423.19,408.55,4,1712.98,95,0,321.14,2622.67,Salary,1012.76,Dining Out,Positive,70.5,Medium,874.12,0,2019-06-01,0.7567320858055683,0.11810438671334844,0.9645289652534644,0.11369961371909476,0.6299758745476478,2
2019-07-30,1034,4269.91,2400.56,0.21,3058.57,recession,660.0,0.39,150.18,219.3,7,401.38,30,0,272.11,2269.58,Salary,1179.84,Rent,Positive,88.7,Medium,1869.35,0,2019-07-01,0.5622038872013696,0.11335271769920353,0.9454377311960542,0.05135939633388058,0.16720265271436666,2
2019-08-29,1423,3348.56,2438.94,0.3,3369.49,recession,638.0,0.24,243.56,712.26,7,1333.03,63,0,694.54,2795.62,Freelance,1614.57,Education,Negative,55.8,Low,909.62,0,2019-08-01,0.7283548749313138,0.2847712530853567,1.1462438600375573,0.21270635735958143,0.5465612110179012,1
2019-09-28,1272,3343.67,4040.85,0.39,2225.03,inflation,709.0,0.19,886.84,453.44,9,260.54,97,0,677.08,3043.98,Salary,843.92,Utilities,Negative,58.4,Medium,0.0,0,2019-09-01,1.2085074184952462,0.16755880569682122,0.7533019043023127,0.13561146883514222,0.06447653340262569,2
2019-10-28,1178,4228.36,2462.15,0.1,2895.03,normal,689.0,0.25,273.56,269.32,7,908.76,38,0,374.34,1958.24,Salary,1593.07,Dining Out,Positive,80.4,Medium,1766.21,0,2019-10-01,0.5822943174185737,0.15203785309587148,0.7953374083626099,0.06369372522680189,0.36909205369291065,2
2019-11-27,1187,4279.18,2748.64,0.1,2606.42,normal,712.0,0.59,548.24,65.86,9,854.65,82,0,262.68,2466.17,Freelance,1326.78,Entertainment,Positive,31.9,Medium,1530.54,0,2019-11-01,0.6423286704462069,0.09556726235520112,0.8972328133185867,0.015390799171803943,0.31093558996449155,2
2019-12-27,1464,3954.72,3614.49,0.07,2529.07,normal,668.0,0.15,762.0,563.48,7,797.91,98,1,332.3,2269.55,Salary,1449.47,Utilities,Negative,38.5,Low,340.23,0,2019-12-01,0.9139686248331108,0.09193551510724889,0.6279032449944529,0.1424829065015981,0.22075313529709586,1
2020-01-26,1402,2439.35,4489.22,0.31,2727.01,normal,542.0,0.5,582.26,246.75,9,1161.03,37,0,436.87,2311.88,Salary,1798.84,Transportation,Positive,51.9,Low,0.0,0,2020-01-01,1.840334515342202,0.09731534654126997,0.5149847857757027,0.10115399594154181,0.2586262201451477,1
2020-02-25,1936,3852.59,2000.92,0.31,3328.53,inflation,629.0,0.16,105.88,542.77,8,2135.68,94,0,677.23,2446.83,Salary,1066.33,Healthcare,Positive,51.6,Medium,1851.67,0,2020-02-01,0.5193700860979238,0.33845930871798974,1.2228524878555864,0.14088444397145816,1.0673490194510524,2
2020-03-26,1540,4856.47,4627.69,0.06,3301.08,normal,663.0,0.55,537.15,771.96,7,729.48,34,0,680.92,1791.98,Salary,1903.92,Rent,Positive,68.8,Low,228.78,0,2020-03-01,0.9528917094103329,0.14714036592770907,0.3872299138447044,0.15895496111373075,0.15763372222426308,1
2020-04-25,1371,3218.96,4282.76,0.36,3390.91,normal,691.0,0.5,258.87,326.11,8,1178.88,41,0,742.02,1800.47,Salary,1167.34,Entertainment,Positive,80.4,Low,0.0,0,2020-04-01,1.3304794094987202,0.17325743212321026,0.42039946202915873,0.1013091184730472,0.275261747097666,1
2020-05-25,1095,3252.73,3149.63,0.16,2463.61,inflation,673.0,0.36,679.0,106.06,6,1882.74,81,0,586.62,1586.28,Salary,1493.27,Insurance,Negative,87.7,High,103.1,0,2020-05-01,0.9683035480965221,0.1862504484653753,0.5036401101081714,0.032606456730192794,0.5977654518149751,3
2020-06-24,1248,2994.11,2734.32,0.12,2282.87,recession,702.0,0.18,468.94,500.98,6,1010.67,35,0,611.57,2826.99,Salary,572.12,Utilities,Negative,67.2,Low,259.79,0,2020-06-01,0.9132329807522102,0.22366438456362095,1.0338914245589395,0.16732184188289675,0.36962389186342487,1
2020-07-24,1483,3482.22,2832.86,0.25,2457.76,normal,686.0,0.52,148.16,431.34,9,1400.76,49,0,655.06,2840.04,Salary,1126.44,Entertainment,Positive,70.2,High,649.36,0,2020-07-01,0.8135212594264579,0.23123627711923636,1.0025345410645072,0.12386925581956339,0.4944684876767648,3
2020-08-23,1588,3458.98,1763.83,0.29,2779.44,normal,695.0,0.59,402.35,328.88,3,1116.19,46,0,525.11,1841.82,Salary,1271.23,Insurance,Positive,95.5,Low,1695.15,0,2020-08-01,0.5099277821785613,0.2977100967780342,1.044216279346649,0.09508005250102632,0.632821757198823,1
2020-09-22,1256,3234.86,2922.43,0.27,2844.51,normal,677.0,0.38,591.92,92.52,6,527.64,82,0,552.49,2895.39,Salary,999.43,Healthcare,Positive,66.2,Medium,312.43,0,2020-09-01,0.9034177676931922,0.18905157694110725,0.9907474259434785,0.028600928633696666,0.18054837925972564,2
2020-10-22,1848,4728.23,4006.8,0.37,2383.3,normal,690.0,0.3,365.51,533.39,7,1762.08,49,0,349.34,1436.02,Salary,1622.56,Education,Negative,19.2,Low,721.43,0,2020-10-01,0.8474207049995454,0.08718678246980133,0.35839572726365176,0.11280965604465097,0.4397723869421982,1
2020-11-21,1353,4424.62,4551.2,0.37,1759.53,inflation,623.0,0.42,555.66,506.31,2,1598.1,76,0,366.58,2807.89,Salary,984.47,Utilities,Positive,74.5,High,0.0,0,2020-11-01,1.0286081064588597,0.0805457901212867,0.6169559676568817,0.11443016575434727,0.35113816136403586,3
2020-12-21,1254,3816.33,1692.88,0.12,2657.21,normal,764.0,0.25,398.55,304.45,6,1352.36,80,0,666.92,1896.12,Salary,1327.35,Healthcare,Neutral,31.0,Low,2123.45,0,2020-12-01,0.4435884737430988,0.39395586219932893,1.1200557629601624,0.07977559592592884,0.7988516610746182,1
2021-01-20,1759,2821.14,3482.94,0.25,3702.63,inflation,670.0,0.32,165.3,175.26,1,1044.31,76,0,535.98,1518.0,Salary,1462.06,Dining Out,Negative,67.4,Medium,0.0,0,2021-01-01,1.2345860184180864,0.15388723319953831,0.43583868800496134,0.062123822284608346,0.29983577092915753,2
2021-02-19,1276,3479.82,3423.79,0.09,2853.91,recession,620.0,0.4,423.43,695.64,9,1258.23,61,1,491.74,2143.04,Salary,920.76,Education,Positive,26.1,Low,56.03,0,2021-02-01,0.9838985924559316,0.14362446294895423,0.6259262396350244,0.1999068917357794,0.36749625415110154,1
2021-03-21,1261,4705.54,3817.16,0.39,3401.18,recession,579.0,0.32,613.85,382.81,5,909.1,94,0,516.5,2286.72,Salary,1470.24,Insurance,Positive,50.9,High,888.38,0,2021-03-01,0.8112055152012309,0.13531002106277967,0.5990631778599796,0.08135304343390982,0.23816135556277443,3
2021-04-20,1907,3484.28,3353.56,0.36,2879.33,normal,670.0,0.4,150.48,87.9,8,1054.36,54,0,342.67,2959.94,Salary,1703.61,Investments,Positive,16.3,High,130.72,0,2021-04-01,0.9624829233012272,0.10218096589892532,0.8826262240723292,0.025227593649190076,0.3144002194682665,3
2021-05-20,1100,2507.51,3366.3,0.13,2304.5,recession,696.0,0.54,535.16,10.7,2,2086.07,92,0,533.04,1273.83,Freelance,1182.65,Healthcare,Positive,14.3,Low,0.0,0,2021-05-01,1.3424871685456887,0.15834595847072452,0.37840655913020227,0.004267181387113112,0.619692243709711,1
2021-06-19,1969,4012.58,2304.51,0.25,2901.53,normal,715.0,0.22,595.51,82.17,4,917.92,25,0,720.59,3054.16,Salary,1313.88,Investments,Positive,43.2,Medium,1708.07,0,2021-06-01,0.5743212596384372,0.3126868618491566,1.3252969177829559,0.020478096386863317,0.39831460917939165,2
2021-07-19,1013,3465.62,3251.08,0.12,3419.6,normal,697.0,0.12,632.67,723.61,2,960.77,89,0,1014.19,2059.35,Salary,922.92,Healthcare,Positive,99.0,Low,214.54,0,2021-07-01,0.9380947709212204,0.31195479655991243,0.6334356583043174,0.20879669438657442,0.2955233337844655,1
2021-08-18,1622,3886.0,2834.19,0.25,2727.78,inflation,607.0,0.25,416.14,336.68,5,709.1,32,0,255.7,1541.03,Salary,1032.53,Education,Positive,81.7,High,1051.81,0,2021-08-01,0.7293335048893463,0.09021978060751043,0.5437285432522166,0.08663921770458055,0.2501949410589975,3
2021-09-17,1762,4400.61,2995.2,0.22,2811.45,normal,630.0,0.19,390.18,576.29,8,1005.54,92,0,836.01,1171.9,Mixed,1255.79,Rent,Neutral,14.4,Medium,1405.41,0,2021-09-01,0.6806329122553464,0.27911658653846155,0.39125934829059833,0.13095684461926868,0.3357171474358974,2
2021-10-17,1337,4174.94,2718.75,0.26,2946.37,inflation,658.0,0.11,756.8,325.0,7,1884.87,41,0,701.53,2254.85,Salary,1083.01,Entertainment,Positive,8.3,Low,1456.19,0,2021-10-01,0.651206963453367,0.25803402298850575,0.8293701149425287,0.07784543011396572,0.6932855172413793,1
2021-11-16,1278,4169.34,4226.29,0.14,3141.46,normal,647.0,0.26,66.56,262.56,9,1398.69,91,0,518.61,2012.28,Freelance,758.51,Transportation,Positive,56.8,Low,0.0,0,2021-11-01,1.0136592362340322,0.12271046236770312,0.4761339141421909,0.06297399588424067,0.33094984016714424,1
2021-12-16,1819,4224.13,4309.01,0.07,2816.46,inflation,674.0,0.1,1133.6,448.61,2,317.58,78,1,633.48,3220.33,Mixed,1289.3,Rent,Neutral,99.1,Medium,0.0,0,2021-12-01,1.0200940785439843,0.14701288695083092,0.7473479987282461,0.10620175041961304,0.07370138384454897,2
2022-01-15,1372,2935.39,3325.89,0.3,2935.76,recession,718.0,0.12,222.43,370.96,4,818.65,30,0,264.23,2734.72,Salary,1609.42,Utilities,Positive,83.2,High,0.0,0,2022-01-01,1.13303172661895,0.07944640381972946,0.8222520889145462,0.12637503023448332,0.24614464098331576,3
2022-02-14,1585,4133.59,3752.5,0.28,3830.88,recession,728.0,0.47,963.5,346.21,8,0.0,96,1,132.95,2705.24,Salary,1472.42,Insurance,Negative,25.1,Medium,381.09,0,2022-02-01,0.9078065313686166,0.03542971352431712,0.7209167221852099,0.08375528293807562,0.0,2
2022-03-16,1734,5105.01,2992.1,0.23,2244.41,recession,660.0,0.15,426.18,43.01,5,527.87,97,0,782.1,2109.54,Freelance,1285.6,Rent,Positive,3.8,High,2112.91,0,2022-03-01,0.586110507129271,0.26138832258280137,0.7050365963704421,0.008425056953855134,0.17642124260552788,3
2022-04-15,1069,3730.53,4765.88,0.14,2893.48,normal,663.0,0.18,717.12,591.04,9,661.11,51,0,924.02,1294.58,Mixed,1830.5,Entertainment,Neutral,9.5,Low,0.0,0,2022-04-01,1.2775342913741479,0.19388234701671045,0.27163503906938485,0.15843325211163023,0.13871729879896263,1
2022-05-15,1210,4218.71,2879.57,0.37,3390.88,normal,723.0,0.31,638.26,519.85,8,527.82,31,0,569.64,1457.89,Salary,1144.58,Groceries,Negative,16.0,Low,1339.14,0,2022-05-01,0.6825712125270521,0.19782120247120227,0.5062873970766468,0.12322487205804618,0.1832982007730321,1
2022-06-14,1798,4577.35,2867.63,0.28,2255.23,inflation,688.0,0.46,578.83,545.59,5,1602.31,60,0,452.9,2511.53,Salary,1622.48,Groceries,Positive,91.9,Low,1709.72,0,2022-06-01,0.6264825717937235,0.1579352984869038,0.8758207997545011,0.1191934197734497,0.5587575803015032,1
2022-07-14,1977,5422.04,2759.95,0.24,2357.81,inflation,742.0,0.5,537.29,428.83,3,992.05,24,0,388.92,2284.72,Mixed,1285.15,Entertainment,Negative,43.4,Medium,2662.09,1,2022-07-01,0.5090242786847754,0.14091559629703437,0.8278120980452545,0.07909015794793103,0.35944491748038915,2
2022-08-13,1978,3415.34,3037.18,0.06,2433.53,normal,688.0,0.59,466.93,0.0,2,452.12,64,0,359.4,2941.18,Salary,1223.86,Groceries,Negative,71.0,High,378.16,0,2022-08-01,0.8892760310832888,0.11833345405935769,0.9683917318038443,0.0,0.14886177309214468,3
2022-09-12,1467,5880.03,3695.58,0.06,3058.81,recession,632.0,0.54,705.83,730.27,6,876.43,22,0,126.65,1786.58,Salary,1452.68,Dining Out,Positive,47.2,High,2184.45,0,2022-09-01,0.6284967933837072,0.03427066928601194,0.4834369706514268,0.12419494458361607,0.23715627858144053,3
2022-10-12,1563,4973.72,3652.49,0.31,2820.11,recession,649.0,0.12,561.6,447.26,2,2082.93,94,0,372.59,2231.07,Salary,1664.58,Transportation,Positive,62.5,Low,1321.23,0,2022-10-01,0.7343577845154129,0.1020098617655353,0.6108353479407199,0.08992464392848813,0.5702767153366607,1
2022-11-11,1287,4669.17,2316.49,0.27,3174.65,normal,749.0,0.21,893.09,167.75,3,2204.29,64,0,647.33,1799.14,Salary,1619.31,Education,Positive,90.5,Medium,2352.68,0,2022-11-01,0.4961245788866115,0.27944433172601657,0.7766664220436955,0.03592715621834287,0.951564651692863,2
2022-12-11,1446,4815.01,1977.16,0.29,2452.99,normal,662.0,0.59,521.33,256.37,1,1340.96,75,0,594.44,3402.08,Salary,1883.07,Education,Positive,81.8,Medium,2837.85,1,2022-12-01,0.4106242770004631,0.3006534625422323,1.720690283032228,0.053243918496534794,0.6782253333063586,2
2023-01-10,1228,2486.2,1480.99,0.11,2960.54,recession,634.0,0.53,575.75,339.05,1,692.32,53,0,501.54,3283.08,Salary,300.0,Healthcare,Negative,25.1,High,1005.21,0,2023-01-01,0.5956841766551364,0.33865184775049123,2.216814428186551,0.13637277773308665,0.46747108353196176,3
2023-02-09,1768,2639.7,1116.79,0.25,3016.33,inflation,724.0,0.18,368.42,671.49,7,310.81,61,0,235.87,1821.95,Salary,1301.22,Utilities,Neutral,16.2,Low,1522.91,0,2023-02-01,0.4230745918096754,0.21120353871363462,1.6314168285890813,0.2543811796795091,0.27830657509469103,1
2023-03-11,1113,4309.59,3037.69,0.36,2164.24,recession,738.0,0.12,538.7,1069.28,3,1312.39,58,0,811.17,2009.16,Salary,910.32,Dining Out,Positive,29.5,Medium,1271.9,0,2023-03-01,0.7048675163994719,0.26703514841869974,0.6614104796736995,0.2481164101457447,0.43203552699584225,2
2023-04-10,1898,3862.56,2107.81,0.19,2767.31,recession,743.0,0.29,748.61,188.1,8,1431.61,58,0,419.61,2240.51,Salary,817.09,Healthcare,Positive,65.8,Low,1754.75,0,2023-04-01,0.5457028499233669,0.19907392032488697,1.0629563385694158,0.04869827264819187,0.6791930961519301,1
2023-05-10,1580,3545.01,2993.79,0.11,3257.97,recession,647.0,0.31,741.27,389.36,3,988.32,47,0,497.97,2406.41,Salary,1775.42,Dining Out,Positive,73.2,Low,551.22,0,2023-05-01,0.8445081960276557,0.1663343120258936,0.8038005337715738,0.10983325858037071,0.33012335534556536,1
2023-06-09,1956,4961.34,4506.68,0.19,2142.29,recession,634.0,0.28,402.84,465.62,4,1400.45,27,0,480.03,2206.97,Freelance,1215.8,Dining Out,Negative,37.4,Low,454.66,0,2023-06-01,0.9083594351526,0.10651521741059937,0.48971082925790155,0.09384964545868656,0.3107498202668039,1
2023-07-09,1963,4536.02,3238.7,0.22,3440.09,normal,739.0,0.58,419.33,0.0,8,1167.48,28,0,742.77,1663.02,Freelance,558.91,Transportation,Positive,21.2,High,1297.32,0,2023-07-01,0.7139959700354054,0.22934201994627473,0.5134838052304938,0.0,0.36047796955568595,3
2023-08-08,1018,5457.51,2791.36,0.39,2594.66,normal,713.0,0.39,806.09,567.96,8,1658.62,42,0,744.37,2540.16,Salary,1112.85,Education,Neutral,71.9,Low,2666.15,1,2023-08-01,0.5114713486553392,0.26666929382093313,0.9100080247621231,0.10406943826030553,0.5941978103863349,1
2023-09-07,1976,5088.75,3202.1,0.36,3361.34,recession,775.0,0.38,774.5,230.54,5,888.66,69,0,304.36,1610.54,Freelance,519.93,Investments,Positive,57.5,Medium,1886.65,0,2023-09-01,0.6292507983296487,0.09505012335654728,0.5029636800849443,0.04530385654630312,0.2775241247931045,2
2023-10-07,1137,3688.64,2393.49,0.18,2847.23,normal,664.0,0.52,207.58,192.45,9,1857.33,62,0,542.26,2242.48,Salary,1443.14,Entertainment,Positive,76.8,Low,1295.15,0,2023-10-01,0.6488814305543507,0.22655620036014357,0.9369080296972204,0.052173700876203696,0.7759923793289297,1
2023-11-06,1970,4707.74,3634.79,0.19,3333.43,inflation,689.0,0.12,491.14,408.65,7,643.49,31,0,416.49,1849.32,Salary,1623.36,Investments,Negative,64.0,High,1072.95,0,2023-11-01,0.7720880932251993,0.1145843363715648,0.508783175919379,0.08680385917659005,0.17703636248586577,3
2019-01-01,1123,4839.78,2357.6,0.11,2300.54,normal,748.0,0.36,558.02,346.12,5,1544.24,82,0,437.86,3222.2,Freelance,1310.54,Groceries,Negative,52.8,Low,2482.18,1,2019-01-01,0.48712958027017755,0.18572276891754327,1.3667288768238888,0.07151564740546058,0.6550050899219546,1
2019-01-31,1378,4933.33,2122.93,0.39,3231.95,recession,670.0,0.48,807.72,839.83,7,1130.81,28,0,563.66,2140.53,Salary,1577.08,Entertainment,Neutral,38.8,Low,2810.4,0,2019-01-01,0.4303239394080671,0.2655104030749954,1.0082904287941667,0.17023592583508504,0.5326647604961068,1
2019-03-02,1735,2775.55,2585.83,0.1,2729.68,inflation,663.0,0.17,535.74,99.33,2,936.81,92,0,337.31,1639.82,Freelance,1094.89,Education,Negative,3.9,Medium,189.72,0,2019-03-01,0.9316459800760208,0.13044554359722024,0.6341561510230758,0.03578750157626416,0.3622859971459841,2
2019-04-01,1459,4455.87,2454.09,0.1,3275.45,inflation,588.0,0.36,505.41,871.72,8,1527.49,83,0,503.47,3060.8,Salary,555.77,Groceries,Positive,4.3,Medium,2001.78,0,2019-04-01,0.5507543981310048,0.2051554751455733,1.2472240219388857,0.19563407370502284,0.6224262353866402,2
2019-05-01,1473,2864.05,3117.18,0.2,2724.79,inflation,690.0,0.18,298.47,370.96,6,537.48,71,0,576.75,1790.0,Salary,1208.3,Healthcare,Neutral,0.3,Low,0.0,0,2019-05-01,1.0883818369092717,0.1850230015591015,0.5742369705952175,0.12952287844136798,0.1724250765114623,1
2019-05-31,1966,3675.2,3902.33,0.28,2238.55,normal,679.0,0.15,776.27,234.98,8,719.25,41,0,492.36,1000.0,Freelance,1380.34,Groceries,Positive,30.9,Medium,0.0,0,2019-05-01,1.0618007183282543,0.12617077489602366,0.25625715918438474,0.06393665650848933,0.1843129617433687,2
2019-06-30,1058,3176.93,3386.36,0.34,3543.42,normal,667.0,0.42,423.17,347.0,8,1198.27,56,0,222.93,2993.9,Salary,607.26,Utilities,Positive,4.8,Low,0.0,0,2019-06-01,1.0659221323730772,0.0658317485441595,0.884105647361769,0.1092249435776048,0.353851923599381,1
2019-07-30,1557,3936.88,2608.54,0.33,3730.15,normal,663.0,0.2,684.24,281.66,8,1225.92,64,0,444.3,2272.53,Salary,745.2,Insurance,Positive,36.5,Low,1328.34,0,2019-07-01,0.662590680945317,0.17032516273470985,0.8711884809126945,0.07154396374794254,0.4699640411877909,1
2019-08-29,1629,2928.28,1433.28,0.4,2314.53,recession,651.0,0.48,555.7,244.24,7,1992.36,90,0,517.99,2878.17,Freelance,1494.44,Utilities,Negative,22.6,Low,1495.0,0,2019-08-01,0.4894613903042058,0.3614018196025899,2.008100301406564,0.0834073244361878,1.3900703281982585,1
2019-09-28,1876,3515.59,2670.95,0.16,2901.02,recession,638.0,0.51,246.31,531.52,5,332.72,53,0,704.24,1243.48,Salary,1342.14,Rent,Neutral,66.4,High,844.64,0,2019-09-01,0.7597444525669944,0.26366648570733264,0.4655571987495086,0.15118941628574434,0.12456990958273276,3
2019-10-28,1601,3895.96,2484.08,0.33,3528.81,normal,656.0,0.19,813.92,1097.19,1,515.48,53,0,88.56,1512.23,Salary,1246.88,Dining Out,Positive,97.0,Medium,1411.88,0,2019-10-01,0.637604082177435,0.03565102573186049,0.6087686386911855,0.28162250125771315,0.2075134456217191,2
2019-11-27,1784,2669.1,2938.03,0.07,3185.65,recession,752.0,0.35,543.29,266.77,1,566.61,86,0,398.49,3643.11,Mixed,1377.98,Utilities,Positive,87.9,Medium,0.0,0,2019-11-01,1.1007568094114122,0.135631698791367,1.2399839348134634,0.0999475478625754,0.1928537149042045,2
2019-12-27,1001,5343.85,4082.16,0.13,2101.12,normal,687.0,0.27,692.51,35.82,3,168.87,69,0,193.65,3263.26,Salary,1502.98,Rent,Positive,49.2,Medium,1261.69,0,2019-12-01,0.7638986872760275,0.04743812099476748,0.79939541811198,0.006703032457872133,0.041367805279557884,2
2020-01-26,1861,4665.72,3673.97,0.18,2936.08,recession,657.0,0.41,294.92,356.98,5,892.44,25,0,249.23,2779.61,Salary,946.42,Healthcare,Neutral,32.5,Low,991.75,0,2020-01-01,0.7874390233447356,0.06783669980974259,0.7565685076361539,0.0765112351362705,0.24290889691532597,1
2020-02-25,1680,3653.03,2542.02,0.33,2758.25,normal,700.0,0.22,680.51,167.83,1,889.93,33,0,334.1,2855.32,Salary,1513.6,Investments,Negative,90.8,Low,1111.01,0,2020-02-01,0.6958661713700681,0.1314309092768743,1.1232484402168355,0.04594268319723627,0.3500877255096341,1
2020-03-26,1517,3896.29,2072.68,0.16,3071.32,inflation,712.0,0.59,441.12,331.99,2,1607.56,84,0,252.45,2620.87,Mixed,1652.43,Education,Negative,0.9,High,1823.61,0,2020-03-01,0.5319624565933233,0.12179883049964298,1.2644836636625045,0.08520669662679113,0.7755948819885367,3
2020-04-25,1179,4658.8,3544.55,0.35,2656.31,normal,729.0,0.15,393.83,462.86,7,1470.17,54,0,761.01,1903.22,Salary,957.44,Groceries,Negative,42.7,Low,1114.25,0,2020-04-01,0.760828968833176,0.21469862182787658,0.5369426302351498,0.09935176440285051,0.41476915264278963,1
2020-05-25,1602,4255.36,2536.66,0.08,4030.24,normal,664.0,0.12,416.59,508.87,7,1523.37,27,0,391.51,1397.49,Salary,1356.43,Rent,Positive,2.5,High,1718.7,0,2020-05-01,0.5961093773499775,0.15434074728185881,0.550917348008799,0.1195833020003008,0.6005416571397034,3
2020-06-24,1406,3591.17,3407.08,0.06,3746.12,inflation,791.0,0.19,604.19,520.39,7,1598.53,57,0,568.83,3120.7,Salary,505.96,Entertainment,Positive,25.0,Low,184.09,0,2020-06-01,0.9487381549745626,0.16695528135529547,0.915945619122533,0.1449082054038099,0.4691788863190767,1
2020-07-24,1702,4292.35,3461.31,0.38,3077.51,normal,601.0,0.12,422.51,104.94,5,1319.1,23,0,632.6,2885.59,Mixed,1068.1,Education,Negative,89.2,Low,831.04,0,2020-07-01,0.8063904388039185,0.18276317348056084,0.8336699111030218,0.024448146120423543,0.38109848583339834,1
2020-08-23,1530,3287.25,2931.26,0.19,3031.49,inflation,646.0,0.27,359.77,473.27,8,1771.83,80,0,553.74,2543.09,Salary,879.83,Rent,Neutral,4.6,Low,355.99,0,2020-08-01,0.8917058331432048,0.1889085239794491,0.8675757182917926,0.1439714046695566,0.6044601980035889,1
2020-09-22,1836,4199.02,3335.6,0.21,2149.25,inflation,701.0,0.52,660.4,729.19,5,1306.1,28,0,292.34,2327.78,Salary,550.84,Investments,Neutral,55.8,Medium,863.42,0,2020-09-01,0.794375830550938,0.08764240316584722,0.6978594555702123,0.17365718667689126,0.3915637366590718,2
2020-10-22,1960,2643.07,3492.61,0.4,2962.75,normal,709.0,0.38,392.63,470.28,1,905.75,40,0,686.78,2038.14,Mixed,550.07,Groceries,Positive,23.7,Low,0.0,0,2020-10-01,1.3214216800917116,0.19663804432788085,0.5835578550138721,0.17792945324944098,0.25933327797836003,1
2020-11-21,1880,4735.23,3088.08,0.05,3610.3,recession,708.0,0.51,479.23,277.21,8,768.0,67,0,276.9,2539.61,Salary,1809.46,Groceries,Neutral,52.5,Low,1647.15,0,2020-11-01,0.6521499483657606,0.08966736613041112,0.8223912592938007,0.05854203491699453,0.24869822025336133,1
2020-12-21,1683,2918.33,2854.79,0.37,3742.07,normal,706.0,0.6,472.51,712.55,5,805.27,55,0,427.28,2772.46,Freelance,951.27,Healthcare,Positive,10.3,Low,63.54,0,2020-12-01,0.97822727381756,0.14967125427789785,0.9711607508783483,0.24416361412177512,0.28207679023675997,1
2021-01-20,1810,4027.77,2853.22,0.09,2733.82,inflation,626.0,0.58,473.35,405.16,3,556.47,88,0,79.75,2465.07,Salary,989.12,Rent,Positive,89.5,High,1174.55,0,2021-01-01,0.7083870230921825,0.027950876553507968,0.8639607180659046,0.10059164252179247,0.1950322793195057,3
2021-02-19,1181,2199.91,3749.68,0.23,2522.49,normal,654.0,0.38,565.13,698.2,3,159.4,55,0,561.79,2309.29,Salary,1316.41,Education,Positive,74.7,High,0.0,0,2021-02-01,1.7044697283070671,0.1498234516012033,0.6158632203281347,0.31737661995263444,0.04251029421177274,3
2021-03-21,1526,2591.91,4083.06,0.32,3023.08,normal,693.0,0.17,548.18,113.71,5,1199.04,72,0,250.61,2355.85,Salary,1545.45,Insurance,Positive,69.1,High,0.0,0,2021-03-01,1.5753093278701809,0.06137798611825445,0.5769814795765921,0.04387112206828169,0.2936621063614054,3
2021-04-20,1372,3427.36,2559.47,0.39,3041.6,inflation,587.0,0.58,491.47,315.95,6,998.34,70,0,551.35,2810.04,Salary,1754.23,Dining Out,Positive,52.7,High,867.89,0,2021-04-01,0.7467759441669389,0.21541569152988707,1.097899174438458,0.09218465524485317,0.3900573165538178,3
2021-05-20,1999,4511.83,3233.72,0.3,2771.39,normal,626.0,0.17,545.89,320.97,1,1196.3,71,0,742.36,2255.28,Mixed,1021.9,Transportation,Positive,71.2,High,1278.11,0,2021-05-01,0.7167202664994027,0.2295684227453212,0.6974258748438332,0.07113964843533556,0.36994544982249544,3
2021-06-19,1973,4059.17,3081.99,0.11,1768.89,inflation,679.0,0.54,549.87,466.15,5,1466.67,80,0,649.22,2569.53,Mixed,1259.74,Investments,Positive,71.6,Medium,977.18,0,2021-06-01,0.7592660568539873,0.21064961275020364,0.8337243144851217,0.11483874782283077,0.4758840878782865,2
2021-07-19,1229,6828.27,2627.82,0.05,2530.07,normal,670.0,0.47,287.18,350.54,1,1347.13,88,0,557.16,2678.26,Salary,1361.67,Healthcare,Positive,10.5,High,4200.45,1,2021-07-01,0.3848441845445479,0.2120236545882138,1.019194617591768,0.05133657573587453,0.5126416573433492,3
2021-08-18,1032,2835.01,3185.63,0.16,4201.34,normal,638.0,0.49,344.08,241.01,3,1216.4,71,0,366.24,2420.12,Salary,1537.45,Healthcare,Positive,17.4,Medium,0.0,0,2021-08-01,1.12367504876526,0.11496627040805116,0.7596990234270772,0.08501204581288954,0.38183969889786323,2
2021-09-17,1134,3484.11,2959.85,0.21,3149.1,inflation,684.0,0.15,429.55,215.99,5,1163.28,62,0,576.61,2057.99,Freelance,935.74,Groceries,Negative,16.3,Low,524.26,0,2021-09-01,0.849528286994383,0.1948105478318158,0.695302126796966,0.06199287622951055,0.39301991654982515,1
2021-10-17,1421,4746.63,1994.56,0.29,2177.49,normal,719.0,0.2,483.5,410.04,4,1692.67,95,0,606.81,2967.46,Mixed,929.47,Healthcare,Positive,66.0,Low,2752.07,1,2021-10-01,0.4202054931604106,0.30423251243382,1.4877767527675276,0.08638549876438653,0.8486433098026633,1
2021-11-16,1649,4238.21,1970.91,0.37,3308.94,inflation,651.0,0.16,340.11,299.4,2,1684.38,39,0,210.47,1464.78,Salary,1398.4,Education,Neutral,56.5,High,2267.3,0,2021-11-01,0.46503358729274863,0.10678823487627542,0.74319984169749,0.07064303090219691,0.8546204545108604,3
2021-12-16,1249,4723.75,2703.66,0.28,3030.22,inflation,642.0,0.12,644.01,351.54,2,1120.7,83,0,176.11,2139.42,Salary,1334.38,Healthcare,Positive,18.7,Medium,2020.09,0,2021-12-01,0.572354591161683,0.06513762825207313,0.7913051197265929,0.07441968774808151,0.41451217978591987,2
2022-01-15,1909,4213.27,2797.13,0.21,2661.85,normal,806.0,0.44,514.12,105.22,3,860.85,38,0,733.79,2474.3,Salary,1368.35,Rent,Positive,92.5,Low,1416.14,0,2022-01-01,0.6638857704348403,0.26233675231397896,0.8845852713316864,0.02497347665827255,0.3077618845030442,1
2022-02-14,1297,5808.8,2941.58,0.15,2588.56,normal,695.0,0.25,309.47,848.44,8,1320.74,96,0,668.22,1264.37,Mixed,1298.59,Transportation,Neutral,78.4,Low,2867.22,1,2022-02-01,0.5064006335215535,0.2271636331495319,0.4298268277592314,0.14606114860212094,0.4489899985721959,1
2022-03-16,1362,2050.84,3514.53,0.1,2577.3,normal,713.0,0.57,571.59,773.22,8,1154.55,58,0,601.34,1464.26,Freelance,1463.58,Transportation,Neutral,33.7,Low,0.0,0,2022-03-01,1.7137026779270932,0.17110111451602347,0.4166303887006228,0.37702599910280665,0.3285076525168372,1
2022-04-15,1426,2018.66,3057.77,0.12,2906.5,normal,785.0,0.22,496.1,466.62,7,1093.09,60,0,536.28,2902.44,Salary,1619.35,Investments,Positive,57.5,Medium,0.0,0,2022-04-01,1.5147523604767519,0.17538271354614637,0.9492015423004346,0.2311533393439212,0.357479470332955,2
2022-05-15,1554,4775.72,2150.95,0.34,2430.8,normal,640.0,0.49,485.71,806.94,2,887.34,55,0,709.98,2417.33,Salary,659.29,Transportation,Positive,83.3,Low,2624.77,1,2022-05-01,0.45039282034960165,0.33007740765708177,1.1238429531137406,0.1689671923814629,0.4125339966061508,1
2022-06-14,1944,2356.49,2999.27,0.24,1823.12,recession,677.0,0.52,480.75,564.09,7,989.68,79,0,822.23,2078.36,Salary,1524.33,Education,Neutral,39.3,High,0.0,0,2022-06-01,1.272770094504963,0.27414337488788937,0.692955285786208,0.23937720932403705,0.32997362691588283,3
2022-07-14,1284,2833.68,3269.74,0.06,2883.34,inflation,648.0,0.43,573.89,201.44,7,1529.41,22,0,488.99,2912.98,Mixed,1512.29,Investments,Negative,56.8,Medium,0.0,0,2022-07-01,1.153884701165975,0.14955011713469574,0.8908904071883392,0.07108777279015274,0.4677466709891307,2
2022-08-13,1350,5685.03,1805.44,0.22,2889.77,normal,772.0,0.55,651.5,377.81,2,833.04,54,0,787.0,2444.94,Salary,1637.76,Rent,Positive,44.9,Low,3879.59,1,2022-08-01,0.31757791955363474,0.4359048209854661,1.354207284650833,0.06645699319088906,0.46140552995391704,1
2022-09-12,1726,5058.25,1650.0,0.17,2381.75,recession,612.0,0.15,504.12,466.06,7,1395.15,24,0,145.29,1473.88,Freelance,938.98,Investments,Positive,6.1,High,3408.25,1,2022-09-01,0.3261997726486433,0.08805454545454545,0.8932606060606061,0.0921385854791677,0.8455454545454546,3
2022-10-12,1733,4598.99,4585.55,0.34,2286.21,inflation,662.0,0.25,834.16,503.72,3,858.3,40,0,507.65,2302.62,Salary,1101.72,Groceries,Neutral,58.7,Low,13.44,0,2022-10-01,0.9970776192163933,0.1107064583310617,0.502146961651274,0.10952839645226453,0.18717492994297302,1
2022-11-11,1014,5567.2,3655.79,0.34,2593.4,recession,614.0,0.23,571.05,317.69,2,1628.62,27,0,612.05,1646.79,Salary,1658.45,Utilities,Negative,72.7,Low,1911.41,0,2022-11-01,0.6566658284236241,0.1674193539563268,0.45046077591984224,0.057064592613881304,0.4454905779598937,1
2022-12-11,1912,3316.71,3070.05,0.34,3329.33,recession,631.0,0.57,712.89,631.7,4,1392.2,69,0,444.09,2139.53,Salary,1282.22,Dining Out,Neutral,41.3,Low,246.66,0,2022-12-01,0.9256311224074459,0.14465236722528949,0.6969039592189052,0.19045982313798918,0.45347795638507515,1
2023-01-10,1572,3404.43,3111.33,0.12,3031.91,normal,634.0,0.33,199.86,669.09,9,2142.45,67,0,877.83,2253.44,Salary,1136.65,Utilities,Positive,53.0,Medium,293.1,0,2023-01-01,0.9139062926833567,0.2821397923074698,0.7242690424995099,0.19653510279253797,0.6885961951962665,2
2023-02-09,1388,5959.45,2881.89,0.25,3656.96,inflation,628.0,0.45,496.4,126.85,6,1194.73,51,0,684.76,1717.86,Freelance,965.94,Rent,Neutral,42.0,Medium,3077.56,0,2023-02-01,0.4835832165719991,0.23760795866601434,0.5960879839272144,0.02128552131488644,0.41456474744004806,2
2023-03-11,1353,6076.12,3879.48,0.31,2970.84,normal,732.0,0.22,498.1,300.9,3,1275.15,82,0,392.15,2101.56,Salary,1154.83,Utilities,Neutral,13.0,Low,2196.64,0,2023-03-01,0.6384798193584064,0.10108313485312465,0.5417117758050047,0.0495217342646294,0.32869095858207803,1
2023-04-10,1678,3889.62,2726.12,0.3,2380.65,inflation,699.0,0.57,107.93,899.68,1,1287.58,32,0,583.29,1535.22,Salary,1563.84,Education,Positive,2.0,Medium,1163.5,0,2023-04-01,0.7008705220561392,0.21396343521194958,0.5631520255894825,0.2313028007877376,0.4723122973310052,2
2023-05-10,1098,3652.61,3711.58,0.19,2367.43,normal,698.0,0.47,418.9,395.38,3,471.62,74,0,504.77,2014.31,Salary,434.38,Insurance,Positive,76.8,Medium,0.0,0,2023-05-01,1.0161446198745554,0.13599868519606206,0.5427095738203137,0.10824588444974963,0.127067178937272,2
2023-06-09,1860,4325.35,3511.59,0.34,3236.06,normal,628.0,0.18,547.05,845.94,6,747.19,29,0,359.72,1471.13,Salary,1549.11,Groceries,Positive,75.2,Low,813.76,0,2023-06-01,0.8118626238339094,0.10243792697894687,0.41893558188740715,0.1955772365242119,0.2127782571427758,1
2023-07-09,1015,4943.74,2702.74,0.24,2492.64,normal,697.0,0.36,360.77,515.63,9,922.69,56,0,376.04,2128.69,Salary,1027.55,Rent,Positive,41.7,High,2241.0,0,2023-07-01,0.5466994623503663,0.13913287996625648,0.7876044310588515,0.10429957886134789,0.3413905888098745,3
2023-08-08,1532,3916.11,1925.52,0.15,3150.33,normal,693.0,0.34,465.08,428.08,3,1225.37,41,0,345.46,1660.54,Salary,1753.47,Groceries,Negative,29.9,Medium,1990.59,0,2023-08-01,0.49169201069428586,0.17941127591507747,0.862385225809132,0.10931255761457159,0.6363839378453612,2
2023-09-07,1412,4883.93,3110.23,0.34,2736.36,inflation,618.0,0.25,476.69,270.14,3,766.57,90,0,74.97,2341.91,Salary,1612.56,Insurance,Negative,36.5,High,1773.7,0,2023-09-01,0.6368293566861114,0.02410432668966604,0.7529700375856447,0.05531201307144041,0.24646730306118841,3
2023-10-07,1764,3548.34,2338.92,0.32,2499.1,recession,646.0,0.42,335.91,83.15,2,1344.89,36,0,561.44,3068.61,Salary,939.26,Insurance,Neutral,90.2,Medium,1209.42,0,2023-10-01,0.6591589306548977,0.2400424127375028,1.3119773228669642,0.023433492844541392,0.5750047030253279,2
2023-11-06,1246,5105.78,4312.92,0.27,2546.52,inflation,669.0,0.33,365.65,450.53,6,951.81,33,0,279.31,1543.7,Salary,1112.81,Dining Out,Neutral,20.2,Low,792.86,0,2023-11-01,0.8447132465558642,0.06476122905131558,0.3579245615499476,0.0882392112468614,0.2206880721181937,1
2019-01-01,1979,3546.93,2565.39,0.36,3219.1,inflation,736.0,0.3,761.05,330.43,2,1736.01,33,0,862.19,1095.06,Salary,1197.4,Utilities,Negative,17.3,Medium,981.54,0,2019-01-01,0.7232705466417437,0.3360853515449893,0.42685907405891504,0.09315943647041244,0.6767041268579047,2
2019-01-31,1793,4808.93,4535.17,0.25,3415.1,normal,693.0,0.24,870.05,0.0,3,954.88,96,0,589.77,1605.36,Salary,1237.53,Healthcare,Neutral,45.4,High,273.76,0,2019-01-01,0.9430725753961899,0.13004363673247088,0.35398011540912466,0.0,0.2105499904082978,3
2019-03-02,1078,3924.66,4744.72,0.12,3243.02,normal,661.0,0.12,409.49,498.13,9,802.58,69,0,714.13,2134.82,Salary,2072.27,Dining Out,Neutral,99.4,High,0.0,0,2019-03-01,1.2089505842544324,0.15051046215582795,0.4499359287797805,0.12692309652301093,0.16915223659141107,3
2019-04-01,1047,3259.18,3776.16,0.2,2026.98,normal,598.0,0.56,238.7,486.78,6,821.12,82,0,268.78,2390.31,Salary,1205.0,Groceries,Negative,35.6,Low,0.0,0,2019-04-01,1.1586227210525346,0.0711781280454218,0.6330001906698869,0.14935658662608386,0.2174484132028304,1
2019-05-01,1950,4734.64,1664.42,0.34,2879.99,normal,600.0,0.39,289.86,229.96,5,1122.33,86,0,304.5,1790.37,Salary,817.97,Education,Neutral,13.9,High,3070.22,1,2019-05-01,0.35154098305256576,0.1829466120330205,1.0756720058639044,0.0485696906206174,0.6743069657898847,3
2019-05-31,1687,5172.46,2432.64,0.06,3207.88,normal,678.0,0.42,550.08,377.11,2,1326.76,92,0,689.88,3244.39,Salary,470.19,Dining Out,Positive,4.6,High,2739.82,0,2019-05-01,0.4703061985979592,0.2835931333859511,1.3336909694817154,0.07290728202828055,0.5453992370428835,3
2019-06-30,1525,4451.08,2457.54,0.18,1814.85,inflation,696.0,0.38,904.33,375.81,2,802.74,78,0,707.39,2967.87,Mixed,1451.58,Education,Negative,62.0,Low,1993.54,1,2019-06-01,0.5521221815828967,0.2878447553244301,1.2076588783905857,0.08443119422701906,0.32664371688761934,1
2019-07-30,1925,3140.71,1527.42,0.19,3237.09,normal,768.0,0.19,886.73,852.72,1,477.09,66,0,528.91,1697.51,Salary,1056.16,Groceries,Positive,65.1,High,1613.29,0,2019-07-01,0.48632952421586206,0.34627672807741156,1.1113577143156432,0.27150548761267357,0.3123502376556546,3
2019-08-29,1770,5401.29,3667.52,0.38,2057.15,normal,662.0,0.52,422.71,828.41,3,603.31,92,0,608.78,2964.37,Freelance,976.19,Dining Out,Positive,56.1,Low,1733.77,0,2019-08-01,0.6790081628647971,0.16599227816071896,0.8082764374836402,0.15337262024442308,0.1645008070848966,1
2019-09-28,1799,3695.13,1871.43,0.37,3777.31,inflation,692.0,0.47,543.62,202.39,1,83.95,85,0,358.11,3034.33,Salary,985.86,Education,Positive,53.5,Low,1823.7,0,2019-09-01,0.5064585007834637,0.19135634247607444,1.6213964722164333,0.05477209191557536,0.04485874438263788,1
2019-10-28,1653,2040.71,3426.8,0.37,2884.88,inflation,699.0,0.37,822.25,466.89,3,1794.91,78,0,672.48,1746.63,Freelance,1015.93,Dining Out,Positive,71.8,Low,0.0,0,2019-10-01,1.6792194873352901,0.1962413913855492,0.5096970934983075,0.22878801985583447,0.5237860394537177,1
2019-11-27,1962,4620.6,4344.55,0.27,2889.83,normal,682.0,0.48,621.87,383.99,3,1502.47,47,0,442.1,2202.72,Salary,1060.05,Transportation,Positive,74.5,Low,276.05,0,2019-11-01,0.9402566766220837,0.10175967591580255,0.5070076302493929,0.08310392589706964,0.34582868191182053,1
2019-12-27,1679,3413.85,3451.51,0.21,2516.75,normal,597.0,0.49,226.37,380.06,5,1683.19,64,0,206.73,1963.1,Salary,1411.29,Healthcare,Positive,22.5,Low,0.0,0,2019-12-01,1.0110315333128288,0.0598955239880516,0.568765554786166,0.11132885158984725,0.4876677164487427,1
2020-01-26,1633,3751.34,3193.56,0.26,3496.77,normal,658.0,0.57,674.61,396.18,6,1288.18,51,0,342.06,2869.83,Salary,2048.44,Transportation,Neutral,19.8,High,557.78,0,2020-01-01,0.8513117979175441,0.10710930748130613,0.8986303686168414,0.10561026193306924,0.40336802815666534,3
2020-02-25,1959,4177.19,3911.36,0.15,3126.04,normal,634.0,0.2,127.77,483.9,5,867.48,42,0,748.91,2386.7,Freelance,954.59,Dining Out,Positive,0.1,High,265.83,0,2020-02-01,0.9363615253316225,0.19147048596907468,0.6101969647386075,0.11584342584368919,0.22178475006135973,3
2020-03-26,1378,5380.6,2955.18,0.29,3234.64,recession,698.0,0.16,720.03,541.13,1,80.85,51,0,584.92,1884.09,Salary,1162.02,Healthcare,Positive,61.4,High,2425.42,0,2020-03-01,0.5492287105527264,0.19793041371422385,0.6375550727874444,0.10057056833810354,0.0273587395691633,3
2020-04-25,1464,5234.63,2610.43,0.08,2292.47,normal,715.0,0.39,272.94,286.17,6,975.31,35,0,423.58,2285.03,Salary,300.0,Utilities,Negative,77.3,High,2624.2,1,2020-04-01,0.4986847207921094,0.1622644545151565,0.875346207329827,0.054668620322735326,0.3736204380121283,3
2020-05-25,1685,4897.55,2850.16,0.2,2293.4,normal,612.0,0.16,619.21,456.93,7,1121.58,75,0,573.15,1888.39,Salary,1303.51,Rent,Negative,75.9,Low,2047.39,0,2020-05-01,0.5819562842645812,0.20109397367165352,0.6625557863418194,0.09329766924278465,0.39351475004912007,1
2020-06-24,1427,3768.81,2952.26,0.09,2956.19,normal,623.0,0.55,556.73,285.7,1,839.22,74,0,417.54,2164.27,Freelance,1304.07,Utilities,Positive,22.9,Medium,816.55,0,2020-06-01,0.7833400993947692,0.14143063280334386,0.7330892265586364,0.07580642165564197,0.284263581120904,2
2020-07-24,1915,5199.63,4234.56,0.17,2862.02,inflation,622.0,0.3,545.97,0.0,2,1503.33,57,0,561.73,3291.13,Salary,367.82,Transportation,Neutral,8.5,Low,965.07,0,2020-07-01,0.8143964089752541,0.13265368775032116,0.7772070770044585,0.0,0.35501445250510083,1
2020-08-23,1210,2984.02,2365.1,0.35,3415.25,normal,682.0,0.3,368.01,897.58,5,334.28,86,0,390.63,3153.16,Freelance,2041.51,Education,Positive,12.2,Low,618.92,0,2020-08-01,0.7925885215246546,0.1651642636674982,1.3332036700350935,0.3007955710752609,0.14133863261595703,1
2020-09-22,1555,3334.71,3269.79,0.14,3136.32,normal,704.0,0.4,509.32,259.76,2,1736.47,80,0,509.19,2213.47,Freelance,321.29,Dining Out,Negative,69.8,Low,64.92,0,2020-09-01,0.9805320402673695,0.15572559705669173,0.6769456142443397,0.07789582902261366,0.5310646861113405,1
2020-10-22,1231,4357.52,3543.86,0.28,2541.87,inflation,626.0,0.23,547.29,492.06,7,1179.4,42,0,578.55,1296.92,Salary,1120.84,Investments,Positive,35.3,Low,813.66,0,2020-10-01,0.8132745231232443,0.1632541917570107,0.3659625380235111,0.11292202904404339,0.3328009571484201,1
2020-11-21,1619,5002.18,3609.28,0.22,3391.53,normal,707.0,0.29,756.58,410.2,3,794.59,94,0,490.68,1868.48,Salary,1507.74,Transportation,Neutral,98.7,Low,1392.9,0,2020-11-01,0.7215414079461355,0.13594955226527175,0.5176877382746697,0.08200424614867917,0.22015194166149482,1
2020-12-21,1086,4365.03,2724.51,0.29,2470.25,normal,666.0,0.16,463.51,310.59,5,670.92,35,0,516.07,1996.8,Mixed,906.64,Rent,Positive,15.0,Low,1640.52,0,2020-12-01,0.624167531494629,0.1894175466414144,0.7329024301617538,0.07115415014329798,0.24625345474966137,1
2021-01-20,1589,4640.5,2528.45,0.27,3859.5,normal,691.0,0.45,441.17,267.39,6,0.0,72,0,367.52,1815.42,Salary,1662.16,Groceries,Negative,76.3,High,2112.05,0,2021-01-01,0.5448658549725245,0.14535387292610097,0.717997191955546,0.057620946018747975,0.0,3
2021-02-19,1391,4663.1,797.11,0.14,3458.59,normal,686.0,0.42,452.01,844.07,9,1073.05,50,0,319.64,1883.1,Mixed,1347.12,Dining Out,Negative,52.3,Low,3865.99,1,2021-02-01,0.17093993266282087,0.40099860746948346,2.3624092032467288,0.18101048658617658,1.3461755592076374,1
2021-03-21,1782,3329.59,3746.8,0.16,3195.72,inflation,765.0,0.44,835.01,210.45,5,660.95,76,0,585.97,3205.43,Salary,1156.21,Healthcare,Positive,19.4,High,0.0,0,2021-03-01,1.12530371607315,0.1563921212768229,0.8555113697021457,0.06320598031589475,0.17640386463115193,3
2021-04-20,1612,4775.53,2634.8,0.28,2831.12,normal,626.0,0.56,555.02,371.65,5,1588.77,36,0,814.6,1176.76,Salary,869.09,Investments,Positive,73.7,High,2140.73,0,2021-04-01,0.5517293368484755,0.30916957643843934,0.44662213450736293,0.0778238226961196,0.60299453468954,3
2021-05-20,1402,4191.84,3619.19,0.31,2389.45,normal,620.0,0.48,541.7,151.97,8,1406.53,74,0,333.91,1731.74,Salary,1013.94,Insurance,Neutral,37.4,Low,572.65,0,2021-05-01,0.8633893469216383,0.09226097552214722,0.4784882805268582,0.03625376922783312,0.38863115780050234,1
2021-06-19,1682,2873.54,2749.08,0.21,2855.29,normal,742.0,0.12,509.66,959.28,4,1539.59,84,0,255.54,1943.02,Salary,748.78,Insurance,Positive,23.8,High,124.46,0,2021-06-01,0.9566875700355659,0.09295473394735693,0.7067891803803454,0.3338321373636699,0.5600382673476217,3
2021-07-19,1198,4213.74,3367.77,0.14,3145.14,normal,692.0,0.37,703.99,296.75,6,430.17,66,0,625.52,3909.92,Salary,1536.54,Dining Out,Positive,83.5,Low,845.97,0,2021-07-01,0.799235358612539,0.18573714950842843,1.1609818960320926,0.0704243735968522,0.12773140683597753,1
2021-08-18,1574,4579.54,3547.0,0.3,3373.76,recession,691.0,0.3,831.01,244.38,3,1549.16,46,0,435.2,2027.21,Salary,1346.36,Groceries,Positive,86.9,Low,1032.54,0,2021-08-01,0.7745319398891591,0.1226952354102058,0.5715280518748238,0.053363438249256476,0.436752184945024,1
2021-09-17,1182,2742.34,3436.62,0.17,4121.1,normal,742.0,0.55,398.72,698.74,5,1623.95,77,0,196.09,1701.61,Salary,2048.6,Education,Neutral,35.0,Medium,0.0,0,2021-09-01,1.2531706498829465,0.05705897073287126,0.49514057416880536,0.2547969981840326,0.47254278913583697,2
2021-10-17,1541,4693.72,3273.57,0.09,2088.79,normal,640.0,0.27,434.86,68.16,4,762.47,65,0,960.73,2233.07,Freelance,538.49,Transportation,Positive,29.1,High,1420.15,0,2021-10-01,0.6974361487263834,0.2934808175783625,0.6821512904871441,0.014521530896602268,0.23291696832510073,3
2021-11-16,1167,5110.47,2678.64,0.18,3426.76,normal,662.0,0.15,311.81,293.22,6,1620.64,37,0,688.69,2511.06,Salary,2391.34,Transportation,Positive,94.1,Medium,2431.83,0,2021-11-01,0.5241474854563278,0.25710435146193594,0.9374384015769196,0.05737632742193967,0.6050234447331483,2
2021-12-16,1710,3582.41,1358.34,0.38,3300.92,recession,651.0,0.4,589.92,190.7,8,1502.46,37,0,465.46,3167.05,Mixed,1508.79,Healthcare,Positive,56.3,Low,2224.07,0,2021-12-01,0.3791693301436742,0.3426682568429112,2.3315591089123493,0.053232321258594076,1.106100092760281,1
2022-01-15,1109,4400.85,4773.28,0.25,3370.48,normal,713.0,0.18,360.82,469.26,8,780.02,21,0,185.1,2866.2,Freelance,1149.27,Groceries,Positive,31.1,High,0.0,0,2022-01-01,1.0846268334526283,0.03877836623872893,0.6004676029899776,0.10662940113841643,0.16341383702611204,3
2022-02-14,1538,5125.55,4817.68,0.2,2315.3,normal,755.0,0.38,289.45,0.0,2,1504.74,71,0,442.83,2374.19,Salary,1101.75,Utilities,Neutral,6.7,Medium,307.87,0,2022-02-01,0.9399342509584337,0.09191768652131316,0.4928077414855283,0.0,0.31233705850118726,2
2022-03-16,1168,2909.27,3417.82,0.08,2575.31,normal,733.0,0.24,286.81,335.51,1,1286.96,69,0,573.28,3741.69,Mixed,1283.86,Healthcare,Negative,14.4,High,0.0,0,2022-03-01,1.1748033011717718,0.1677326482962824,1.0947592324932267,0.11532446283775655,0.37654411291407974,3
2022-04-15,1009,3590.68,2849.22,0.27,2152.56,normal,749.0,0.24,608.84,499.89,8,642.56,46,0,570.81,2325.49,Salary,1239.14,Investments,Positive,15.4,Medium,741.46,0,2022-04-01,0.7935042944511903,0.20033904015835913,0.8161847803960381,0.13921875522185212,0.22552137076112058,2
2022-05-15,1444,4332.24,2780.15,0.29,2623.59,normal,644.0,0.46,483.52,778.61,2,1272.99,93,0,536.34,2494.98,Salary,300.0,Education,Positive,64.7,Low,1552.09,0,2022-05-01,0.6417349915978802,0.1929176483283276,0.8974263978562308,0.17972457666241945,0.4578853658975235,1
2022-06-14,1383,2897.67,2491.22,0.09,2609.06,recession,613.0,0.51,642.57,243.65,4,1913.96,33,0,403.51,1901.48,Salary,1448.45,Groceries,Positive,39.0,Low,406.45,0,2022-06-01,0.8597321296075812,0.16197284864443928,0.7632726134183252,0.08408479916622666,0.7682822071113752,1
2022-07-14,1103,3335.38,2443.64,0.32,3538.52,inflation,744.0,0.27,538.72,663.61,2,772.17,75,0,440.12,1681.17,Salary,1621.11,Dining Out,Negative,83.7,Medium,891.74,0,2022-07-01,0.7326421577151628,0.18010836293398375,0.6879777708664124,0.1989608380454401,0.31599171727423025,2
2022-08-13,1202,3294.03,3372.6,0.27,2572.96,normal,634.0,0.13,122.44,340.74,5,1391.67,50,0,424.34,2605.72,Salary,1346.28,Healthcare,Neutral,1.6,High,0.0,0,2022-08-01,1.0238522417828617,0.12581984225819842,0.7726146000118602,0.10344168085900857,0.412640099626401,3
2022-09-12,1153,4839.76,2516.88,0.23,3283.88,inflation,657.0,0.22,443.67,614.24,2,604.23,28,0,900.06,1070.96,Salary,1084.68,Insurance,Positive,3.7,Low,2322.88,0,2022-09-01,0.5200423161479082,0.35760942118813766,0.42551095006516004,0.12691538423392895,0.24007104033565366,1
2022-10-12,1101,4910.43,3607.76,0.23,2669.79,normal,703.0,0.53,358.36,376.48,2,508.14,93,0,384.72,1467.39,Mixed,511.58,Healthcare,Negative,80.2,Medium,1302.67,0,2022-10-01,0.734713660514456,0.10663680510898729,0.40673160077167,0.07666945664636295,0.14084639776481805,2
2022-11-11,1516,4185.69,3291.93,0.31,2665.39,inflation,636.0,0.3,791.34,389.57,4,959.75,78,0,372.64,3316.95,Salary,1066.45,Rent,Neutral,4.8,Low,893.76,0,2022-11-01,0.7864724812396523,0.11319803276497374,1.0076004046258578,0.09307187106546352,0.29154629654944064,1
2022-12-11,1227,3996.62,3481.53,0.25,3488.47,normal,702.0,0.16,601.1,370.59,9,726.06,58,0,293.25,2072.35,Mixed,1201.78,Groceries,Positive,53.1,Low,515.09,0,2022-12-01,0.871118595212955,0.08423020913219188,0.5952411727028059,0.09272585334607743,0.20854624260023608,1
2023-01-10,1959,4965.45,2158.98,0.29,3643.43,inflation,743.0,0.22,424.54,632.01,3,1024.02,33,0,404.35,1720.8,Salary,1513.19,Education,Negative,7.2,Medium,2806.47,0,2023-01-01,0.4348004712563816,0.1872875154007911,0.7970430481060501,0.12728151527051929,0.47430731178612123,2
2023-02-09,1428,3053.5,3055.04,0.29,3860.91,recession,675.0,0.13,865.53,938.03,2,966.04,98,0,69.57,3514.52,Salary,1256.0,Dining Out,Neutral,49.7,Low,0.0,0,2023-02-01,1.0005043392827901,0.022772205928563945,1.1504006494186656,0.30719829703618795,0.316211899025872,1
2023-03-11,1266,4921.78,2417.36,0.12,2767.36,recession,684.0,0.39,510.84,204.06,6,519.09,99,0,352.17,2599.17,Salary,1894.87,Rent,Positive,27.6,Medium,2504.42,0,2023-03-01,0.4911556388136,0.14568372108415792,1.075210146606215,0.04146060977938876,0.21473425555151074,2
2023-04-10,1328,4645.98,3193.42,0.28,2995.61,normal,751.0,0.52,49.64,314.51,3,1305.97,55,0,523.78,2111.14,Salary,1760.6,Utilities,Positive,90.8,Low,1452.56,0,2023-04-01,0.6873512154593865,0.16401851306749501,0.6610906175824037,0.06769508263057525,0.4089565418892598,1
2023-05-10,1025,3739.61,1449.66,0.27,3455.02,normal,707.0,0.51,631.62,215.01,3,1332.53,31,0,403.53,2792.54,Salary,1643.73,Dining Out,Positive,26.9,Low,2289.95,0,2023-05-01,0.38765004906928796,0.2783618227722362,1.9263413490059738,0.05749530031206462,0.9192017438571802,1
2023-06-09,1242,4842.62,3266.11,0.1,4274.44,normal,665.0,0.32,419.24,783.27,4,783.15,31,0,368.01,1750.69,Salary,1276.29,Transportation,Neutral,30.7,Low,1576.51,0,2023-06-01,0.6744510203154491,0.1126753232438589,0.5360168518512849,0.16174508840255894,0.239780656499628,1
2023-07-09,1482,4848.42,2249.99,0.35,4187.3,normal,660.0,0.19,209.79,818.79,6,973.52,85,0,606.61,2530.02,Salary,1299.04,Healthcare,Positive,71.2,Low,2598.43,0,2023-07-01,0.4640666443913687,0.2696056426917453,1.1244583309259153,0.1688776962391872,0.43267747856657146,1
2023-08-08,1396,4041.81,3759.39,0.22,2618.54,inflation,726.0,0.2,437.52,259.78,5,1103.0,57,0,937.03,1717.98,Mixed,1447.43,Rent,Positive,36.1,Medium,282.42,0,2023-08-01,0.9301253646262442,0.24925054330622787,0.4569837127831909,0.06427318453861017,0.29339866308097856,2
2023-09-07,1990,1647.78,3034.93,0.13,3153.17,recession,667.0,0.29,435.35,948.11,5,481.43,43,0,925.28,2206.3,Salary,1424.42,Investments,Neutral,63.4,Low,0.0,0,2023-09-01,1.8418296131765162,0.3048768834866043,0.7269689910475695,0.575386277294299,0.15862968832889063,1
2023-10-07,1171,5306.27,3696.89,0.08,3383.34,normal,699.0,0.58,700.74,543.37,8,808.38,29,0,977.02,2531.66,Salary,1411.12,Entertainment,Positive,25.7,High,1609.38,0,2023-10-01,0.696702203242579,0.264281598857418,0.6848080413536783,0.10240149860448111,0.21866487777564386,3
2023-11-06,1329,5344.28,2860.93,0.15,3085.08,normal,633.0,0.42,491.61,494.4,1,1745.29,71,0,505.87,2400.02,Freelance,864.91,Insurance,Positive,13.0,Medium,2483.35,0,2023-11-01,0.5353256191666604,0.1768201249244127,0.8388950446183584,0.09251012297259874,0.6100428881517549,2
2019-01-01,1830,4607.04,2408.0,0.32,3268.39,normal,726.0,0.34,626.08,504.93,1,234.64,23,0,669.5,1434.77,Salary,1220.57,Dining Out,Positive,59.7,High,2199.04,0,2019-01-01,0.5226783357643954,0.27803156146179403,0.5958347176079735,0.1095996561783705,0.09744186046511627,3
2019-01-31,1949,2766.05,3005.96,0.4,2759.26,normal,646.0,0.29,423.82,312.63,7,1420.04,47,0,601.36,2113.19,Freelance,1360.71,Healthcare,Positive,84.4,Low,0.0,0,2019-01-01,1.0867337900616403,0.20005588896725174,0.7030000399206909,0.11302398727427197,0.47240814914370116,1
2019-03-02,1603,1109.22,4081.71,0.27,2530.93,recession,819.0,0.13,304.89,969.37,9,403.16,33,0,518.14,2066.86,Freelance,1038.55,Healthcare,Positive,71.6,High,0.0,0,2019-03-01,3.6798020230432194,0.12694189445110016,0.5063711042675741,0.8739204125421467,0.0987723282643794,3
2019-04-01,1299,3033.43,3264.14,0.16,3004.84,inflation,682.0,0.37,695.7,148.08,3,912.48,28,0,390.15,2203.19,Salary,910.4,Education,Neutral,77.4,Low,0.0,0,2019-04-01,1.0760558180014044,0.11952612326677164,0.6749679854418009,0.048816026742004935,0.2795468331627933,1
2019-05-01,1153,4882.49,3607.51,0.19,1383.52,normal,619.0,0.56,507.26,1226.36,3,651.69,83,0,541.66,1637.07,Salary,1816.63,Healthcare,Positive,91.0,High,1274.98,0,2019-05-01,0.7388668486776215,0.1501478859379461,0.4537949998752602,0.25117511761416816,0.18064814789148195,3
2019-05-31,1153,2418.33,3270.89,0.26,3282.14,recession,648.0,0.47,448.88,271.33,8,981.3,77,0,905.31,2731.44,Mixed,1183.99,Transportation,Negative,64.6,High,0.0,0,2019-05-01,1.3525408029507966,0.27677788002653714,0.8350754687562101,0.1121972600927086,0.30001008899718423,3
2019-06-30,1400,3681.75,3674.49,0.19,3213.16,normal,678.0,0.32,184.37,531.02,2,2319.0,91,0,632.4,2476.24,Mixed,810.13,Transportation,Positive,84.2,Low,7.26,0,2019-06-01,0.9980281116316968,0.17210551668394797,0.6739003235823202,0.14423032525293678,0.6311079904966403,1
2019-07-30,1387,4298.25,4202.56,0.28,3467.47,normal,629.0,0.5,294.49,498.57,8,1768.46,90,0,468.41,1058.61,Salary,1291.15,Rent,Negative,41.1,Medium,95.69,0,2019-07-01,0.9777374512883151,0.1114582540165994,0.2518964631082007,0.11599371837375676,0.4208054138429909,2
2019-08-29,1548,3536.27,2603.5,0.26,2996.39,normal,697.0,0.55,651.73,363.09,6,540.26,32,0,236.07,1881.39,Salary,1484.19,Rent,Positive,79.8,Medium,932.77,0,2019-08-01,0.7362277201684261,0.09067409256769733,0.7226387555214135,0.10267598345148984,0.20751296331860955,2
2019-09-28,1521,4900.43,3829.43,0.07,2610.75,normal,710.0,0.33,404.32,318.27,6,357.73,94,0,702.48,3137.2,Salary,898.59,Insurance,Positive,42.2,Low,1071.0,0,2019-09-01,0.7814477505035272,0.18344244443690055,0.8192341941228851,0.06494736176213108,0.09341599141386578,1
2019-10-28,1444,4179.78,2074.66,0.34,3144.57,inflation,650.0,0.33,772.96,503.12,3,1086.71,57,0,581.49,1420.39,Freelance,1060.51,Healthcare,Positive,98.4,Low,2105.12,0,2019-10-01,0.4963562675547517,0.280282070315136,0.684637482768261,0.12036997162530086,0.5238014903646863,1
2019-11-27,1383,3308.17,3601.86,0.31,3065.33,recession,637.0,0.16,410.41,183.93,1,524.91,55,0,675.62,2092.01,Salary,1919.94,Investments,Negative,47.8,Medium,0.0,0,2019-11-01,1.088777178923695,0.1875753083129272,0.5808138017579806,0.055598714697249536,0.1457330379304026,2
2019-12-27,1045,3655.81,3709.65,0.2,2990.21,normal,740.0,0.18,404.11,655.25,2,1089.33,32,0,427.1,2487.47,Mixed,919.49,Transportation,Negative,75.8,Medium,0.0,0,2019-12-01,1.0147272423895115,0.11513215532462631,0.6705403474721334,0.17923524472004837,0.2936476487000121,2
2020-01-26,1533,4768.97,3790.59,0.36,2980.38,normal,664.0,0.25,107.69,489.18,9,1080.48,79,0,333.22,1456.47,Salary,1543.19,Insurance,Positive,78.2,Medium,978.38,0,2020-01-01,0.7948445890831772,0.08790715957146514,0.3842330613440124,0.10257560856956534,0.28504269783859504,2
2020-02-25,1814,3983.3,2861.59,0.19,2723.19,normal,670.0,0.49,99.55,914.84,2,802.59,55,0,638.14,1000.0,Salary,1560.35,Groceries,Positive,66.6,Low,1121.71,0,2020-02-01,0.7183968066678382,0.2230018975464689,0.3494560716245164,0.22966886752190394,0.28046994852512064,1
2020-03-26,1874,4608.24,3625.17,0.06,2930.12,inflation,620.0,0.55,515.45,416.9,7,1164.02,48,0,51.5,1419.08,Salary,1110.61,Entertainment,Neutral,6.6,High,983.07,0,2020-03-01,0.7866712671215041,0.014206230328508731,0.3914519870792266,0.09046837838307033,0.3210939073202084,3
2020-04-25,1947,4400.6,2105.98,0.05,2493.16,normal,728.0,0.31,743.62,406.5,5,747.85,73,0,535.63,2613.22,Salary,1376.96,Healthcare,Positive,10.9,High,2294.62,0,2020-04-01,0.4785665591055765,0.2543376480308455,1.2408569881955194,0.09237376721356177,0.3551078357819163,3
2020-05-25,1595,4161.28,2325.95,0.34,2739.99,inflation,534.0,0.29,374.71,558.17,3,316.39,57,0,335.98,2826.47,Salary,858.22,Healthcare,Positive,60.2,Low,1835.33,0,2020-05-01,0.5589506113503537,0.14444850491197148,1.2151894924654443,0.13413420870501383,0.1360261398568327,1
2020-06-24,1951,4776.77,3320.25,0.28,2321.48,inflation,702.0,0.49,700.79,80.67,9,991.12,66,0,606.3,1000.0,Freelance,1763.19,Education,Neutral,45.5,Medium,1456.52,0,2020-06-01,0.6950826604588456,0.18260673142082673,0.301182139899104,0.01688798079036671,0.29850764249679995,2
2020-07-24,1448,2489.96,2501.32,0.1,3124.68,normal,684.0,0.23,275.86,337.93,2,162.64,93,0,249.32,2671.5,Salary,1490.2,Insurance,Positive,81.0,Medium,0.0,0,2020-07-01,1.0045623222863018,0.09967537140389873,1.0680360769513697,0.13571703963115875,0.06502166855900084,2
2020-08-23,1450,4847.53,2112.68,0.27,3475.64,normal,599.0,0.27,786.34,15.05,5,855.35,26,0,319.31,2766.37,Salary,956.5,Rent,Positive,29.8,Medium,2734.85,0,2020-08-01,0.43582608049872823,0.15113978453906887,1.3094126890963138,0.003104673926721444,0.404864910918833,2
2020-09-22,1468,5307.88,3579.79,0.23,3232.05,normal,785.0,0.45,171.89,408.3,6,1042.7,21,0,575.53,2934.35,Freelance,1288.24,Healthcare,Positive,17.4,Medium,1728.09,0,2020-09-01,0.6744293390204752,0.1607720005922135,0.8196989208864207,0.0769233667678998,0.29127406914930765,2
2020-10-22,1907,3318.71,2329.68,0.09,2790.08,recession,707.0,0.6,407.81,413.09,2,850.54,27,0,565.29,1521.31,Salary,759.78,Groceries,Negative,72.6,High,989.03,0,2020-10-01,0.701983602062247,0.2426470588235294,0.6530124308917963,0.12447306332882355,0.36508876755605923,3
2020-11-21,1504,3884.53,1533.49,0.36,2926.77,recession,617.0,0.3,441.12,307.95,5,1867.36,62,0,411.34,2152.77,Freelance,1789.67,Dining Out,Positive,98.0,High,2351.04,0,2020-11-01,0.39476847906953993,0.2682378104845809,1.4038369992631188,0.0792759999279192,1.2177190591396096,3
2020-12-21,1545,5962.96,2471.79,0.26,2885.02,inflation,734.0,0.24,774.16,0.0,5,630.68,83,0,846.79,1731.64,Salary,894.15,Education,Positive,71.8,High,3491.17,1,2020-12-01,0.41452399479453156,0.3425816918103884,0.7005611318113595,0.0,0.25515112529786105,3
2021-01-20,1953,4042.72,3485.08,0.32,2916.12,recession,708.0,0.15,579.36,440.4,4,710.16,84,0,511.6,2203.96,Salary,1315.0,Insurance,Neutral,74.6,Medium,557.64,0,2021-01-01,0.8620631653935964,0.14679720408139843,0.6323986823831877,0.10893655756520362,0.20377150596256038,2
2021-02-19,1707,4475.73,3712.6,0.25,3709.59,normal,712.0,0.33,754.26,477.1,1,1177.57,99,0,677.15,2384.39,Salary,1489.97,Dining Out,Negative,16.9,High,763.13,0,2021-02-01,0.8294959704897302,0.18239239347088293,0.6422426331950655,0.10659713610964024,0.3171820287669019,3
2021-03-21,1023,3412.32,3744.9,0.27,3278.37,recession,656.0,0.57,393.9,468.22,7,220.79,55,0,327.87,2762.58,Mixed,1020.83,Dining Out,Positive,73.0,High,0.0,0,2021-03-01,1.0974644816429877,0.08755106945445806,0.7376912601137546,0.13721456369859802,0.05895751555448743,3
2021-04-20,1904,3303.22,1881.78,0.1,2168.76,normal,663.0,0.13,363.79,20.9,1,152.38,58,0,504.4,3227.41,Salary,2052.41,Healthcare,Negative,37.7,Low,1421.44,0,2021-04-01,0.5696804935789926,0.2680440859186515,1.7150835910680313,0.006327159559460163,0.08097652222895343,1
2021-05-20,1222,2599.55,3789.75,0.33,3159.22,normal,661.0,0.54,711.83,613.68,6,1012.33,43,0,566.23,2455.42,Salary,863.18,Utilities,Positive,17.4,Low,0.0,0,2021-05-01,1.457848473774307,0.1494109110099611,0.6479108120588429,0.2360716277817314,0.26712316115838775,1
2021-06-19,1220,4128.81,1695.2,0.25,3204.47,inflation,620.0,0.34,511.82,311.14,5,1266.15,48,0,881.72,1851.74,Salary,1728.87,Investments,Positive,90.3,Medium,2433.61,0,2021-06-01,0.41057835066278175,0.5201274185936763,1.0923430863614914,0.07535827514465426,0.7469030202925909,2
2021-07-19,1521,3737.23,2423.81,0.11,2830.88,normal,671.0,0.11,327.37,545.56,3,488.43,42,0,671.32,2644.04,Salary,1420.81,Healthcare,Positive,12.1,Medium,1313.42,0,2021-07-01,0.6485578891317901,0.27696890432830956,1.0908610823455633,0.145979776465457,0.20151331993844404,2
2021-08-18,1821,2284.2,2988.99,0.14,3183.29,normal,668.0,0.53,637.64,556.43,2,973.15,97,0,700.0,1727.01,Salary,1288.5,Rent,Neutral,26.4,High,0.0,0,2021-08-01,1.3085500394011031,0.23419282098635327,0.5777904911023456,0.24359950967515978,0.3255782053469567,3
2021-09-17,1427,3755.48,2775.44,0.26,1836.01,recession,702.0,0.36,577.77,374.88,8,1457.83,51,0,544.51,2032.99,Salary,1312.42,Dining Out,Positive,57.1,Medium,980.04,0,2021-09-01,0.7390373534142107,0.19618871242037297,0.7324928659960223,0.09982212659899667,0.5252608595393883,2
2021-10-17,1322,4568.97,2828.91,0.37,2403.58,normal,731.0,0.41,524.67,269.48,1,893.3,77,0,509.65,2451.62,Salary,1302.44,Insurance,Neutral,51.1,Medium,1740.06,0,2021-10-01,0.6191570529025141,0.18015772859511262,0.8666306103764347,0.05898047043425542,0.315775333962551,2
2021-11-16,1946,1763.54,1386.95,0.34,2305.12,normal,695.0,0.53,544.13,867.44,7,311.57,52,0,757.33,1572.16,Salary,1359.72,Entertainment,Positive,79.5,High,376.59,0,2021-11-01,0.7864579198657247,0.5460398716608386,1.1335376185154475,0.4918742982864013,0.2246440030282274,3
2021-12-16,1929,3531.89,3582.43,0.27,1940.86,normal,651.0,0.15,375.92,102.71,8,0.0,90,1,577.1,2660.43,Salary,964.84,Groceries,Neutral,71.3,Low,0.0,0,2021-12-01,1.0143096189292418,0.16109177290275037,0.7426327939415425,0.029080747135386435,0.0,1
2022-01-15,1819,3445.74,1742.69,0.23,3460.53,inflation,720.0,0.35,245.83,609.07,9,1116.5,86,0,480.47,2715.79,Salary,1805.71,Insurance,Positive,85.6,Medium,1703.05,0,2022-01-01,0.5057520300428936,0.2757059488491929,1.5583896160533428,0.17676028951691075,0.6406761959958455,2
2022-02-14,1883,2620.15,4298.9,0.05,2433.38,normal,659.0,0.43,374.14,76.29,3,796.27,30,0,389.36,2926.15,Salary,1403.57,Healthcare,Negative,15.0,High,0.0,0,2022-02-01,1.640707593076732,0.09057200679243528,0.6806741259391939,0.029116653626700763,0.18522645327874573,3
2022-03-16,1390,3931.59,2936.45,0.28,2502.89,normal,737.0,0.15,589.31,0.0,9,1311.01,36,0,197.44,3500.06,Salary,1483.48,Insurance,Neutral,69.4,High,995.14,0,2022-03-01,0.746886119864991,0.06723765090500435,1.1919358408963205,0.0,0.4464608626062082,3
2022-04-15,1145,5372.78,1974.89,0.39,3299.63,recession,669.0,0.58,483.65,217.59,9,900.37,67,0,717.24,2496.33,Salary,1012.47,Insurance,Positive,46.5,High,3397.89,1,2022-04-01,0.3675732116334561,0.36317972140220467,1.2640349589091038,0.0404985873235085,0.4559089367002719,3
2022-05-15,1280,3234.55,2722.99,0.13,2028.71,recession,731.0,0.17,100.99,0.0,5,519.68,80,0,371.76,2873.39,Salary,1375.56,Education,Positive,42.8,Low,511.56,0,2022-05-01,0.8418450789136046,0.13652639194414964,1.0552334015181841,0.0,0.1908490299266615,1
2022-06-14,1545,5440.42,3301.02,0.38,2916.43,normal,746.0,0.34,466.68,292.61,5,795.3,71,0,417.48,3003.69,Mixed,616.1,Investments,Positive,1.5,High,2139.4,0,2022-06-01,0.606758301748762,0.126470000181762,0.9099278404856681,0.053784450465221435,0.24092553210825743,3
2022-07-14,1809,4484.71,3651.18,0.1,2963.63,recession,713.0,0.15,229.95,152.82,3,1571.91,61,0,752.06,2318.77,Mixed,945.4,Dining Out,Positive,94.3,Low,833.53,0,2022-07-01,0.814139598770043,0.20597724571234505,0.6350741404148796,0.03407578193461784,0.43052109181141446,1
2022-08-13,1312,3362.56,3815.77,0.24,1918.74,normal,738.0,0.34,138.93,81.05,8,621.04,64,0,487.1,2588.28,Mixed,1126.21,Utilities,Negative,21.1,Medium,0.0,0,2022-08-01,1.1347812381043014,0.1276544445813034,0.6783113237957215,0.02410365911686334,0.16275614096237456,2
2022-09-12,1377,3773.76,2722.33,0.16,2631.65,inflation,727.0,0.12,418.51,363.66,1,1044.75,77,0,473.65,1270.88,Salary,918.15,Utilities,Positive,28.1,Low,1051.43,0,2022-09-01,0.7213839777834308,0.17398698908655452,0.4668353946802923,0.09636542864411092,0.38377052010593865,1
2022-10-12,1290,3574.91,3462.02,0.39,3199.02,normal,641.0,0.34,428.94,527.66,6,0.0,69,0,479.37,2878.42,Freelance,1054.46,Rent,Positive,47.9,Low,112.89,0,2022-10-01,0.9684215826412413,0.13846540459038365,0.8314278946973155,0.14760091862452482,0.0,1
2022-11-11,1841,4866.85,2570.82,0.17,2763.03,normal,825.0,0.15,505.62,45.06,3,240.49,97,0,655.74,1988.59,Salary,1064.44,Investments,Negative,85.4,High,2296.03,0,2022-11-01,0.5282307858265614,0.2550703666534413,0.7735236228129545,0.009258555328395163,0.0935460281155429,3
2022-12-11,1454,5597.8,3625.7,0.15,2834.22,normal,725.0,0.41,400.79,282.1,5,915.93,72,0,636.49,2955.68,Salary,1378.87,Insurance,Neutral,84.2,Low,1972.1,0,2022-12-01,0.6477008824895494,0.17554954905259676,0.8152025815704553,0.05039479795633999,0.2526215627327137,1
2023-01-10,1521,4284.37,1642.13,0.37,3856.76,normal,657.0,0.58,396.85,601.29,1,262.08,76,0,565.6,2690.95,Salary,1123.6,Education,Neutral,79.0,High,2642.24,0,2023-01-01,0.3832838900468447,0.3444307088963724,1.638694865814521,0.14034502155509446,0.15959759580544777,3
2023-02-09,1551,3877.85,3525.77,0.31,2382.55,inflation,738.0,0.58,575.95,0.0,9,1515.87,75,0,603.99,2056.89,Salary,1202.74,Healthcare,Neutral,75.3,Low,352.08,0,2023-02-01,0.909207421638279,0.17130726054166892,0.583387458626059,0.0,0.42994012655391584,1
2023-03-11,1540,1569.56,2793.71,0.21,3603.11,normal,642.0,0.13,718.77,595.35,2,773.68,31,0,372.71,2317.02,Salary,1540.51,Investments,Negative,45.4,Low,0.0,0,2023-03-01,1.7799319554524835,0.13341041124526168,0.8293702639142931,0.37931012513060985,0.2769364035637199,1
2023-04-10,1535,4920.86,2915.83,0.33,2621.29,recession,749.0,0.29,304.05,215.04,3,0.0,21,0,772.19,1090.99,Salary,1050.71,Insurance,Positive,74.7,High,2005.03,0,2023-04-01,0.5925447990798357,0.2648268246091165,0.37416104505406694,0.043699678511479705,0.0,3
2023-05-10,1160,5301.4,2448.57,0.18,3072.38,inflation,613.0,0.22,665.33,188.58,5,1091.07,41,0,752.16,2916.11,Freelance,1381.95,Rent,Positive,2.6,Low,2852.83,0,2023-05-01,0.4618723356094617,0.30718337641970617,1.1909441020677374,0.03557173576791037,0.4455947757262402,1
2023-06-09,1982,4127.0,2245.22,0.08,2412.52,recession,637.0,0.25,683.2,700.22,9,679.31,26,0,598.07,2167.09,Salary,348.28,Rent,Positive,40.8,Medium,1881.78,0,2023-06-01,0.5440319844923673,0.26637478732596365,0.9652016283482244,0.1696680397383087,0.3025583239058979,2
2023-07-09,1041,3716.17,3544.98,0.05,3161.94,normal,722.0,0.13,612.74,383.06,2,251.83,85,0,628.02,2551.47,Salary,1084.37,Groceries,Positive,95.6,Low,171.19,0,2023-07-01,0.9539337543761454,0.1771575580116108,0.7197417192762723,0.10307924556734488,0.07103848258664365,1
2023-08-08,1596,4472.59,3789.99,0.24,2348.01,normal,757.0,0.33,543.4,720.54,3,1153.85,88,0,119.54,1201.72,Freelance,814.9,Education,Positive,4.1,Low,682.6,0,2023-08-01,0.8473814948385611,0.03154098031920929,0.31707735376610496,0.16110128583214647,0.3044467135797192,1
2023-09-07,1142,3099.39,1935.96,0.37,2527.74,recession,621.0,0.32,526.39,948.05,3,1131.99,24,0,433.98,1620.02,Salary,1179.57,Groceries,Negative,57.5,Low,1163.43,0,2023-09-01,0.6246261361106541,0.2241678547077419,0.8368044794313931,0.30588277048064294,0.5847176594557739,1
2023-10-07,1359,4057.35,2628.82,0.24,1907.53,recession,637.0,0.36,827.69,333.87,6,1131.59,74,0,539.71,1918.68,Salary,883.56,Utilities,Positive,93.1,Medium,1428.53,0,2023-10-01,0.6479155113559344,0.20530504180582923,0.7298635889866937,0.08228770009981885,0.43045548953522866,2
2023-11-06,1897,5045.76,2943.55,0.32,3155.78,recession,650.0,0.53,144.9,252.05,7,916.85,74,0,236.15,2533.14,Freelance,1414.57,Utilities,Positive,16.8,Low,2102.21,0,2023-11-01,0.5833709887113141,0.08022625741026991,0.8605731174941821,0.04995283168442415,0.3114776375465,1
2019-01-01,1350,4321.35,2625.65,0.31,2295.58,normal,730.0,0.36,17.83,390.25,3,1227.29,35,0,815.99,2339.96,Salary,2038.91,Groceries,Positive,25.3,Medium,1695.7,0,2019-01-01,0.6075994770152845,0.3107763791822977,0.891192657056348,0.09030742707718652,0.4674233047055015,2
2019-01-31,1468,3564.99,3331.22,0.39,2794.13,inflation,716.0,0.38,632.31,93.92,6,386.61,60,0,452.95,1503.92,Freelance,1488.96,Entertainment,Positive,88.5,Low,233.77,0,2019-01-01,0.9344261835236565,0.135971205744442,0.451462227051951,0.026345094937152702,0.11605657987163863,1
2019-03-02,1248,2892.45,2130.26,0.2,2538.22,normal,729.0,0.18,638.77,214.55,7,1180.42,92,0,658.61,1907.56,Salary,656.83,Transportation,Negative,61.8,Low,762.19,0,2019-03-01,0.7364898269633011,0.309168833851267,0.8954587702909503,0.07417587166588879,0.5541201543473566,1
2019-04-01,1591,5086.99,4411.41,0.27,3689.49,inflation,725.0,0.41,434.13,369.37,2,1400.26,65,0,526.69,2260.32,Salary,1261.53,Utilities,Positive,60.3,Low,675.58,0,2019-04-01,0.8671945492324538,0.11939266583699998,0.5123803953837889,0.07261071871578281,0.31741778705674606,1
2019-05-01,1867,3828.6,3528.71,0.31,2538.04,normal,698.0,0.41,454.53,581.38,3,839.97,65,0,341.79,2145.27,Salary,300.0,Insurance,Negative,71.7,Medium,299.89,0,2019-05-01,0.9216711069320378,0.09685975894873765,0.6079473802040972,0.15185185185185185,0.23803883005404242,2
2019-05-31,1251,2439.82,2531.33,0.28,3031.39,normal,667.0,0.54,764.21,596.93,6,994.2,29,0,414.44,2902.04,Salary,1130.55,Healthcare,Negative,10.6,Low,0.0,0,2019-05-01,1.037506865260552,0.16372420822255496,1.1464487048310572,0.24466149142149826,0.3927579572793749,1
2019-06-30,1841,5502.74,4024.48,0.37,3064.05,normal,567.0,0.31,435.03,624.49,6,1343.09,62,0,778.98,1213.66,Mixed,971.14,Groceries,Neutral,86.8,Low,1478.26,0,2019-06-01,0.7313592864645613,0.19356041028903112,0.3015693953007594,0.11348709915423953,0.3337300719596072,1
2019-07-30,1260,3800.93,4495.05,0.4,2830.46,recession,655.0,0.57,481.3,303.55,7,1656.36,97,0,589.95,2420.79,Freelance,1787.11,Dining Out,Positive,10.5,Low,0.0,0,2019-07-01,1.1826184644284425,0.13124436880568627,0.5385457336403376,0.07986203376542057,0.36848533386725396,1
2019-08-29,1669,4345.13,2819.94,0.38,2765.32,normal,556.0,0.2,501.96,838.36,5,1018.21,38,0,445.35,2234.88,Mixed,1464.63,Dining Out,Neutral,47.2,Low,1525.19,0,2019-08-01,0.6489886378543335,0.15792889210408734,0.7925275005851189,0.19294244360928212,0.3610750583345745,1
2019-09-28,1974,4319.02,2586.75,0.31,4263.15,inflation,750.0,0.58,775.89,67.54,6,1108.64,45,0,363.63,1766.05,Freelance,1461.33,Entertainment,Negative,54.8,High,1732.27,0,2019-09-01,0.598920588466828,0.1405740794433169,0.6827292935150285,0.01563780672467365,0.4285841306658935,3
2019-10-28,1207,5299.3,3674.03,0.34,2011.2,normal,757.0,0.24,65.96,89.8,5,1123.02,49,0,411.15,2304.77,Freelance,1022.64,Groceries,Positive,58.8,Low,1625.27,0,2019-10-01,0.6933047761025041,0.11190708840156448,0.6273138760434727,0.016945634329062327,0.30566435222358007,1
2019-11-27,1577,6206.68,3557.51,0.29,2942.37,recession,686.0,0.12,0.0,357.43,1,1548.86,48,0,578.17,1968.0,Salary,1749.92,Insurance,Neutral,35.3,Low,2649.17,0,2019-11-01,0.5731743863063667,0.16252097675059238,0.5531959151204072,0.05758795362415978,0.4353775534011148,1
2019-12-27,1894,5774.37,3152.04,0.28,2539.08,normal,720.0,0.57,336.22,30.64,8,1733.47,59,0,804.41,2943.47,Salary,1035.16,Transportation,Positive,33.8,High,2622.33,1,2019-12-01,0.5458673413723055,0.25520297965761857,0.9338301544396644,0.0053062065645256545,0.5499517772617099,3
2020-01-26,1077,4808.33,3498.61,0.21,2693.97,normal,684.0,0.38,556.76,309.92,2,1964.99,61,0,135.1,2591.46,Salary,1277.19,Dining Out,Neutral,55.1,Medium,1309.72,0,2020-01-01,0.7276143692300654,0.03861533580479104,0.7407113110635366,0.06445481071390691,0.5616487690825785,2
2020-02-25,1471,2459.45,2956.95,0.18,2297.71,recession,583.0,0.19,520.45,500.02,1,1336.18,41,0,360.11,2893.8,Freelance,1228.09,Groceries,Positive,35.2,Low,0.0,0,2020-02-01,1.2022809977840574,0.12178427095486904,0.9786435347232791,0.20330561710951636,0.4518777794687094,1
2020-03-26,1543,5932.37,4386.94,0.31,2431.95,inflation,742.0,0.59,318.04,203.91,8,719.68,22,0,622.29,1326.26,Freelance,437.88,Investments,Positive,87.0,Medium,1545.43,0,2020-03-01,0.7394919736968529,0.14185058377821444,0.3023200682024373,0.0343724346256218,0.1640505682776605,2
2020-04-25,1347,3989.47,1511.71,0.08,3296.36,recession,730.0,0.17,503.55,151.56,3,740.54,21,0,858.32,1474.71,Freelance,1445.16,Utilities,Positive,45.4,Medium,2477.76,0,2020-04-01,0.378925020115454,0.5677808574395883,0.9755244061360975,0.03799000869789722,0.4898690886479549,2
2020-05-25,1588,5608.86,2150.71,0.16,3184.14,normal,653.0,0.23,223.14,535.09,6,600.66,69,0,398.53,2137.22,Salary,678.82,Groceries,Negative,73.1,Low,3458.15,1,2020-05-01,0.38344868654236336,0.18530159807691413,0.9937276527286337,0.09540084794414552,0.279284515346095,1
2020-06-24,1442,2903.88,3335.29,0.3,3000.81,recession,674.0,0.57,323.6,634.25,1,1500.45,64,0,275.59,2740.17,Freelance,1165.54,Healthcare,Positive,84.6,Medium,0.0,0,2020-06-01,1.1485633015138366,0.0826284970722186,0.821568739150119,0.21841467278262186,0.44987092576657506,2
2020-07-24,1150,4465.17,601.26,0.25,2550.48,normal,724.0,0.13,509.12,432.76,2,1381.88,58,0,447.67,2185.76,Salary,1637.94,Healthcare,Positive,51.1,Low,3863.91,1,2020-07-01,0.1346555674252044,0.7445531051458604,3.635299205002828,0.09691904227610594,2.2983068888667133,1
2020-08-23,1389,4090.73,3021.5,0.37,3065.44,normal,721.0,0.2,483.43,319.32,2,812.75,20,0,217.34,1579.18,Salary,1275.52,Dining Out,Neutral,28.4,Medium,1069.23,0,2020-08-01,0.7386212240846988,0.07193116001985769,0.5226476915439352,0.07805941726782262,0.26898891279165976,2
2020-09-22,1157,4009.2,2438.27,0.1,2879.08,normal,728.0,0.49,281.58,307.6,1,1713.7,43,0,297.52,2644.73,Mixed,1016.34,Groceries,Positive,76.7,Low,1570.93,0,2020-09-01,0.6081687119624863,0.12202094107707513,1.08467478991252,0.07672353586750474,0.7028343866757989,1
2020-10-22,1649,1967.67,2324.86,0.23,2986.8,normal,802.0,0.11,204.03,600.39,6,805.97,87,0,816.44,2086.0,Salary,1943.28,Groceries,Neutral,20.6,Medium,0.0,0,2020-10-01,1.1815294231248126,0.35117813545761895,0.8972583295338213,0.30512738416502766,0.3466746384728543,2
2020-11-21,1353,4915.31,3145.92,0.35,2964.17,normal,693.0,0.34,527.76,352.61,2,1212.05,41,0,489.32,2699.6,Salary,1930.17,Rent,Positive,3.5,Medium,1769.39,0,2020-11-01,0.6400247390296848,0.15554114535652527,0.8581273522530769,0.07173708270688929,0.3852768029701963,2
2020-12-21,1171,4392.22,3310.38,0.08,3118.05,inflation,688.0,0.32,317.04,694.36,9,951.68,40,0,509.32,1472.63,Salary,480.72,Rent,Positive,72.1,Low,1081.84,0,2020-12-01,0.7536917549667366,0.15385544861919176,0.4448522526114827,0.15808862033322557,0.2874836121532875,1
2021-01-20,1607,4312.67,2589.56,0.05,2770.19,normal,640.0,0.19,435.89,438.83,6,1130.21,61,0,637.71,3187.98,Salary,1072.84,Entertainment,Positive,21.5,Low,1723.11,0,2021-01-01,0.6004540110882586,0.24626191322077884,1.2310894514898285,0.10175367000025505,0.43644866309334407,1
2021-02-19,1957,5235.6,2171.01,0.37,2678.95,inflation,638.0,0.15,644.16,518.6,7,988.03,24,0,470.98,2977.5,Salary,672.5,Groceries,Positive,6.4,High,3064.59,1,2021-02-01,0.4146630758652304,0.21694050234683396,1.3714814763635357,0.09905263962105584,0.455101542599988,3
2021-03-21,1941,4150.8,2183.36,0.05,3407.11,normal,645.0,0.1,661.46,152.37,5,1216.71,49,0,635.91,2428.28,Freelance,804.73,Dining Out,Positive,31.1,Low,1967.44,0,2021-03-01,0.5260094439626096,0.2912529312619082,1.1121757291513996,0.03670858629661752,0.557264949435732,1
2021-04-20,1642,3883.98,4760.54,0.33,1777.72,normal,578.0,0.45,448.72,315.16,8,814.04,93,0,585.99,2390.49,Salary,1385.15,Education,Positive,48.7,Low,0.0,0,2021-04-01,1.225686023100016,0.12309317850495953,0.5021468152772585,0.08114356922538221,0.17099740785709183,1
2021-05-20,1540,4289.35,1883.55,0.36,2570.89,recession,725.0,0.49,596.78,617.49,5,1321.22,87,0,172.05,3274.46,Salary,991.98,Entertainment,Positive,41.9,Medium,2405.8,0,2021-05-01,0.43912247776469626,0.09134347375965597,1.7384513286082133,0.1439588748878035,0.7014520453399167,2
2021-06-19,1866,2587.89,1265.01,0.14,3189.09,normal,533.0,0.46,355.5,380.76,1,321.91,98,0,443.39,2414.48,Salary,1245.87,Insurance,Positive,69.8,High,1322.88,0,2021-06-01,0.4888190765449845,0.35050315807780175,1.9086647536383112,0.14713144685438717,0.25447229666168647,3
2021-07-19,1465,4842.11,4915.78,0.13,4056.42,recession,725.0,0.16,326.09,251.54,9,599.78,33,1,488.9,2870.97,Mixed,949.0,Groceries,Positive,44.6,Low,0.0,0,2021-07-01,1.0152144416380462,0.09945522378951052,0.5840314253282287,0.05194842744175576,0.12201115591015058,1
2021-08-18,1331,3714.16,3752.83,0.18,2903.44,normal,634.0,0.54,28.62,192.2,9,1023.73,44,0,739.31,2041.09,Salary,1669.49,Entertainment,Positive,75.5,Low,0.0,0,2021-08-01,1.0104115062355956,0.1970006634992792,0.5438802183951844,0.05174790531371831,0.2727888020507191,1
2021-09-17,1313,3465.48,812.73,0.27,3439.43,inflation,723.0,0.17,366.48,438.91,1,472.66,71,0,704.15,3518.15,Freelance,753.28,Transportation,Positive,74.4,Medium,2652.75,0,2021-09-01,0.23452162470999688,0.8664008957464349,4.328805384321977,0.1266520078026709,0.5815707553554071,2
2021-10-17,1141,3298.01,3312.21,0.37,3043.58,normal,654.0,0.37,618.12,269.51,5,1287.75,30,0,666.64,2628.05,Salary,2006.26,Dining Out,Positive,78.2,Medium,0.0,0,2021-10-01,1.0043056267264199,0.20126743171477654,0.7934430485989717,0.08171897598855066,0.38878875433622867,2
2021-11-16,1763,2574.9,3300.72,0.25,3085.71,inflation,649.0,0.25,695.49,241.65,8,1481.63,83,0,405.45,2482.99,Salary,1682.25,Dining Out,Neutral,25.8,Low,0.0,0,2021-11-01,1.2818827915647208,0.12283683559950556,0.7522570833030369,0.09384830478853548,0.44888085023873586,1
2021-12-16,1132,3609.54,3008.81,0.07,2974.01,normal,642.0,0.3,392.84,659.34,2,449.12,65,0,65.08,1951.36,Salary,1208.15,Dining Out,Negative,73.6,Low,600.73,0,2021-12-01,0.83357159083983,0.021629813780198816,0.6485487618028389,0.18266593527153047,0.14926831538049928,1
2022-01-15,1897,4196.07,2947.04,0.36,2608.55,recession,677.0,0.53,0.0,429.86,9,1127.63,86,0,338.65,1772.4,Salary,1615.93,Education,Positive,7.6,Medium,1249.03,0,2022-01-01,0.7023333738474334,0.1149119116130083,0.6014170150388186,0.1024434768724068,0.3826313860687334,2
2022-02-14,1084,4176.41,3269.49,0.11,3026.66,normal,754.0,0.11,359.2,617.11,9,423.96,78,0,606.27,1049.19,Freelance,1616.71,Groceries,Neutral,25.1,High,906.92,0,2022-02-01,0.7828469905971875,0.18543259040400797,0.32090326014149,0.1477608759676373,0.12967160015782278,3
2022-03-16,1372,3984.54,2371.1,0.27,2890.87,normal,679.0,0.35,343.75,548.56,2,1801.51,58,0,145.23,1888.25,Salary,973.15,Entertainment,Positive,84.3,Low,1613.44,0,2022-03-01,0.5950749647387151,0.06125005271814769,0.796360339083126,0.137672102676846,0.7597781620344988,1
2022-04-15,1332,3077.62,2409.3,0.1,2064.75,normal,684.0,0.32,652.87,560.68,4,1376.33,85,0,705.04,2279.27,Freelance,1261.18,Groceries,Neutral,48.6,Low,668.32,0,2022-04-01,0.7828451855654696,0.29263271489644294,0.946029967210393,0.18217973628973036,0.5712572116382351,1
2022-05-15,1412,2683.58,3380.14,0.35,2636.51,inflation,622.0,0.15,548.04,597.98,4,676.94,65,0,256.54,3254.97,Salary,300.0,Groceries,Positive,89.7,Medium,0.0,0,2022-05-01,1.25956371712414,0.07589626465176,0.9629689894501411,0.22282920576245166,0.20026981130959076,2
2022-06-14,1625,3719.15,2676.47,0.34,2824.62,normal,670.0,0.36,671.42,592.67,5,1306.66,21,0,531.96,1079.72,Salary,1714.84,Transportation,Neutral,12.5,Low,1042.68,0,2022-06-01,0.719645617950338,0.19875432939655593,0.4034119567938367,0.1593563045319495,0.48820274465994395,1
2022-07-14,1035,3362.89,3047.81,0.35,2841.72,inflation,686.0,0.52,510.8,523.82,6,424.17,72,0,332.89,3136.8,Salary,1143.05,Transportation,Positive,16.2,Low,315.08,0,2022-07-01,0.9063067778012365,0.10922268776596966,1.029198014311916,0.15576483322380455,0.13917206125053727,1
2022-08-13,1653,3722.49,2286.35,0.28,2814.53,normal,662.0,0.27,452.87,110.15,7,1156.5,31,0,423.23,2648.21,Salary,750.69,Dining Out,Positive,34.6,Low,1436.14,0,2022-08-01,0.6141990979156425,0.1851116408248956,1.1582697312310015,0.029590408570607313,0.5058280665689855,1
2022-09-12,1478,3933.67,2765.44,0.35,2398.01,inflation,701.0,0.47,630.75,404.94,9,1190.81,83,0,203.72,2116.08,Salary,1644.56,Groceries,Positive,75.0,Low,1168.23,0,2022-09-01,0.7030177925448754,0.07366639666743809,0.7651874566072668,0.10294203631723048,0.43060417148808144,1
2022-10-12,1076,4370.73,3079.32,0.07,2727.35,inflation,666.0,0.41,514.49,384.74,1,578.11,56,0,461.07,1670.01,Mixed,1388.1,Groceries,Positive,96.1,Medium,1291.41,0,2022-10-01,0.7045321948507459,0.14973110946572618,0.5423307743267994,0.08802648527820296,0.18773950092877648,2
2022-11-11,1320,3540.69,3548.21,0.24,3392.41,normal,659.0,0.58,371.17,777.61,4,1229.07,47,0,658.15,2571.65,Salary,1147.27,Dining Out,Positive,52.2,Low,0.0,0,2022-11-01,1.0021238798087377,0.18548789389579534,0.7247739000791948,0.21962103431816962,0.3463915608151716,1
2022-12-11,1770,3817.0,2548.79,0.3,3031.17,normal,633.0,0.48,595.15,479.36,6,740.18,76,0,420.69,2180.73,Salary,1504.34,Investments,Positive,76.9,Low,1268.21,0,2022-12-01,0.6677469216662301,0.16505479070460885,0.8555942231411768,0.12558553838092743,0.29040446643309176,1
2023-01-10,1165,3229.95,2785.75,0.25,2757.98,inflation,628.0,0.56,259.25,449.76,4,934.02,26,0,647.72,1184.36,Salary,1162.68,Healthcare,Positive,88.8,Medium,444.2,0,2023-01-01,0.8624746513103918,0.23251189087319393,0.42514942116126714,0.139246737565597,0.3352849322444584,2
2023-02-09,1495,4443.44,2473.52,0.11,2736.95,normal,745.0,0.25,517.92,250.67,1,1105.12,46,0,467.96,3215.62,Freelance,1309.87,Education,Positive,51.0,Low,1969.92,0,2023-02-01,0.5566678069243649,0.18918787800381642,1.3000177884148905,0.0564134994508759,0.44678029690481574,1
2023-03-11,1631,3368.23,1973.33,0.37,3275.73,inflation,687.0,0.32,601.02,430.47,6,564.43,84,0,588.08,2288.13,Salary,727.86,Education,Positive,51.3,Low,1394.9,0,2023-03-01,0.5858655733129863,0.29801401691556917,1.1595272964988117,0.12780303007811225,0.28602919937364757,1
2023-04-10,1189,1520.17,3569.25,0.24,3486.67,normal,666.0,0.3,525.97,112.3,2,1098.02,32,0,304.33,2501.11,Salary,1384.12,Dining Out,Neutral,66.7,Low,0.0,0,2023-04-01,2.3479281922416573,0.08526441129088744,0.700738250332703,0.07387331680009472,0.30763325628633464,1
2023-05-10,1466,4167.25,3827.03,0.2,2226.77,normal,668.0,0.44,298.74,170.87,8,1136.96,97,0,337.55,2896.32,Mixed,1481.89,Insurance,Negative,81.9,Medium,340.22,0,2023-05-01,0.9183586297918291,0.08820155577562758,0.7568061917466025,0.04100305957165997,0.29708677486196866,2
2023-06-09,1205,6335.87,2852.62,0.09,2414.7,normal,620.0,0.12,401.83,289.67,5,0.0,28,0,738.65,1884.42,Freelance,1154.75,Investments,Positive,33.6,Low,3483.25,1,2023-06-01,0.45023335390404157,0.2589373979008771,0.6605927182730262,0.045719056735696914,0.0,1
2023-07-09,1465,3947.97,3503.65,0.16,3010.65,normal,664.0,0.3,242.14,147.58,5,198.02,59,0,711.65,1320.08,Salary,855.14,Healthcare,Positive,56.6,Low,444.32,0,2023-07-01,0.8874560850259754,0.20311674967533858,0.37677279408616726,0.03738123643290096,0.05651820244602058,1
2023-08-08,1171,3587.21,3986.1,0.34,2110.84,recession,664.0,0.31,368.31,318.1,2,1086.62,49,0,845.3,1944.1,Salary,1380.23,Utilities,Positive,46.9,Low,0.0,0,2023-08-01,1.111197838989075,0.21206191515516418,0.4877198263967286,0.08867615779394014,0.272602292968064,1
2023-09-07,1806,4731.32,3076.65,0.05,2563.7,normal,656.0,0.53,717.88,55.22,2,701.13,55,0,497.23,2412.47,Salary,1038.04,Healthcare,Positive,61.9,Medium,1654.67,0,2023-09-01,0.6502730738990388,0.161614093250776,0.784122340857751,0.011671161536315448,0.22788747501340742,2
2023-10-07,1927,4096.16,1338.47,0.25,2767.26,recession,654.0,0.47,550.47,405.9,8,602.69,99,0,432.5,2397.42,Salary,1323.8,Healthcare,Positive,80.8,Low,2757.69,0,2023-10-01,0.32676213819772665,0.3231301411312917,1.7911645386149857,0.09909280887465333,0.450282785568597,1
2023-11-06,1492,4878.89,3662.04,0.35,2757.33,normal,672.0,0.51,756.85,727.19,4,1055.98,95,0,757.55,1119.4,Salary,1139.55,Healthcare,Positive,18.0,Low,1216.85,0,2023-11-01,0.750588760968171,0.20686557219473298,0.3056766174045068,0.14904824662986868,0.28835840132822144,1
2019-01-01,1547,4486.64,3309.16,0.4,2662.39,inflation,625.0,0.59,894.23,349.4,3,1227.33,37,0,721.19,2475.47,Mixed,1374.43,Rent,Positive,95.4,Medium,1177.48,0,2019-01-01,0.737558618476187,0.2179374826239892,0.7480659744466873,0.07787564859226502,0.37088868474174713,2
2019-01-31,1676,4599.9,3836.31,0.07,2807.84,inflation,697.0,0.46,408.28,725.24,7,1307.79,60,0,660.72,1681.83,Salary,1987.73,Insurance,Negative,22.9,Medium,763.59,0,2019-01-01,0.8339985651861997,0.17222800034408065,0.43839783541997385,0.15766429704993587,0.340897894070083,2
2019-03-02,1239,3062.79,3741.42,0.26,3332.33,inflation,658.0,0.4,433.57,317.36,6,620.82,84,0,396.67,2563.9,Salary,958.89,Education,Positive,45.4,High,0.0,0,2019-03-01,1.2215724878297238,0.10602124327127134,0.6852745748940242,0.1036179431172232,0.16593165161890405,3
2019-04-01,1565,5343.14,4027.64,0.23,2507.22,inflation,638.0,0.38,347.59,451.7,3,567.77,93,0,742.87,2179.51,Freelance,1144.61,Groceries,Positive,13.7,Medium,1315.5,0,2019-04-01,0.7537964567651231,0.18444299887775473,0.541138234797549,0.08453830519132943,0.14096840829865628,2
2019-05-01,1044,2521.68,2609.7,0.29,2671.84,recession,703.0,0.57,435.22,57.4,5,1015.37,92,0,459.74,1822.51,Salary,1945.39,Dining Out,Positive,69.9,High,0.0,0,2019-05-01,1.034905301227753,0.17616584281718206,0.6983599647469059,0.02276260270930491,0.38907537264819714,3
2019-05-31,1663,3016.72,2316.85,0.13,2492.47,recession,686.0,0.15,714.47,598.04,3,781.78,36,0,707.18,3208.11,Salary,1825.61,Transportation,Positive,5.3,Low,699.87,0,2019-05-01,0.7680029966321038,0.30523339879577877,1.3846861039773832,0.19824179904001699,0.3374322895310443,1
2019-06-30,1406,2645.91,2565.6,0.38,3349.85,normal,633.0,0.47,783.79,0.0,5,1206.03,80,0,180.92,2004.75,Salary,1284.73,Utilities,Neutral,25.4,Low,80.31,0,2019-06-01,0.9696474936789233,0.07051761771125663,0.7813961646398504,0.0,0.47007717492984097,1
2019-07-30,1240,6113.33,3186.95,0.22,3167.62,normal,631.0,0.41,703.74,337.84,9,1077.63,82,0,403.34,1748.72,Salary,1432.72,Entertainment,Positive,91.8,Medium,2926.38,0,2019-07-01,0.521311625578858,0.12655987699838403,0.548712719057406,0.05526284365476753,0.33813834543999755,2
2019-08-29,1402,4043.37,2346.07,0.3,3538.39,recession,750.0,0.28,359.93,456.42,2,1183.11,72,0,959.91,3014.02,Freelance,960.56,Investments,Positive,47.1,Low,1697.3,0,2019-08-01,0.5802263953088637,0.4091565895305766,1.2847101748882173,0.11288108681619541,0.5042944157676454,1
2019-09-28,1418,3739.5,3502.33,0.07,3396.07,normal,686.0,0.56,531.18,284.02,8,1634.17,80,0,1132.61,1867.51,Salary,1128.93,Education,Positive,11.3,Low,237.17,0,2019-09-01,0.9365770824976601,0.323387573415412,0.5332193139995375,0.0759513303917636,0.4665950952651521,1
2019-10-28,1420,3563.44,2817.55,0.11,2081.65,normal,679.0,0.25,441.65,948.25,4,1283.94,51,0,644.79,2628.73,Salary,2358.42,Education,Positive,19.3,Medium,745.89,0,2019-10-01,0.7906825988370788,0.22884775780376565,0.932984330357935,0.2661052241654132,0.45569377650795906,2
2019-11-27,1784,5377.21,2401.51,0.37,2279.68,normal,728.0,0.15,383.67,549.86,6,720.75,72,0,654.34,2888.06,Salary,1485.74,Rent,Positive,98.4,High,2975.7,1,2019-11-01,0.4466089291658686,0.27247023747558824,1.202601696432661,0.10225749040859479,0.3001236721895807,3
2019-12-27,1005,4862.26,3358.43,0.12,2524.54,normal,655.0,0.48,329.87,7.55,4,597.37,21,0,833.07,2772.01,Salary,1769.22,Groceries,Neutral,31.9,Low,1503.83,0,2019-12-01,0.6907137833024148,0.2480534059069268,0.8253886488627128,0.0015527758696573198,0.17787180319375423,1
2020-01-26,1354,3915.46,989.71,0.28,2528.49,normal,652.0,0.17,497.58,507.24,4,703.28,48,0,587.58,3454.97,Salary,1319.73,Healthcare,Positive,24.3,Medium,2925.75,1,2020-01-01,0.2527697895011059,0.5936890604318437,3.4908912711804465,0.12954799691479418,0.7105919915934971,2
2020-02-25,1896,4503.57,3132.76,0.06,3073.21,normal,645.0,0.34,539.49,379.39,7,435.69,46,0,709.61,1000.0,Salary,1388.84,Groceries,Positive,76.5,Low,1370.81,0,2020-02-01,0.6956170327096061,0.2265127236047447,0.31920734432257813,0.08424205685711558,0.13907544784790407,1
2020-03-26,1227,4403.12,3012.03,0.13,2354.84,normal,709.0,0.42,288.83,771.88,8,725.96,90,0,477.07,1876.96,Salary,912.6,Healthcare,Positive,39.3,Low,1391.09,0,2020-03-01,0.6840672068896602,0.15838819666470785,0.6231544838530825,0.17530296698704556,0.2410201757618616,1
2020-04-25,1731,3227.23,2309.79,0.13,2406.41,normal,676.0,0.23,578.54,824.93,3,834.48,66,0,481.87,2016.05,Salary,1035.85,Insurance,Negative,15.7,Medium,917.44,0,2020-04-01,0.7157190531818308,0.2086206971196516,0.8728282657730789,0.2556154968812263,0.3612795968464666,2
2020-05-25,1528,7407.94,3827.42,0.33,2285.17,recession,665.0,0.17,639.83,322.43,2,1430.18,27,0,948.02,2056.56,Salary,1663.48,Rent,Positive,51.7,Low,3580.52,1,2020-05-01,0.5166645518187243,0.24769165652058042,0.5373227918545652,0.04352492055821187,0.37366685652476084,1
2020-06-24,1638,3997.97,3632.41,0.33,3299.65,normal,639.0,0.16,518.24,566.79,8,217.5,27,1,333.82,2421.35,Freelance,1128.94,Groceries,Positive,36.8,Low,365.56,0,2020-06-01,0.9085635960249827,0.09190041873026449,0.6665960065080759,0.14176944799485738,0.05987760192269045,1
2020-07-24,1585,4290.08,2377.93,0.26,2392.0,normal,629.0,0.49,544.02,384.6,7,1513.32,99,0,509.14,1336.85,Salary,335.26,Education,Positive,39.2,Low,1912.15,0,2020-07-01,0.5542857009659493,0.21411059198546636,0.5621906448045149,0.08964867788013278,0.6364022490148995,1
2020-08-23,1713,4390.52,2432.35,0.35,3043.7,recession,675.0,0.59,526.76,602.44,4,921.14,77,0,651.46,2447.35,Mixed,1921.79,Insurance,Positive,2.7,High,1958.17,0,2020-08-01,0.5540004373058316,0.2678315209570991,1.0061668756552304,0.13721381522006504,0.37870372273727054,3
2020-09-22,1435,4698.3,2311.56,0.3,3428.0,recession,702.0,0.37,321.82,15.84,7,992.37,38,1,608.14,2206.01,Salary,1094.37,Entertainment,Positive,15.8,Medium,2386.74,0,2020-09-01,0.4919992337654045,0.26308640052605164,0.9543381958504215,0.0033714322201647403,0.4293074806624098,2
2020-10-22,1151,5968.09,3212.68,0.36,1981.46,normal,628.0,0.4,445.71,75.14,1,440.03,45,0,705.98,1524.53,Salary,1430.64,Entertainment,Positive,64.8,Medium,2755.41,1,2020-10-01,0.5383095764306502,0.21974799855572297,0.4745352789571324,0.012590292706711862,0.13696664467049316,2
2020-11-21,1572,3055.95,2485.39,0.37,3263.54,normal,683.0,0.19,403.02,565.46,4,0.0,88,0,244.48,1173.67,Salary,1707.92,Utilities,Positive,27.8,Medium,570.56,0,2020-11-01,0.8132953745970974,0.09836685590591417,0.4722276986710336,0.18503574993046354,0.0,2
2020-12-21,1018,2813.99,4880.48,0.38,2674.59,inflation,719.0,0.56,708.79,0.0,4,1634.62,49,0,378.78,1724.99,Salary,927.52,Transportation,Positive,15.1,High,0.0,0,2020-12-01,1.734362950827828,0.07761121856866537,0.35344679211880803,0.0,0.33493017080287185,3
2021-01-20,1656,4241.75,2629.51,0.2,2342.29,normal,585.0,0.3,784.3,456.01,2,512.51,77,0,133.01,1629.29,Salary,612.74,Entertainment,Negative,42.7,Medium,1612.24,0,2021-01-01,0.6199115930924737,0.05058356880179196,0.6196173431551886,0.1075051570696057,0.19490703591163372,2
2021-02-19,1745,4120.29,3378.35,0.26,3322.68,normal,728.0,0.56,579.47,45.68,4,1864.7,22,0,294.74,1463.02,Salary,1284.47,Insurance,Positive,71.9,Low,741.94,0,2021-02-01,0.8199301505476556,0.08724377284769193,0.43305755768348453,0.011086598273422501,0.551955836429026,1
2021-03-21,1296,3650.96,4767.37,0.15,3405.03,recession,657.0,0.22,657.85,438.45,6,730.31,89,0,528.56,1347.37,Salary,1990.06,Entertainment,Positive,90.5,High,0.0,0,2021-03-01,1.3057853276946336,0.1108703540946056,0.28262333320048577,0.12009170190853911,0.153189284657998,3
2021-04-20,1989,3970.05,1029.22,0.19,3863.85,normal,706.0,0.27,387.07,750.56,8,657.88,62,0,561.13,1806.79,Salary,1107.69,Healthcare,Positive,70.3,Medium,2940.83,0,2021-04-01,0.2592461052127807,0.5451992771224811,1.7554944521093643,0.18905555345650557,0.6392025028662482,2
2021-05-20,1533,4845.09,3014.68,0.39,2727.51,normal,727.0,0.38,853.23,459.05,9,1105.21,79,0,803.94,1677.34,Mixed,1198.73,Healthcare,Negative,80.0,Low,1830.41,0,2021-05-01,0.6222134160562548,0.26667506999084484,0.55639072803747,0.09474540204619522,0.36660939137818943,1
2021-06-19,1357,4631.16,3209.93,0.26,3323.56,normal,660.0,0.36,252.19,623.3,6,1044.59,32,0,279.49,1364.2,Salary,1515.69,Insurance,Negative,53.4,Low,1421.23,0,2021-06-01,0.6931157636531668,0.08707043455776295,0.42499369145121546,0.13458831048808506,0.3254245419682049,1
2021-07-19,1721,4914.54,2719.67,0.28,3018.73,inflation,680.0,0.32,346.17,352.42,6,198.65,30,0,431.09,3028.09,Freelance,1216.87,Dining Out,Neutral,27.4,High,2194.87,0,2021-07-01,0.5533925860813016,0.1585082013626653,1.1134034643909003,0.07170966153495546,0.07304194994245626,3
2021-08-18,1408,3874.63,3996.49,0.27,3644.35,inflation,718.0,0.47,921.48,331.95,6,1723.08,59,0,296.01,2314.92,Salary,1702.48,Insurance,Neutral,76.1,Low,0.0,0,2021-08-01,1.0314507449743588,0.07406749422618347,0.5792382815920971,0.08567269648972933,0.4311483326619108,1
2021-09-17,1378,4823.2,1341.46,0.4,3027.9,normal,684.0,0.5,398.95,222.28,5,859.5,57,0,472.96,1275.9,Salary,1667.87,Insurance,Neutral,77.4,High,3481.74,1,2021-09-01,0.2781265549842428,0.3525710792718381,0.9511278755982289,0.046085586332725165,0.6407198127413415,3
2021-10-17,1449,2135.71,3858.22,0.34,2027.83,inflation,664.0,0.5,853.21,382.18,2,1095.72,67,0,0.0,3160.49,Salary,1005.66,Transportation,Positive,55.2,Low,0.0,0,2021-10-01,1.8065280398555983,0.0,0.8191575389687472,0.17894751628264138,0.2839962469739932,1
2021-11-16,1164,3935.93,3685.76,0.22,2010.51,inflation,666.0,0.41,534.66,230.57,9,951.64,76,0,707.43,2719.58,Mixed,1565.65,Groceries,Negative,79.7,Low,250.17,0,2021-11-01,0.9364394183839653,0.19193599149157836,0.7378613908664698,0.058580818256422244,0.258193696822365,1
2021-12-16,1246,2418.36,3419.83,0.06,2168.44,recession,732.0,0.39,567.08,247.48,3,691.26,61,0,430.75,2242.03,Salary,636.46,Investments,Positive,61.6,Medium,0.0,0,2021-12-01,1.414111215865297,0.12595655339592904,0.6555969156361574,0.10233381299723779,0.20213285455709787,2
2022-01-15,1609,3090.57,1936.15,0.38,2964.43,normal,701.0,0.55,295.6,269.48,3,890.65,44,0,561.77,2419.58,Freelance,1226.48,Entertainment,Neutral,70.9,Low,1154.42,0,2022-01-01,0.6264701980540807,0.2901479740722568,1.2496862329881464,0.0871942716068557,0.4600108462670764,1
2022-02-14,1858,3583.16,2122.85,0.12,2385.76,normal,689.0,0.11,226.63,614.93,5,431.69,48,0,7.49,2300.71,Salary,1241.98,Groceries,Positive,87.6,Medium,1460.31,0,2022-02-01,0.5924519139530471,0.0035282756671455827,1.0837835928115507,0.17161667355072058,0.20335398167557764,2
2022-03-16,1622,4393.93,2663.01,0.26,3347.42,normal,752.0,0.32,252.74,595.99,4,1687.05,63,0,419.17,2342.22,Freelance,1178.43,Utilities,Positive,85.1,Low,1730.92,0,2022-03-01,0.606065640554128,0.15740459104547108,0.8795385672603556,0.13563939343594458,0.6335124539524822,1
2022-04-15,1547,3915.09,4250.09,0.28,2646.59,normal,670.0,0.17,580.52,1263.27,4,204.75,52,1,622.53,3498.82,Freelance,1418.09,Insurance,Positive,37.2,Low,0.0,0,2022-04-01,1.0855663599048808,0.1464745452449242,0.823234331508274,0.3226669118717577,0.048175450402226774,1
2022-05-15,1239,3866.1,1741.07,0.24,2710.75,normal,747.0,0.31,959.41,257.17,8,1071.48,60,0,319.87,1967.62,Salary,1082.27,Entertainment,Positive,7.3,High,2125.03,0,2022-05-01,0.45034272264038694,0.18372035587311253,1.130121132407083,0.06651923126665116,0.6154146588017714,3
2022-06-14,1247,3898.21,2392.11,0.14,2767.35,normal,744.0,0.57,788.09,274.69,9,1988.35,39,0,423.46,2125.05,Freelance,1161.74,Dining Out,Positive,64.3,Low,1506.1,0,2022-06-01,0.6136431849489894,0.17702363185639455,0.8883579768488907,0.07046567527147075,0.8312117753782224,1
2022-07-14,1140,2307.32,3430.4,0.39,2694.47,normal,660.0,0.39,169.25,376.81,8,52.14,24,0,468.83,1967.33,Salary,1999.95,Dining Out,Positive,46.6,Low,0.0,0,2022-07-01,1.4867465284399215,0.13666919309701492,0.5734987173507462,0.16331068078983407,0.015199393656716418,1
2022-08-13,1976,3740.2,3819.23,0.19,2758.61,normal,708.0,0.55,236.61,193.93,4,99.32,99,0,540.78,2196.72,Salary,1521.5,Dining Out,Positive,96.8,Low,0.0,0,2022-08-01,1.0211298861023475,0.14159398622235372,0.5751735297429063,0.051850168440190365,0.026005241894308535,1
2022-09-12,1144,4462.25,2370.17,0.31,2807.24,inflation,719.0,0.55,588.98,418.5,7,1304.48,62,0,215.77,1000.0,Freelance,1241.8,Investments,Negative,60.2,Low,2092.08,0,2022-09-01,0.5311602890918259,0.09103566410848167,0.42191066463587,0.09378676676564514,0.5503740238041996,1
2022-10-12,1169,3837.53,3323.27,0.14,2631.73,recession,713.0,0.54,223.62,882.07,3,490.95,57,0,740.68,1901.04,Salary,822.84,Utilities,Positive,32.3,Medium,514.26,0,2022-10-01,0.8659919270989412,0.22287686525620848,0.5720389856978217,0.2298535776919008,0.14773099988866387,2
2022-11-11,1634,3618.52,2967.77,0.22,2755.62,normal,628.0,0.52,343.49,566.83,3,1138.39,97,0,107.12,2406.85,Salary,1811.99,Investments,Neutral,54.2,Low,650.75,0,2022-11-01,0.8201612814078684,0.03609444128082702,0.8109961351452437,0.15664691641886738,0.3835843074092669,1
2022-12-11,1955,3965.61,3553.64,0.24,1842.76,normal,712.0,0.48,776.36,348.41,1,1315.35,93,0,257.14,1768.1,Salary,801.22,Rent,Negative,99.7,Medium,411.97,0,2022-12-01,0.896114343064497,0.07235960873920824,0.49754617800339934,0.08785785793358399,0.37014160128769374,2
2023-01-10,1125,2571.2,1668.93,0.13,2859.96,normal,701.0,0.15,158.47,531.78,2,1756.77,92,0,729.18,1638.63,Freelance,1284.45,Transportation,Negative,19.9,High,902.27,0,2023-01-01,0.6490860298693217,0.43691466987830524,0.9818446549585663,0.20682171748599876,1.0526325250310078,3
2023-02-09,1267,5355.14,3941.51,0.19,2383.42,inflation,617.0,0.53,569.28,186.87,1,953.52,27,0,311.56,2267.19,Salary,1172.09,Transportation,Neutral,17.4,Low,1413.63,0,2023-02-01,0.7360237080636547,0.07904584791107976,0.5752084860878192,0.034895446244169154,0.2419174377332545,1
2023-03-11,1355,3672.37,2695.32,0.32,2128.41,normal,676.0,0.49,602.53,765.09,4,720.51,61,0,550.74,1000.0,Salary,1653.78,Utilities,Positive,5.8,Medium,977.05,0,2023-03-01,0.7339456536242264,0.20433195316326075,0.37101346036834215,0.20833685058967372,0.26731890832999416,2
2023-04-10,1993,4202.08,2339.61,0.14,2285.78,normal,663.0,0.56,173.6,284.31,7,1681.7,66,0,602.42,2044.31,Mixed,1242.09,Insurance,Positive,14.9,Medium,1862.47,0,2023-04-01,0.5567742641739329,0.25748735900427844,0.873782382533841,0.06765934965540875,0.718795012844021,2
2023-05-10,1789,2656.36,3548.7,0.15,3014.84,normal,693.0,0.56,608.0,877.3,2,925.43,44,0,526.27,1709.68,Salary,1667.17,Insurance,Positive,37.5,Low,0.0,0,2023-05-01,1.3359258534234817,0.1482993772367346,0.48177642516978053,0.3302639702449969,0.26078000394510664,1
2023-06-09,1415,3142.27,3718.34,0.05,2967.22,recession,691.0,0.52,840.2,270.62,6,1129.55,53,0,292.66,1947.45,Salary,356.25,Education,Positive,2.5,Low,0.0,0,2023-06-01,1.1833292492370167,0.07870716502525321,0.5237417772446844,0.08612245287642373,0.3037780299811206,1
2023-07-09,1584,3614.02,4034.21,0.21,2963.34,inflation,766.0,0.13,181.87,687.02,3,1434.48,62,0,637.82,4245.9,Salary,1470.3,Groceries,Positive,4.9,Medium,0.0,0,2023-07-01,1.1162666504335892,0.15810282558419123,1.0524737185223376,0.19009856060564137,0.35557891136058856,2
2023-08-08,1791,2779.88,2458.82,0.26,2574.65,normal,703.0,0.32,632.17,421.24,6,909.8,96,0,177.98,2107.03,Salary,300.0,Dining Out,Positive,76.6,High,321.06,0,2023-08-01,0.8845058060060147,0.07238431442724558,0.85692730659422,0.15153172079370333,0.37001488518883036,3
2023-09-07,1808,4901.9,2474.57,0.33,3290.84,normal,702.0,0.14,624.75,139.26,9,1022.56,60,0,397.56,2317.35,Salary,1336.84,Transportation,Positive,38.4,High,2427.33,0,2023-09-01,0.504818539749893,0.16065821536671016,0.9364657293994512,0.02840939227646423,0.413227348589856,3
2023-10-07,1743,5524.03,3049.45,0.19,2638.43,normal,694.0,0.16,347.43,336.43,6,1386.71,59,0,606.53,2229.71,Salary,2146.0,Utilities,Positive,88.1,Medium,2474.58,0,2023-10-01,0.5520335696945889,0.1988981619636328,0.7311843119251012,0.06090300016473481,0.4547410188722557,2
2023-11-06,1013,3254.2,2740.0,0.16,2253.54,recession,602.0,0.21,681.61,537.53,8,886.88,97,0,477.01,1921.14,Mixed,1299.95,Utilities,Neutral,9.1,Low,514.2,0,2023-11-01,0.8419888144551657,0.1740912408759124,0.7011459854014599,0.16518038227521356,0.32367883211678833,1
2019-01-01,1217,3649.63,1594.93,0.16,3263.3,normal,595.0,0.11,336.61,669.47,7,1181.88,23,0,439.21,1000.0,Salary,1172.35,Groceries,Positive,46.2,High,2054.7,0,2019-01-01,0.43701142307576385,0.2753788567523339,0.6269867643094054,0.18343503314034573,0.7410231170020001,3
2019-01-31,1595,2884.93,2684.8,0.36,2735.89,inflation,719.0,0.5,651.87,227.65,4,1642.47,48,0,840.95,2479.87,Freelance,1753.49,Insurance,Positive,83.3,Low,200.13,0,2019-01-01,0.9306291660456234,0.31322631108462456,0.9236702920143026,0.07891006020943317,0.6117662395709177,1
2019-03-02,1606,4103.22,3408.33,0.28,2797.94,normal,649.0,0.44,571.92,543.43,3,1782.3,36,0,351.47,1366.01,Salary,1442.99,Groceries,Positive,9.9,Low,694.89,0,2019-03-01,0.8306476377089212,0.10312088324780759,0.400785722039826,0.1324398886727984,0.5229247167967891,1
2019-04-01,1634,4768.91,1688.52,0.25,2566.43,normal,741.0,0.34,325.55,431.18,8,803.24,95,0,710.79,1137.22,Salary,1376.58,Transportation,Neutral,53.2,Low,3080.39,1,2019-04-01,0.35406833007961985,0.4209544453130552,0.6735010541776231,0.09041479080125228,0.47570653590126266,1
2019-05-01,1744,3181.97,2445.07,0.19,2846.89,normal,807.0,0.17,528.21,468.68,9,360.85,50,0,663.21,1000.0,Salary,1290.06,Utilities,Neutral,96.5,Low,736.9,0,2019-05-01,0.768413907107861,0.2712437680720797,0.408986245792554,0.14729240061974186,0.1475826867942431,1
2019-05-31,1289,4551.4,3540.8,0.09,3929.6,normal,639.0,0.29,789.04,523.47,6,1074.86,85,0,488.86,1996.04,Freelance,1359.26,Rent,Positive,99.0,Low,1010.6,0,2019-05-01,0.7779584303730721,0.13806484410302755,0.5637257117035698,0.11501296304433802,0.3035641662901039,1
2019-06-30,1404,3435.79,1787.69,0.24,3565.88,inflation,752.0,0.19,516.25,408.05,2,1792.07,56,0,154.07,1991.48,Mixed,1129.81,Utilities,Negative,27.4,Low,1648.1,0,2019-06-01,0.5203141053440402,0.08618384619257254,1.113996274521869,0.11876453450298186,1.0024500892212855,1
2019-07-30,1790,4064.85,3149.12,0.29,3156.36,normal,622.0,0.53,453.53,109.62,2,717.83,90,0,670.31,1825.0,Salary,959.12,Insurance,Neutral,46.8,High,915.73,0,2019-07-01,0.7747198543611695,0.21285629001117773,0.5795269789655523,0.02696778478910661,0.22794621989635203,3
2019-08-29,1330,3337.68,3131.63,0.32,2633.47,recession,708.0,0.22,565.56,347.21,9,1009.97,79,0,439.11,2319.7,Salary,1200.3,Transportation,Positive,9.4,Medium,206.05,0,2019-08-01,0.9382655017856716,0.14021771409777017,0.7407324620086024,0.10402734833776756,0.322506170907802,2
2019-09-28,1000,3374.92,4718.17,0.38,3863.29,inflation,677.0,0.36,527.88,402.65,8,1110.1,61,0,456.4,2245.69,Freelance,1521.3,Dining Out,Negative,31.7,Low,0.0,0,2019-09-01,1.3980094342977019,0.09673241956097385,0.4759663174493501,0.11930653171038128,0.2352818995500374,1
2019-10-28,1442,5648.53,4100.86,0.24,2741.21,inflation,721.0,0.27,362.03,325.6,3,1037.32,49,0,551.62,2644.91,Freelance,1671.27,Healthcare,Neutral,69.9,Low,1547.67,0,2019-10-01,0.7260048189528957,0.13451324844057103,0.6449647147183761,0.05764331604860026,0.25295181986217524,1
2019-11-27,1556,5018.91,3206.89,0.05,3687.43,normal,629.0,0.53,499.13,298.47,3,1105.21,61,0,562.41,3039.23,Salary,1529.72,Insurance,Positive,57.6,High,1812.02,0,2019-11-01,0.6389614478044038,0.17537551958439485,0.9477188179201657,0.05946908790952618,0.34463608043930416,3
2019-12-27,1190,3459.71,3007.72,0.27,2128.75,normal,674.0,0.5,311.31,0.0,7,1775.81,80,0,439.2,2412.54,Salary,850.78,Transportation,Positive,57.4,Low,451.99,0,2019-12-01,0.8693561021010431,0.1460242309789475,0.8021158884470629,0.0,0.5904173260808853,1
2020-01-26,1042,6256.88,4736.42,0.38,2677.07,normal,634.0,0.49,972.68,177.41,7,424.52,34,0,710.08,1759.63,Salary,982.62,Groceries,Positive,46.1,Low,1520.46,0,2020-01-01,0.756993901113654,0.14991913723867395,0.37151055016235895,0.02835438749025073,0.08962887581760064,1
2020-02-25,1980,5411.25,2735.63,0.22,2999.41,recession,728.0,0.3,422.93,224.21,7,798.53,32,0,444.74,2285.16,Salary,2025.0,Utilities,Positive,83.2,Low,2675.62,0,2020-02-01,0.5055449295449296,0.16257315499537583,0.8353322635005465,0.041434049434049436,0.2918998548780354,1
2020-03-26,1798,1818.94,2323.98,0.18,3037.3,normal,686.0,0.5,335.67,674.57,7,1161.2,45,0,295.75,2342.52,Freelance,1432.9,Dining Out,Positive,91.1,Low,0.0,0,2020-03-01,1.277656217357362,0.12726013132643138,1.0079776934397027,0.37085885185877493,0.4996600659213935,1
2020-04-25,1647,5174.97,3141.27,0.27,2379.14,recession,686.0,0.25,262.04,301.27,1,437.83,82,0,460.93,3113.47,Salary,1461.15,Healthcare,Positive,50.5,High,2033.7,0,2020-04-01,0.6070122145635627,0.14673364594574806,0.9911500762430482,0.058216762609251835,0.13937993232036724,3
2020-05-25,1811,2473.08,2430.52,0.38,3160.06,normal,615.0,0.56,381.69,559.53,8,227.19,95,0,619.72,1550.85,Salary,1091.69,Utilities,Positive,29.5,Medium,42.56,0,2020-05-01,0.982790690151552,0.254974244194658,0.6380733341013445,0.22624824105973118,0.093473824531376,2
2020-06-24,1078,5640.42,3730.16,0.28,3145.3,normal,692.0,0.29,363.17,729.6,6,1088.89,36,0,582.11,2198.75,Salary,833.25,Insurance,Neutral,89.5,Low,1910.26,0,2020-06-01,0.6613266387964016,0.15605496815150022,0.5894519269950887,0.12935206952673736,0.29191509211401123,1
2020-07-24,1568,3900.79,2234.91,0.38,2803.2,normal,716.0,0.13,532.42,783.78,1,402.51,38,0,491.3,1270.7,Salary,1344.26,Healthcare,Neutral,23.8,Medium,1665.88,0,2020-07-01,0.572937789524686,0.21982988129275902,0.5685687566837144,0.20092852986189977,0.1801012121293475,2
2020-08-23,1772,4044.47,2076.49,0.22,2375.21,normal,740.0,0.12,413.36,20.9,8,1162.56,39,0,317.81,1753.23,Salary,1094.21,Education,Neutral,43.3,Low,1967.98,0,2020-08-01,0.513414613039533,0.1530515437107812,0.844323834932988,0.005167549765482251,0.559867853926578,1
2020-09-22,1384,3441.08,2433.06,0.12,2423.31,normal,668.0,0.11,484.03,220.58,5,1276.51,22,0,193.29,2597.37,Salary,1275.9,Entertainment,Negative,90.4,Low,1008.02,0,2020-09-01,0.7070628988573355,0.07944317032872185,1.0675322433478829,0.06410196798679485,0.5246520842067192,1
2020-10-22,1146,3310.43,2611.92,0.3,2468.87,inflation,670.0,0.32,702.11,551.23,9,342.59,62,0,287.87,1988.78,Freelance,1616.7,Utilities,Neutral,4.7,Medium,698.51,0,2020-10-01,0.788997199759548,0.11021394223406536,0.7614245459278998,0.16651311158973306,0.13116404790345798,2
2020-11-21,1790,4449.06,3172.93,0.31,3056.07,normal,649.0,0.22,640.22,488.72,5,220.03,37,0,330.64,1430.24,Mixed,1451.3,Transportation,Positive,78.9,Low,1276.13,0,2020-11-01,0.7131686243835775,0.10420652204744511,0.4507631747312421,0.10984792293203507,0.06934599880867212,1
2020-12-21,1922,4979.17,1483.44,0.26,2324.15,recession,707.0,0.19,689.15,392.05,5,462.23,24,0,601.34,1123.95,Freelance,1063.24,Education,Negative,8.0,Medium,3495.73,1,2020-12-01,0.29792917293444493,0.4053686027072211,0.7576646173758291,0.0787380226021606,0.3115933236261662,2
2021-01-20,1729,2223.77,1831.22,0.4,2779.55,normal,602.0,0.45,519.0,238.4,8,755.98,98,0,662.48,2465.43,Mixed,1048.17,Rent,Negative,33.6,Medium,392.55,0,2021-01-01,0.8234754493495281,0.36176974912899595,1.3463319535610139,0.10720533148661958,0.41282860606590144,2
2021-02-19,1748,3784.07,2548.07,0.39,2452.14,recession,703.0,0.55,944.88,108.83,1,866.83,55,0,529.71,3712.09,Mixed,1633.96,Investments,Positive,19.1,Low,1236.0,0,2021-02-01,0.6733675645535099,0.20788675350363217,1.4568241845789165,0.02876003879420835,0.34019081108446786,1
2021-03-21,1198,4544.68,3178.58,0.38,2807.31,recession,671.0,0.47,521.69,560.04,6,727.37,68,0,301.9,1646.0,Salary,1030.8,Dining Out,Negative,91.8,Medium,1366.1,0,2021-03-01,0.699406778915127,0.09497951915635283,0.5178413002032354,0.12322979835764013,0.22883488853513204,2
2021-04-20,1519,2597.03,4030.72,0.35,2296.27,normal,772.0,0.22,574.15,332.43,2,1070.81,78,0,525.81,2011.39,Salary,1209.59,Rent,Neutral,18.3,Medium,0.0,0,2021-04-01,1.55204984154977,0.13045063909177515,0.49901506430612896,0.12800391216119952,0.26566221419498254,2
2021-05-20,1929,2557.58,3116.78,0.06,2115.26,recession,685.0,0.47,517.01,371.61,2,1223.64,33,0,647.54,2443.87,Salary,1127.09,Education,Neutral,37.2,Low,0.0,0,2021-05-01,1.2186441870831022,0.20775929003651203,0.784100899004742,0.1452975078003425,0.39259748843357567,1
2021-06-19,1128,2943.7,2116.94,0.12,2877.6,inflation,703.0,0.6,516.48,808.93,2,322.87,74,0,925.69,1648.02,Salary,1104.56,Education,Positive,51.5,Medium,826.76,0,2021-06-01,0.7191425756700751,0.4372773909510898,0.7784915963607849,0.2748004212385773,0.15251731272497096,2
2021-07-19,1499,2018.05,3643.42,0.26,2439.22,normal,747.0,0.23,342.92,69.41,9,1418.83,49,0,745.89,2116.14,Freelance,1009.84,Entertainment,Positive,91.7,Low,0.0,0,2021-07-01,1.80541611952132,0.20472248601588616,0.5808114354095877,0.03439458883575729,0.38942257549225723,1
2021-08-18,1085,1269.43,1948.39,0.1,2676.06,recession,720.0,0.39,500.71,14.84,4,592.81,79,0,531.18,2666.9,Salary,1210.15,Insurance,Negative,99.9,Low,0.0,0,2021-08-01,1.5348542259124174,0.2726250904593023,1.3687711392483024,0.011690286191440252,0.304256334717382,1
2021-09-17,1623,5850.03,3600.78,0.34,3021.81,inflation,640.0,0.21,0.76,0.0,5,557.92,66,0,268.55,2139.14,Salary,1292.33,Utilities,Positive,60.9,Low,2249.25,0,2021-09-01,0.6155147922318348,0.07458106299190731,0.5940768389071256,0.0,0.15494420653302893,1
2021-10-17,1094,3195.04,1609.11,0.38,3121.99,normal,655.0,0.55,607.57,245.19,2,480.94,43,0,277.54,1861.17,Salary,1056.35,Transportation,Negative,62.5,High,1585.93,0,2021-10-01,0.503627497621313,0.1724804394976105,1.1566455991200106,0.07674082327607792,0.29888571943496717,3
2021-11-16,1898,3535.09,4714.95,0.14,3236.71,normal,657.0,0.25,719.36,628.42,6,1078.83,35,0,351.95,2341.1,Salary,951.21,Dining Out,Neutral,36.1,Low,0.0,0,2021-11-01,1.3337567077500148,0.07464554237054476,0.4965270045281498,0.1777663369249439,0.2288104857951834,1
2021-12-16,1836,4883.1,2953.04,0.33,2662.07,normal,702.0,0.55,567.79,782.52,4,1218.23,73,0,496.18,2411.39,Salary,1324.95,Utilities,Positive,45.0,High,1930.06,0,2021-12-01,0.6047469844975527,0.1680234605694471,0.81657884756048,0.16025066044111322,0.4125342020426408,3
2022-01-15,1435,2723.47,4130.9,0.22,3608.46,normal,726.0,0.52,734.25,378.09,1,466.61,65,0,536.18,2159.88,Freelance,1990.13,Transportation,Positive,11.5,High,0.0,0,2022-01-01,1.516778227775595,0.12979738071606672,0.5228594253068339,0.13882657051482117,0.11295601442784867,3
2022-02-14,1153,3857.32,2987.43,0.36,1991.53,normal,665.0,0.44,743.16,444.38,7,982.22,92,0,474.4,1547.33,Salary,971.23,Healthcare,Neutral,8.9,Low,869.89,0,2022-02-01,0.7744833200253025,0.15879869988585507,0.5179468640269396,0.11520433876370122,0.3287842727695712,1
2022-03-16,1362,1762.91,2523.27,0.17,3078.71,normal,719.0,0.36,626.41,578.41,3,862.23,47,0,471.16,2694.49,Salary,467.95,Dining Out,Negative,67.5,Medium,0.0,0,2022-03-01,1.431309596065596,0.1867259548126043,1.0678563926967783,0.32809956265492846,0.3417113507472447,2
2022-04-15,1486,4595.14,1833.89,0.08,2525.23,normal,634.0,0.38,436.57,209.76,2,1822.99,43,0,1049.52,3700.56,Salary,1568.42,Utilities,Positive,38.8,High,2761.25,1,2022-04-01,0.3990933899728844,0.5722916859789845,2.017874572629765,0.04564822834559991,0.9940563501627687,3
2022-05-15,1194,4139.34,2785.84,0.07,3251.07,normal,687.0,0.58,700.75,637.71,7,98.69,67,0,212.06,1940.04,Salary,1460.32,Dining Out,Positive,54.6,Medium,1353.5,0,2022-05-01,0.6730155048872526,0.07612066737501076,0.6963931884099589,0.15406079230022177,0.035425580794302615,2
2022-06-14,1227,4572.35,2275.15,0.33,2277.32,normal,730.0,0.5,555.67,546.92,2,1677.19,55,0,422.44,3333.4,Salary,1227.6,Transportation,Negative,39.9,High,2297.2,1,2022-06-01,0.4975887672640983,0.18567566973606134,1.4651341669780014,0.11961464017408989,0.7371777684987803,3
2022-07-14,1514,5238.6,3181.18,0.19,2859.72,normal,714.0,0.53,210.34,232.09,6,653.61,91,0,360.5,2024.95,Salary,1343.61,Education,Positive,62.5,Low,2057.42,0,2022-07-01,0.6072576642614438,0.11332272930170566,0.6365405289860996,0.044303821631733666,0.20546149541993852,1
2022-08-13,1751,3818.35,2061.48,0.19,3270.15,recession,741.0,0.22,606.92,426.53,8,1018.47,60,0,802.26,2039.84,Salary,1649.89,Education,Neutral,68.6,Medium,1756.87,0,2022-08-01,0.5398876478059895,0.38916700622853484,0.9895026873896423,0.1117053177419566,0.4940479655393213,2
2022-09-12,1732,4353.8,1791.33,0.1,2447.53,recession,707.0,0.37,279.4,77.12,5,1492.63,61,0,849.96,2377.79,Salary,504.54,Utilities,Neutral,63.8,Low,2562.47,1,2022-09-01,0.4114405806421976,0.47448543819396766,1.3273880301228695,0.01771326197804217,0.8332523878905619,1
2022-10-12,1036,4033.62,2011.96,0.16,2974.18,normal,670.0,0.44,656.94,389.49,6,1021.55,72,0,364.46,2860.72,Salary,991.98,Utilities,Neutral,16.9,Low,2021.66,0,2022-10-01,0.49879760612055674,0.18114674247996976,1.4218572933855542,0.09656090558852842,0.5077387224398099,1
2022-11-11,1353,3698.63,2624.57,0.32,2752.33,recession,706.0,0.23,408.45,111.48,6,1044.17,68,0,449.06,2378.68,Salary,1432.05,Dining Out,Negative,25.6,Low,1074.06,0,2022-11-01,0.7096059892446663,0.1710985037549008,0.9063122721055258,0.03014089000521815,0.39784421829099625,1
2022-12-11,1959,4272.22,3129.66,0.09,2256.99,recession,675.0,0.52,600.79,297.99,7,588.72,71,0,392.68,1334.51,Salary,1050.93,Entertainment,Positive,86.9,High,1142.56,0,2022-12-01,0.7325605891082387,0.12547049839279667,0.42640734137254527,0.06975062145676018,0.18810989053123983,3
2023-01-10,1374,5191.39,3030.33,0.19,3547.59,inflation,716.0,0.56,537.83,406.48,7,813.43,24,0,625.61,1980.08,Salary,1178.63,Utilities,Positive,43.3,High,2161.06,0,2023-01-01,0.583722278619021,0.20644946259978286,0.6534205845567974,0.07829887563831651,0.2684295109773523,3
2023-02-09,1349,4223.84,2744.66,0.33,3794.28,normal,663.0,0.28,300.12,560.43,6,774.4,25,0,290.59,2450.63,Freelance,1194.29,Healthcare,Positive,21.8,Medium,1479.18,0,2023-02-01,0.6498020758362059,0.10587468028826885,0.8928719768568786,0.1326825826735861,0.2821478798831185,2
2023-03-11,1420,3415.3,4704.47,0.37,2505.83,normal,623.0,0.37,369.4,201.78,7,1271.04,87,0,435.12,1906.64,Freelance,1671.98,Transportation,Negative,77.5,Medium,0.0,0,2023-03-01,1.377469036395046,0.09249075878898154,0.4052826354509647,0.05908119345299095,0.2701770868982053,2
2023-04-10,1465,3085.25,2467.19,0.19,2588.05,inflation,657.0,0.25,633.99,545.61,7,739.01,34,0,472.1,1373.17,Salary,1940.54,Healthcare,Positive,95.1,Low,618.06,0,2023-04-01,0.7996726359290172,0.19135129438754211,0.5565724569246795,0.17684466412770442,0.2995350986344789,1
2023-05-10,1541,4573.19,3445.29,0.06,3403.07,inflation,642.0,0.35,670.77,719.6,6,1172.33,67,0,389.18,2505.42,Mixed,1979.87,Education,Positive,67.2,Medium,1127.9,0,2023-05-01,0.7533669058141036,0.11296001207445527,0.727201483764792,0.1573518703574529,0.34027034008748175,2
2023-06-09,1746,2675.59,3161.37,0.21,3754.86,normal,679.0,0.21,306.99,418.89,9,134.48,54,0,248.63,1759.86,Salary,1496.01,Utilities,Positive,46.2,High,0.0,0,2023-06-01,1.1815599550005793,0.07864628309878312,0.5566763776464001,0.15655986156324397,0.04253851969241183,3
2023-07-09,1654,2206.67,3300.0,0.06,2431.57,normal,659.0,0.57,672.7,327.69,7,1004.94,34,0,89.76,1114.99,Salary,748.39,Insurance,Positive,28.1,Low,0.0,0,2023-07-01,1.495466018933506,0.027200000000000002,0.33787575757575755,0.14849977568009715,0.30452727272727276,1
2023-08-08,1598,4274.77,2949.71,0.34,3259.04,normal,607.0,0.16,159.55,734.49,8,895.15,52,0,822.67,2285.4,Freelance,1331.74,Healthcare,Positive,24.4,Medium,1325.06,0,2023-08-01,0.6900277675757993,0.2788986035915395,0.7747880300097298,0.17181977042039687,0.30347051066037,2
2023-09-07,1575,3072.97,2631.25,0.28,2137.69,normal,647.0,0.49,530.18,381.05,2,1255.95,50,0,524.66,2250.85,Salary,318.67,Healthcare,Positive,94.6,High,441.72,0,2023-09-01,0.8562563253139471,0.19939572446555817,0.8554299287410926,0.12400055971909912,0.4773206650831354,3
2023-10-07,1232,3708.16,2684.72,0.18,2564.35,normal,644.0,0.49,676.63,547.28,7,0.0,39,0,557.38,1660.45,Salary,1372.48,Dining Out,Negative,6.6,High,1023.44,0,2023-10-01,0.7240032792544011,0.20761196698352158,0.6184816293691707,0.14758802209181912,0.0,3
2023-11-06,1827,4226.82,4527.52,0.24,2301.23,normal,656.0,0.46,683.38,646.02,1,512.03,88,0,91.09,2126.5,Salary,1049.13,Insurance,Positive,79.8,Low,0.0,0,2023-11-01,1.0711409522998379,0.020119182245467715,0.4696831819627522,0.15283830397319972,0.11309281902675193,1
2019-01-01,1332,3100.33,1970.17,0.12,2793.26,inflation,681.0,0.28,607.58,778.53,4,535.53,75,0,598.01,1935.92,Salary,1061.58,Healthcare,Positive,61.9,Low,1130.16,0,2019-01-01,0.6354710627578355,0.3035321825020176,0.9826157133648366,0.2511119784022991,0.27181918311617775,1
2019-01-31,1663,4236.99,2504.12,0.18,2546.93,normal,692.0,0.4,262.39,804.66,5,1472.66,84,0,441.42,2626.31,Salary,802.95,Healthcare,Neutral,16.9,Low,1732.87,0,2019-01-01,0.591013903738267,0.17627749468875295,1.0487955848761241,0.18991312228728413,0.5880948197370733,1
2019-03-02,1126,2922.2,2701.92,0.2,2673.81,normal,612.0,0.25,544.74,199.25,3,1588.49,90,0,649.32,2203.48,Salary,941.17,Dining Out,Negative,7.7,Low,220.28,0,2019-03-01,0.9246184381630279,0.24031799609166815,0.8155237756854384,0.06818492916295942,0.5879115591875407,1
2019-04-01,1435,4263.67,3041.9,0.18,2968.67,recession,660.0,0.24,599.31,197.69,3,1238.69,22,0,129.6,2295.86,Salary,892.52,Entertainment,Positive,51.2,Low,1221.77,0,2019-04-01,0.7134463971179759,0.04260495085308524,0.7547453893947862,0.04636615873179679,0.40720930997074195,1
2019-05-01,1273,3458.05,3106.15,0.12,3102.21,normal,636.0,0.58,623.33,214.2,6,1014.4,70,0,735.6,2930.05,Mixed,300.0,Utilities,Positive,0.9,Low,351.9,0,2019-05-01,0.898237445959428,0.23682050126362217,0.9433060219242471,0.061942424198609035,0.32657791800138436,1
2019-05-31,1179,5396.13,2530.7,0.36,2698.83,recession,604.0,0.14,562.63,369.02,2,1410.81,56,0,391.64,2880.23,Salary,593.82,Healthcare,Neutral,55.1,Medium,2865.43,1,2019-05-01,0.4689842535298445,0.1547556012170546,1.1381159363022089,0.06838604703741384,0.5574781680957838,2
2019-06-30,1629,4949.43,1950.65,0.28,2458.55,inflation,764.0,0.39,449.72,250.99,7,1522.46,68,0,119.86,1758.4,Salary,1263.84,Insurance,Neutral,57.8,Medium,2998.78,1,2019-06-01,0.39411609013563176,0.06144618460513162,0.901443108707354,0.05071088994086188,0.780488555097019,2
2019-07-30,1638,4403.65,596.25,0.06,2692.09,normal,696.0,0.25,706.83,237.34,3,563.72,50,0,629.58,2528.88,Salary,1471.68,Investments,Neutral,88.0,Low,3807.4,1,2019-07-01,0.13539904397488448,1.0558993710691824,4.241308176100629,0.05389619974339469,0.9454423480083858,1
2019-08-29,1183,3335.29,4431.57,0.3,2721.65,normal,686.0,0.24,386.68,153.58,4,1154.56,51,0,522.07,2007.5,Salary,2096.34,Utilities,Positive,82.4,High,0.0,0,2019-08-01,1.3286910583487492,0.11780700744882741,0.4529997269590687,0.046046970428358557,0.2605306922828704,3
2019-09-28,1072,3396.12,3121.91,0.26,2760.99,inflation,651.0,0.4,380.08,0.0,4,437.95,59,0,253.96,1845.56,Freelance,1897.05,Transportation,Neutral,49.8,Low,274.21,0,2019-09-01,0.9192578589684699,0.08134763654301373,0.5911637427087905,0.0,0.14028271154517588,1
2019-10-28,1703,4066.63,4792.55,0.15,2376.57,recession,666.0,0.11,332.83,652.29,8,1242.39,43,0,401.36,2540.26,Salary,1573.09,Groceries,Positive,41.7,Low,0.0,0,2019-10-01,1.178506527517871,0.08374664844393903,0.5300435050234218,0.16040062656302637,0.2592336021533422,1
2019-11-27,1818,2558.08,2852.04,0.2,2908.77,normal,798.0,0.47,472.82,295.35,8,1451.3,35,0,315.86,2812.71,Salary,1459.11,Dining Out,Positive,76.9,Low,0.0,0,2019-11-01,1.1149143107330497,0.1107487973520708,0.9862098708293011,0.11545768701526146,0.5088638308018121,1
2019-12-27,1659,3762.0,3573.26,0.33,3385.31,inflation,668.0,0.56,932.6,448.53,5,1660.75,77,0,318.21,3012.81,Salary,782.06,Investments,Positive,35.9,Medium,188.74,0,2019-12-01,0.9498298777246146,0.08905313355311395,0.8431544304080867,0.11922647527910685,0.46477166509014173,2
2020-01-26,1502,3570.21,3878.51,0.33,2523.44,normal,691.0,0.52,482.56,244.84,6,373.3,45,0,649.85,1484.72,Salary,1320.75,Healthcare,Positive,93.3,Low,0.0,0,2020-01-01,1.0863534638018493,0.16755145661607163,0.3828067995183717,0.06857859901798494,0.0962483015384774,1
2020-02-25,1393,3419.02,4038.07,0.25,3280.58,normal,800.0,0.13,193.55,0.0,2,697.17,73,0,606.16,2286.08,Freelance,1614.9,Insurance,Neutral,93.5,Low,0.0,0,2020-02-01,1.181060654807518,0.15011131555421275,0.5661318402107938,0.0,0.17264931019026414,1
2020-03-26,1082,5262.83,1927.35,0.3,2331.17,normal,810.0,0.55,421.44,847.02,7,2563.51,32,0,575.95,2734.46,Salary,1026.95,Insurance,Negative,18.2,Low,3335.48,1,2020-03-01,0.36621931546335335,0.2988299997405765,1.4187667003917297,0.16094382680040967,1.3300697849378682,1
2020-04-25,1294,3854.89,2443.44,0.14,2346.98,normal,719.0,0.17,477.79,202.27,4,1286.49,73,0,753.26,1740.0,Freelance,1086.19,Transportation,Neutral,20.0,Medium,1411.45,0,2020-04-01,0.6338546625195531,0.3082784926169662,0.7121107946174245,0.05247101733123384,0.5265077104410176,2
2020-05-25,1316,4729.02,4744.34,0.15,2857.35,normal,716.0,0.13,175.21,93.45,4,621.91,83,0,420.68,2694.59,Salary,300.0,Rent,Positive,11.6,Medium,0.0,0,2020-05-01,1.0032395718351794,0.08866986767390195,0.5679588730993141,0.019760965273989115,0.13108461872462765,2
2020-06-24,1928,3654.53,2193.02,0.13,3017.54,normal,560.0,0.3,235.67,468.23,3,1042.39,53,0,1107.33,3528.84,Salary,1652.22,Rent,Negative,23.5,Low,1461.51,0,2020-06-01,0.600082637165381,0.5049338355327356,1.6091234918058204,0.12812317863035738,0.47532170249245337,1
2020-07-24,1781,4176.06,3504.28,0.07,2409.61,recession,701.0,0.5,283.92,585.04,5,68.29,47,0,246.48,1775.58,Freelance,2600.26,Transportation,Positive,54.8,High,671.78,0,2020-07-01,0.8391354530346786,0.07033684522926249,0.5066889632107023,0.14009377259905267,0.019487598022989033,3
2020-08-23,1758,3102.43,3282.15,0.17,3321.94,inflation,694.0,0.19,499.21,464.43,5,210.15,48,0,373.02,2765.77,Salary,902.95,Insurance,Positive,16.5,High,0.0,0,2020-08-01,1.0579287848557422,0.11365111283762168,0.8426702009353625,0.14969878450118135,0.06402815227823226,3
2020-09-22,1284,4387.46,2614.0,0.29,2840.96,normal,678.0,0.1,766.81,484.51,2,1459.14,79,0,418.04,2376.36,Salary,1227.05,Healthcare,Positive,44.4,Low,1773.46,0,2020-09-01,0.5957889074772191,0.15992348890589136,0.9090895179801072,0.11043063640466237,0.5582019892884469,1
2020-10-22,1212,4754.98,2735.61,0.25,2969.1,normal,633.0,0.21,666.56,477.38,5,726.0,64,0,580.17,2177.99,Mixed,1645.7,Dining Out,Positive,18.8,Low,2019.37,0,2020-10-01,0.5753147226697064,0.21208066939366355,0.7961624646788101,0.10039579556591195,0.2653887067235461,1
2020-11-21,1862,5579.55,1998.59,0.29,2276.64,normal,622.0,0.51,632.87,151.23,7,1033.69,81,0,349.68,1714.04,Salary,302.28,Insurance,Neutral,56.8,High,3580.96,1,2020-11-01,0.3581991379233092,0.17496334916115863,0.8576246253608795,0.02710433637121273,0.5172096327911178,3
2020-12-21,1668,4648.23,2990.2,0.12,3037.35,recession,634.0,0.27,600.86,332.06,5,855.97,80,0,627.91,1308.18,Salary,1771.82,Transportation,Neutral,63.9,Low,1658.03,0,2020-12-01,0.6432986319523776,0.20998929837469066,0.4374891311617952,0.07143794519634356,0.28625844425122066,1
2021-01-20,1137,2880.75,2088.78,0.09,2671.61,normal,700.0,0.56,592.21,615.68,9,745.66,85,0,630.94,1910.13,Salary,1620.44,Utilities,Positive,34.9,Medium,791.97,0,2021-01-01,0.725082009893257,0.30206149043939523,0.9144716054347514,0.2137221209754404,0.35698350233150444,2
2021-02-19,1776,2052.62,3915.82,0.18,2518.78,normal,673.0,0.39,502.51,0.0,8,360.21,29,0,349.66,3016.01,Salary,1934.23,Dining Out,Positive,33.2,Medium,0.0,0,2021-02-01,1.9077179409730005,0.08929419636244772,0.770211603189115,0.0,0.09198839578938765,2
2021-03-21,1114,5496.62,3475.36,0.28,3069.8,recession,724.0,0.4,738.8,651.85,2,1993.44,37,0,586.42,2355.69,Salary,828.69,Education,Positive,31.5,Low,2021.26,0,2021-03-01,0.6322721963679498,0.16873647622116844,0.6778261820358179,0.11859106141592471,0.5735923760416187,1
2021-04-20,1151,4443.96,1866.36,0.38,2084.6,normal,681.0,0.18,448.94,419.96,4,1858.57,46,0,461.75,1671.16,Salary,1818.73,Healthcare,Negative,22.8,High,2577.6,1,2021-04-01,0.41997677746874407,0.24740671681776294,0.8954113890139095,0.09450130064176995,0.9958261000021432,3
2021-05-20,1627,2435.41,2695.54,0.06,2527.42,normal,692.0,0.31,745.68,394.69,4,1314.19,46,0,332.73,2472.63,Salary,1311.05,Investments,Negative,25.2,High,0.0,0,2021-05-01,1.1068115840864579,0.12343723335583966,0.9173041394303183,0.16206306125046707,0.4875423848282719,3
2021-06-19,1711,3093.8,3327.55,0.25,2987.48,normal,777.0,0.33,473.49,83.52,4,1451.56,22,0,558.65,2294.99,Mixed,638.33,Education,Positive,42.0,High,0.0,0,2021-06-01,1.0755543344754024,0.16788628270048533,0.6896936184279724,0.02699592733854806,0.4362248501149494,3
2021-07-19,1148,4615.7,3231.27,0.37,3021.24,normal,661.0,0.11,153.5,148.75,5,1125.06,73,0,228.43,1757.32,Salary,428.9,Groceries,Positive,55.6,High,1384.43,0,2021-07-01,0.7000606625213944,0.07069356630674627,0.5438480844992836,0.0322269644907598,0.3481788894149978,3
2021-08-18,1475,3928.51,3113.71,0.13,3028.4,normal,632.0,0.58,642.56,323.29,4,1044.66,28,0,478.36,1006.97,Salary,513.81,Entertainment,Positive,66.4,Low,814.8,0,2021-08-01,0.7925931205469758,0.15363023531414294,0.32339877509466197,0.08229328676775673,0.33550330634516384,1
2021-09-17,1845,2112.75,2620.95,0.18,2930.49,recession,661.0,0.18,289.2,515.71,9,830.84,43,0,299.8,2587.25,Freelance,1158.33,Utilities,Negative,16.7,High,0.0,0,2021-09-01,1.240539581114661,0.1143860050744959,0.9871420668078369,0.24409419003668206,0.3169995612277991,3
2021-10-17,1172,5219.66,2336.39,0.1,3586.82,normal,648.0,0.56,710.58,448.0,7,1625.65,85,0,329.86,1831.12,Salary,2263.74,Dining Out,Positive,97.5,Low,2883.27,0,2021-10-01,0.4476134460865267,0.1411836208852118,0.7837390161745257,0.08582934520639275,0.695795650554916,1
2021-11-16,1314,4946.59,3811.21,0.27,2769.65,normal,622.0,0.46,336.92,595.05,4,1078.84,29,0,456.76,1847.29,Salary,1138.92,Investments,Neutral,63.5,Low,1135.38,0,2021-11-01,0.7704721838680788,0.11984645296375691,0.484699085067472,0.12029499109487544,0.28307020605004707,1
2021-12-16,1358,2973.34,4225.71,0.17,3276.93,recession,700.0,0.43,669.32,69.14,2,646.8,74,0,795.14,2676.45,Salary,1313.85,Healthcare,Neutral,90.3,Low,0.0,0,2021-12-01,1.4211997282517304,0.1881671955718684,0.6333728533193238,0.023253311091230737,0.153063035560888,1
2022-01-15,1768,1789.65,4311.9,0.1,3790.92,normal,591.0,0.49,814.75,530.92,6,766.87,59,0,554.72,2337.8,Freelance,593.72,Entertainment,Positive,75.7,Low,0.0,0,2022-01-01,2.409353784259492,0.12864862357661358,0.5421739836267075,0.2966613583661609,0.17784967183840072,1
2022-02-14,1916,5224.27,2935.97,0.12,2229.61,inflation,645.0,0.19,527.41,353.8,6,640.33,49,0,424.75,2231.63,Salary,470.65,Entertainment,Positive,34.3,High,2288.3,1,2022-02-01,0.5619866507665184,0.14467109677551201,0.7600997285394606,0.06772238035170464,0.21809827757095612,3
2022-03-16,1045,5699.57,3825.34,0.08,2782.39,normal,666.0,0.24,686.07,484.15,8,647.94,20,0,505.08,1389.66,Salary,885.31,Rent,Neutral,86.2,Medium,1874.23,0,2022-03-01,0.6711629122898746,0.13203532235043158,0.36327751258711644,0.08494500462315578,0.16938102234049784,2
2022-04-15,1589,2503.84,3968.01,0.14,2682.67,inflation,679.0,0.35,622.72,507.23,9,880.14,55,0,645.57,2715.61,Salary,1265.36,Entertainment,Positive,68.7,Medium,0.0,0,2022-04-01,1.5847697935970348,0.16269364240513506,0.6843757954239027,0.20258083583615566,0.2218089168122056,2
2022-05-15,1538,3535.93,3203.36,0.39,2349.47,recession,669.0,0.43,635.05,458.59,4,1861.44,46,0,642.55,1956.51,Freelance,1308.04,Utilities,Positive,8.6,Low,332.57,0,2022-05-01,0.9059455362521318,0.200586259427601,0.6107680685280455,0.12969430955929556,0.5810898556515659,1
2022-06-14,1275,3948.8,3374.23,0.18,3002.57,normal,709.0,0.27,627.71,196.33,4,733.66,29,0,666.32,1283.49,Mixed,1395.35,Transportation,Negative,21.8,High,574.57,0,2022-06-01,0.8544950364667747,0.19747320129333212,0.38038011635247154,0.04971890194489465,0.21743034707177636,3
2022-07-14,1938,3410.99,1755.22,0.13,3381.34,recession,780.0,0.1,211.96,495.09,3,621.89,37,0,613.14,1206.58,Salary,1221.58,Dining Out,Negative,62.8,Low,1655.77,0,2022-07-01,0.5145778791494552,0.3493237314980458,0.6874237987260856,0.14514554425548007,0.3543088615672109,1
2022-08-13,1832,4483.12,4319.03,0.13,2457.66,normal,715.0,0.13,449.08,429.64,6,951.52,84,0,853.55,2198.8,Salary,1366.47,Utilities,Positive,60.4,Low,164.09,0,2022-08-01,0.9633982583557879,0.19762539273864735,0.5090957923422621,0.09583504345188172,0.22030872672799218,1
2022-09-12,1795,3890.97,3430.6,0.32,3024.77,normal,689.0,0.39,210.47,601.84,8,163.8,63,0,292.75,2349.03,Salary,1283.41,Entertainment,Positive,66.1,Medium,460.37,0,2022-09-01,0.8816824596437393,0.08533492683495598,0.684728618900484,0.15467608334168603,0.04774674983967819,2
2022-10-12,1925,3813.72,3462.34,0.37,2863.75,normal,733.0,0.48,589.43,905.64,1,617.73,72,0,854.01,2268.94,Mixed,1237.97,Groceries,Positive,76.2,Low,351.38,0,2022-10-01,0.9078642375423472,0.24665688522790943,0.6553198126122796,0.23746892797583463,0.17841402057568004,1
2022-11-11,1555,2321.86,4290.89,0.37,2907.94,normal,682.0,0.33,821.64,289.22,4,0.0,24,0,346.17,2657.93,Freelance,802.27,Groceries,Negative,24.1,Low,0.0,0,2022-11-01,1.8480399335015893,0.08067557080232772,0.6194355949465029,0.12456392719629952,0.0,1
2022-12-11,1877,4203.83,5119.48,0.34,3269.85,recession,753.0,0.56,434.34,50.09,3,467.21,92,0,727.21,2484.92,Salary,1721.19,Utilities,Positive,47.9,High,0.0,0,2022-12-01,1.2178132797948538,0.14204762983740538,0.4853852344378726,0.011915324834734042,0.09126122184284342,3
2023-01-10,1740,3719.17,3885.53,0.06,3311.15,inflation,681.0,0.13,914.02,537.05,4,1815.34,79,0,533.56,2493.51,Salary,803.54,Investments,Negative,66.0,Medium,0.0,0,2023-01-01,1.044730410279713,0.13731974788510187,0.6417425679379647,0.14440049796056645,0.4672052461311584,2
2023-02-09,1992,5121.67,2289.38,0.22,2152.84,inflation,619.0,0.55,601.15,257.01,4,1111.54,82,0,621.55,1861.58,Salary,1201.7,Utilities,Positive,91.7,Low,2832.29,1,2023-02-01,0.44699873283518854,0.2714927185526212,0.8131371812455773,0.050180898027401215,0.48552009714420497,1
2023-03-11,1314,3214.75,2125.73,0.3,2138.63,normal,722.0,0.33,454.97,222.94,3,1320.38,66,0,352.64,2105.87,Salary,1353.34,Utilities,Neutral,19.6,Low,1089.02,0,2023-03-01,0.6612427093864219,0.16589124677169725,0.9906573271299741,0.0693490940197527,0.6211419136014452,1
2023-04-10,1995,3430.52,3383.66,0.25,2462.67,inflation,731.0,0.35,477.57,363.37,4,766.08,90,0,533.32,1807.12,Salary,1717.28,Education,Positive,70.1,Medium,46.86,0,2023-04-01,0.9863402632837004,0.15761630896721304,0.5340725723033638,0.10592271725569302,0.2264057263436634,2
2023-05-10,1377,4689.51,2125.43,0.31,1688.49,recession,595.0,0.41,981.17,0.0,6,998.12,81,0,345.49,1690.71,Mixed,884.5,Investments,Positive,95.7,Low,2564.08,1,2023-05-01,0.45323072133335884,0.16255063681231563,0.7954672701523928,0.0,0.4696085027500318,1
2023-06-09,1455,2806.32,4093.23,0.21,3950.56,normal,585.0,0.31,304.26,430.75,6,1935.16,51,0,461.79,1971.24,Salary,986.77,Rent,Positive,50.5,Low,0.0,0,2023-06-01,1.4585756435474215,0.11281799459106867,0.48158544718962776,0.1534928304683714,0.4727708924248088,1
2023-07-09,1395,4840.18,2825.0,0.16,3034.11,inflation,622.0,0.49,154.45,128.43,4,692.75,35,0,838.39,1863.48,Salary,992.18,Transportation,Neutral,24.6,Low,2015.18,0,2023-07-01,0.5836559797362908,0.29677522123893807,0.6596389380530974,0.026534137160188258,0.2452212389380531,1
2023-08-08,1271,4240.52,2912.07,0.21,2375.82,normal,727.0,0.14,552.06,577.56,2,1481.37,30,0,812.38,2010.91,Freelance,1478.18,Insurance,Neutral,67.5,High,1328.45,0,2023-08-01,0.6867247413053116,0.27896994234341893,0.690543153152225,0.13620027732447904,0.5086999969094149,3
2023-09-07,1488,3016.46,3568.26,0.06,2831.4,normal,708.0,0.21,606.54,366.49,2,396.94,99,0,538.07,2030.54,Salary,1428.79,Insurance,Neutral,91.1,Low,0.0,0,2023-09-01,1.182929659269475,0.15079338389018737,0.5690560665422362,0.12149672132234474,0.11124189380818661,1
2023-10-07,1153,4012.15,3452.36,0.32,2098.94,normal,669.0,0.13,554.36,509.31,2,2282.94,73,0,499.34,2079.25,Salary,567.55,Investments,Neutral,22.4,Medium,559.79,0,2023-10-01,0.8604763032289421,0.1446372915918386,0.6022691723922187,0.12694191393641813,0.6612693925314856,2
2023-11-06,1891,2791.51,4801.39,0.38,2442.02,normal,688.0,0.35,559.33,622.26,5,848.97,71,0,810.0,1501.37,Salary,1672.34,Entertainment,Positive,99.9,Low,0.0,0,2023-11-01,1.7199974207507764,0.1687011469595263,0.3126948654452148,0.22291161414431615,0.17681754658546794,1
2019-01-01,1297,4442.01,3199.04,0.26,3945.33,inflation,754.0,0.26,363.8,0.0,4,359.89,55,0,733.97,2697.83,Salary,336.38,Insurance,Positive,82.5,Medium,1242.97,0,2019-01-01,0.7201784777611937,0.22943445533660098,0.8433248724617385,0.0,0.11249937481244374,2
2019-01-31,1427,4349.07,2447.82,0.19,3201.64,normal,665.0,0.35,306.06,450.06,6,2078.38,23,0,345.98,2926.05,Salary,1795.66,Insurance,Neutral,82.9,Low,1901.25,0,2019-01-01,0.562837572170602,0.1413420921472984,1.1953697575802142,0.1034841931723334,0.8490738698106887,1
2019-03-02,1979,5034.77,4323.99,0.27,3518.1,normal,669.0,0.37,596.82,148.88,5,1302.15,82,0,631.48,2350.99,Salary,1375.3,Groceries,Positive,91.2,High,710.78,0,2019-03-01,0.8588257259020768,0.1460410407979667,0.5437084729613157,0.02957036766326962,0.30114546980913465,3
2019-04-01,1845,4177.84,1805.84,0.4,3119.13,normal,736.0,0.45,324.11,434.08,7,192.0,67,0,538.08,2787.68,Mixed,1066.96,Entertainment,Positive,65.3,Low,2372.0,0,2019-04-01,0.4322424985159795,0.29796659726221597,1.5437026536127232,0.10390058020412461,0.10632171177955965,1
2019-05-01,1865,3712.59,2705.48,0.06,2680.55,recession,679.0,0.1,605.87,61.53,1,652.5,87,0,614.34,2527.91,Salary,751.76,Healthcare,Positive,37.7,Medium,1007.11,0,2019-05-01,0.7287311553389951,0.22707246033975487,0.9343665449384212,0.016573335595904744,0.24117716634386505,2
2019-05-31,1750,3947.15,3338.3,0.18,2609.58,recession,710.0,0.14,199.47,670.2,8,518.93,67,0,340.24,1000.0,Salary,562.63,Dining Out,Positive,82.3,Low,608.85,0,2019-05-01,0.8457494648037192,0.10192013899290057,0.29955366503909175,0.16979339523453632,0.15544738339873587,1
2019-06-30,1261,5115.83,3869.5,0.13,1981.72,normal,678.0,0.36,755.37,316.45,9,768.76,48,0,251.33,1498.16,Freelance,1247.1,Education,Negative,98.7,Low,1246.33,0,2019-06-01,0.7563777529745906,0.06495154412714821,0.3871714691820649,0.061857020268460836,0.19867166300555628,1
2019-07-30,1451,3114.69,2511.13,0.3,2391.5,normal,591.0,0.11,934.4,683.31,3,1060.49,77,0,433.18,1380.29,Salary,1499.07,Dining Out,Positive,65.3,Low,603.56,0,2019-07-01,0.8062214859263683,0.1725040121379618,0.5496688741721854,0.21938298835518139,0.42231584983652776,1
2019-08-29,1212,3982.15,1987.45,0.12,2288.14,normal,666.0,0.56,514.24,158.99,2,1228.02,48,0,154.93,1286.58,Freelance,781.28,Entertainment,Positive,70.7,Low,1994.7,0,2019-08-01,0.4990896877315018,0.07795416236886463,0.6473521346448967,0.03992566829476539,0.6178872424463508,1
2019-09-28,1035,4483.58,3970.71,0.12,1672.27,inflation,661.0,0.18,190.4,209.18,6,747.42,71,0,431.81,2178.74,Salary,960.35,Rent,Negative,0.9,Low,512.87,0,2019-09-01,0.8856114979547594,0.10874881318454382,0.5487028768154814,0.046654682195923794,0.18823333862206001,1
2019-10-28,1805,4635.73,2587.17,0.35,2868.4,normal,697.0,0.17,293.81,328.38,5,618.92,85,0,395.23,2479.05,Salary,1245.56,Entertainment,Positive,78.9,Low,2048.56,0,2019-10-01,0.5580933315788452,0.15276537684033134,0.9582091629077332,0.07083673984464152,0.2392266453306122,1
2019-11-27,1016,4328.95,3001.03,0.13,3695.99,normal,643.0,0.46,510.03,484.59,7,2485.71,82,0,711.89,2186.7,Salary,591.82,Utilities,Negative,83.6,Low,1327.92,0,2019-11-01,0.6932466302452096,0.2372152227735144,0.728649830224956,0.1119416948682706,0.8282856219364685,1
2019-12-27,1343,4441.11,2796.79,0.18,1800.28,recession,755.0,0.36,617.11,474.6,9,0.0,39,0,153.96,2780.44,Salary,958.08,Investments,Neutral,86.3,Medium,1644.32,0,2019-12-01,0.629750220102632,0.055048823830176744,0.994154012278362,0.10686517559799241,0.0,2
2020-01-26,1873,5737.31,2864.03,0.18,2888.49,normal,736.0,0.47,581.67,128.57,6,335.67,72,0,697.76,3254.64,Salary,1500.16,Healthcare,Positive,81.7,High,2873.28,0,2020-01-01,0.49919387308686475,0.24362873293924991,1.1363847445732063,0.022409456696605202,0.11720198461608293,3
2020-02-25,1908,3664.79,2656.52,0.22,2879.68,normal,708.0,0.39,375.54,606.79,5,969.33,22,0,587.22,2225.48,Freelance,1753.52,Entertainment,Positive,96.0,Medium,1008.27,0,2020-02-01,0.7248764594969971,0.22104858988451057,0.8377426106334603,0.16557292505164006,0.364887145588966,2
2020-03-26,1371,4529.79,3188.92,0.06,2895.1,normal,687.0,0.23,858.29,178.38,4,1416.14,76,0,668.38,1000.0,Salary,2172.11,Transportation,Positive,51.6,Medium,1340.87,0,2020-03-01,0.7039884851174116,0.20959447085533658,0.31358579080064725,0.039379308974588224,0.44408138178442863,2
2020-04-25,1701,4457.4,3435.29,0.27,2427.06,normal,637.0,0.5,40.9,253.5,3,1365.4,94,0,456.27,1660.94,Salary,935.89,Groceries,Positive,55.8,Medium,1022.11,0,2020-04-01,0.7706936779288375,0.13281848111804243,0.4834933877489237,0.056871718939291965,0.39746280517801996,2
2020-05-25,1164,4351.16,2656.02,0.21,3659.21,normal,728.0,0.6,400.75,559.34,8,22.54,59,1,420.08,2376.71,Freelance,364.3,Insurance,Positive,28.2,Medium,1695.14,0,2020-05-01,0.6104165326028002,0.15816145962756303,0.8948388942854346,0.12854962814513832,0.00848638187965452,2
2020-06-24,1482,6901.39,2022.47,0.32,1515.55,recession,655.0,0.44,314.53,241.2,6,1146.31,77,0,608.77,2104.47,Salary,1213.82,Investments,Positive,4.4,Low,4878.92,1,2020-06-01,0.2930525589772495,0.3010032287252716,1.0405444827364558,0.03494948119147012,0.5667871464100827,1
2020-07-24,1351,2512.08,2048.98,0.34,2973.19,normal,775.0,0.54,430.51,428.27,4,1438.22,85,0,206.03,2618.06,Mixed,1973.01,Investments,Neutral,69.2,Low,463.1,0,2020-07-01,0.8156507754530111,0.10055247000946813,1.2777381916856192,0.1704842202477628,0.7019199796972152,1
2020-08-23,1628,3609.0,3712.21,0.1,3060.24,inflation,689.0,0.44,407.94,660.45,5,1152.52,25,0,511.41,1787.56,Salary,1298.06,Dining Out,Positive,3.9,Low,0.0,0,2020-08-01,1.0285979495705182,0.137764296739678,0.4815352579730134,0.18300083125519537,0.3104673496380862,1
2020-09-22,1566,1576.0,3467.34,0.07,2840.64,normal,637.0,0.6,406.19,395.14,5,1847.37,94,1,516.39,2749.87,Salary,1870.47,Transportation,Positive,78.4,Low,0.0,0,2020-09-01,2.20008883248731,0.1489297271106958,0.7930776906793103,0.2507233502538071,0.5327917077644534,1
2020-10-22,1443,4181.71,2914.44,0.26,2863.62,recession,779.0,0.42,542.41,573.87,1,1362.8,20,0,482.59,2186.17,Mixed,1190.2,Groceries,Positive,31.5,Low,1267.27,0,2020-10-01,0.6969493341240784,0.16558584153387956,0.7501166604905231,0.13723333277534788,0.46760269554356926,1
2020-11-21,1007,4370.16,1178.52,0.14,3106.36,normal,694.0,0.32,657.92,304.25,3,1689.88,67,0,497.03,2145.91,Salary,810.05,Groceries,Negative,26.3,Low,3191.64,1,2020-11-01,0.26967433686638476,0.42174082747853237,1.8208515765536435,0.06961987661778973,1.4339001459457625,1
2020-12-21,1829,1452.07,3122.66,0.27,2931.08,normal,731.0,0.31,529.84,914.68,5,1128.0,24,0,338.17,2291.49,Salary,1110.77,Transportation,Neutral,93.9,Medium,0.0,0,2020-12-01,2.1504886128079224,0.10829549166415813,0.733826289125297,0.6299145358006156,0.3612304893904556,2
2021-01-20,1053,4763.56,3377.53,0.14,3845.96,normal,695.0,0.45,299.34,419.97,4,804.45,21,0,126.05,2030.42,Salary,969.88,Healthcare,Negative,33.1,Medium,1386.03,0,2021-01-01,0.7090348394897933,0.03732017184155285,0.6011552821144446,0.08816305452224807,0.23817701101100508,2
2021-02-19,1777,3194.54,3007.88,0.18,1507.83,inflation,687.0,0.49,325.07,215.27,7,1304.1,64,0,646.88,1600.71,Salary,451.76,Transportation,Neutral,42.4,Medium,186.66,0,2021-02-01,0.9415690521953083,0.21506177108129312,0.5321721611234491,0.06738685381932924,0.43356117930236576,2
2021-03-21,1271,2609.38,3289.32,0.25,3313.67,recession,716.0,0.35,345.44,220.63,7,860.84,37,0,535.4,2815.78,Salary,625.05,Rent,Positive,56.5,Medium,0.0,0,2021-03-01,1.260575309077252,0.16276920457723784,0.8560371140539687,0.08455265235419908,0.26170758697846364,2
2021-04-20,1937,5015.16,3358.93,0.13,2791.2,normal,636.0,0.27,266.83,496.37,1,780.44,64,0,254.41,1502.41,Salary,1752.12,Education,Negative,14.5,Low,1656.23,0,2021-04-01,0.6697553019245647,0.07574138192817356,0.44728827334895344,0.09897391110154014,0.23234780123432167,1
2021-05-20,1077,3989.19,2281.74,0.18,3204.29,normal,655.0,0.31,350.61,610.64,6,1244.17,65,0,360.17,1888.61,Salary,1843.39,Entertainment,Positive,82.3,Low,1707.45,0,2021-05-01,0.5719807780526873,0.1578488346612673,0.8277060488925119,0.15307368162459045,0.5452724675028707,1
2021-06-19,1588,3782.33,1791.96,0.3,2764.43,recession,713.0,0.47,684.5,25.87,2,1467.87,50,0,412.2,1205.72,Salary,1144.9,Healthcare,Positive,39.6,High,1990.37,0,2021-06-01,0.4737714583338842,0.23002745596999932,0.6728498403982232,0.006839699338767374,0.8191421683519721,3
2021-07-19,1481,3667.83,3321.01,0.27,2899.07,recession,647.0,0.34,467.76,400.93,1,721.41,79,0,484.02,2653.83,Salary,1592.85,Insurance,Neutral,87.4,Medium,346.82,0,2021-07-01,0.9054427277163882,0.14574481859434327,0.7991032848440685,0.10930986441574446,0.21722608483563732,2
2021-08-18,1720,3781.06,1485.48,0.26,2926.85,normal,708.0,0.55,434.83,31.68,4,821.38,38,0,874.03,1000.0,Salary,1687.68,Investments,Positive,66.7,Low,2295.58,0,2021-08-01,0.39287395598059804,0.5883822064248593,0.6731830788701295,0.008378602825662645,0.552939117322347,1
2021-09-17,1513,3550.09,2241.68,0.2,2879.42,normal,587.0,0.34,697.57,865.3,1,305.18,45,0,560.31,2884.83,Salary,943.14,Transportation,Positive,88.0,Medium,1308.41,0,2021-09-01,0.6314431465117785,0.24995092965989793,1.2869053566967632,0.24374029954170173,0.13613896720316906,2
2021-10-17,1353,5678.87,2578.78,0.24,3564.19,inflation,666.0,0.33,119.89,388.46,3,688.57,98,0,444.42,2263.45,Salary,735.75,Education,Neutral,35.1,Medium,3100.09,0,2021-10-01,0.45410090387700375,0.17233730678848136,0.877721248032015,0.06840445370293738,0.26701385926678506,2
2021-11-16,1095,3724.11,2954.33,0.27,2563.88,normal,624.0,0.43,522.3,175.93,7,1410.51,79,0,474.19,2235.1,Salary,826.75,Dining Out,Positive,26.1,Medium,769.78,0,2021-11-01,0.7932982645517989,0.16050678157145615,0.7565505546096746,0.04724081726909248,0.4774382008780333,2
2021-12-16,1280,2710.11,2662.68,0.18,2756.23,normal,676.0,0.24,686.15,536.27,5,540.74,50,0,527.81,2706.82,Salary,1302.96,Rent,Positive,26.5,Medium,47.43,0,2021-12-01,0.9824988653597085,0.19822509651929635,1.016577283038142,0.19787757692492186,0.2030811062538495,2
2022-01-15,1560,5157.45,3992.48,0.29,2966.82,inflation,701.0,0.21,266.53,584.97,6,1156.6,81,0,675.76,1686.46,Salary,1096.86,Healthcare,Positive,5.9,Medium,1164.97,0,2022-01-01,0.7741189929131644,0.16925820542620126,0.42240912916282614,0.11342233080301313,0.28969462589668576,2
2022-02-14,1726,5737.26,2677.31,0.34,2440.27,inflation,677.0,0.59,404.81,0.0,8,864.43,24,0,638.19,2668.1,Freelance,1000.29,Dining Out,Positive,63.5,Medium,3059.95,1,2022-02-01,0.46665307132673084,0.23836985631099875,0.9965599799799052,0.0,0.3228725847959332,2
2022-03-16,1555,1858.09,4503.12,0.06,2782.8,recession,623.0,0.2,247.12,57.88,1,257.38,94,0,208.69,1739.83,Salary,1239.72,Transportation,Positive,42.3,Low,0.0,0,2022-03-01,2.4235209274039473,0.046343424114835934,0.38636101192062394,0.031150267209876813,0.05715592744585976,1
2022-04-15,1271,4997.38,2319.97,0.18,2128.55,inflation,655.0,0.12,444.34,118.77,6,901.4,47,0,174.98,2897.18,Salary,636.95,Groceries,Positive,44.4,Low,2677.41,1,2022-04-01,0.46423726032440993,0.07542338909554865,1.248800631042643,0.02376645362169777,0.38853950697638334,1
2022-05-15,1413,2854.16,1645.38,0.08,2502.23,normal,730.0,0.52,707.1,262.25,3,1589.81,67,0,670.63,2737.48,Salary,1346.13,Healthcare,Negative,18.0,Medium,1208.78,0,2022-05-01,0.5764848501835917,0.40758365848618555,1.6637372521849054,0.09188342629705414,0.9662266467320618,2
2022-06-14,1673,3782.21,2551.49,0.36,2287.92,normal,750.0,0.14,807.98,250.77,9,1213.58,82,0,600.05,2790.46,Salary,935.81,Groceries,Negative,61.4,Low,1230.72,0,2022-06-01,0.6746029437815456,0.23517630874508622,1.0936589992514179,0.06630250567789732,0.4756358049610228,1
2022-07-14,1730,3818.92,3635.17,0.26,3330.9,normal,726.0,0.49,640.65,381.22,5,1958.3,55,0,619.18,3534.5,Salary,1542.16,Entertainment,Neutral,85.3,High,183.75,0,2022-07-01,0.9518843023682089,0.17033041095739676,0.9723066596610337,0.09982403402008945,0.5387093313380117,3
2022-08-13,1293,2700.91,4011.93,0.13,2679.08,recession,683.0,0.52,668.94,537.73,1,1114.84,72,0,483.02,2990.74,Salary,1219.09,Groceries,Positive,39.4,Medium,0.0,0,2022-08-01,1.4853993653990691,0.12039591917107227,0.7454616605972686,0.1990921578282875,0.2778812192635465,2
2022-09-12,1798,3786.2,2024.35,0.3,3090.69,recession,710.0,0.59,352.4,0.0,5,1536.06,74,0,589.81,1743.09,Salary,1417.56,Entertainment,Positive,56.2,High,1761.85,0,2022-09-01,0.534665363689187,0.2913577197618989,0.8610615753204732,0.0,0.7587917109195544,3
2022-10-12,1009,3964.49,2834.72,0.11,2030.89,normal,692.0,0.54,411.44,415.3,7,709.75,32,0,270.06,2844.87,Salary,1131.61,Dining Out,Negative,18.2,Low,1129.77,0,2022-10-01,0.7150276580341985,0.09526866851047018,1.0035806005531411,0.10475496217672388,0.2503774623243213,1
2022-11-11,1602,2405.71,4562.28,0.13,2952.5,recession,741.0,0.58,584.54,483.62,2,0.0,65,0,823.89,2617.82,Mixed,1571.02,Entertainment,Positive,45.9,Low,0.0,0,2022-11-01,1.8964380577875137,0.18058733790999237,0.5737964351157755,0.201030049340943,0.0,1
2022-12-11,1638,2893.05,3359.5,0.37,2817.27,normal,630.0,0.44,419.05,248.32,2,1374.7,98,0,554.53,1978.6,Salary,1698.36,Utilities,Negative,93.5,High,0.0,0,2022-12-01,1.1612312265602045,0.16506325346033635,0.5889566899836285,0.08583329012633725,0.4091977972912636,3
2023-01-10,1459,2375.83,3830.76,0.16,2702.52,recession,770.0,0.56,377.91,113.83,9,1837.28,96,0,602.28,2283.85,Freelance,1840.75,Insurance,Positive,47.2,Medium,0.0,0,2023-01-01,1.6123880917405709,0.15722206559533877,0.5961871795675009,0.04791167718228998,0.47961240067245137,2
2023-02-09,1101,3990.26,3417.6,0.29,2366.65,normal,729.0,0.48,750.97,32.31,6,884.79,35,0,645.85,1000.0,Salary,1462.86,Insurance,Negative,97.9,Low,572.66,0,2023-02-01,0.8564855422954895,0.18897764513108614,0.29260299625468167,0.008097216722719822,0.25889220505617977,1
2023-03-11,1539,3284.09,4333.5,0.28,3483.4,normal,736.0,0.5,1097.54,0.0,5,872.36,71,0,850.61,3370.79,Salary,1373.45,Healthcare,Negative,97.3,Medium,0.0,0,2023-03-01,1.3195436178667455,0.19628706588208147,0.7778446982808354,0.0,0.20130610361139956,2
2023-04-10,1140,4354.88,3047.64,0.39,3570.99,normal,689.0,0.15,798.98,579.1,8,487.17,26,0,336.67,2753.24,Salary,1247.01,Entertainment,Neutral,14.2,Medium,1307.24,0,2023-04-01,0.6998218090969212,0.11046908427504562,0.9034006641204342,0.13297725769711222,0.1598515572705438,2
2023-05-10,1968,3645.58,2968.09,0.33,2949.09,normal,746.0,0.3,570.83,152.15,1,2008.19,76,0,779.02,1876.21,Salary,1375.32,Dining Out,Neutral,88.4,High,677.49,0,2023-05-01,0.8141612582908618,0.2624650869751254,0.632127058141768,0.04173547144761602,0.6765933647564595,3
2023-06-09,1999,4728.44,1798.07,0.27,3081.71,normal,755.0,0.42,476.9,373.93,4,831.68,87,0,289.86,2583.3,Salary,1572.94,Entertainment,Positive,50.2,Low,2930.37,0,2023-06-01,0.3802670648247625,0.16120618218423088,1.4367071359846948,0.07908104998688786,0.46254039052984586,1
2023-07-09,1242,6435.12,5077.7,0.07,2607.25,normal,802.0,0.34,829.01,0.0,9,1636.82,75,0,691.55,2624.96,Salary,1690.72,Education,Positive,35.4,Low,1357.42,0,2023-07-01,0.7890606546575666,0.13619355219883017,0.5169584654469543,0.0,0.32235460937038424,1
2023-08-08,1474,2835.33,3496.97,0.07,2906.09,recession,578.0,0.47,1142.46,630.17,5,503.58,49,0,319.4,3108.26,Salary,1646.87,Entertainment,Positive,45.4,Low,0.0,0,2023-08-01,1.233355552969143,0.09133621392233848,0.8888437704641448,0.2222563158433057,0.14400466689734256,1
2023-09-07,1245,2709.73,1843.03,0.07,2555.46,inflation,706.0,0.54,1054.09,0.0,8,740.88,88,0,668.16,2216.13,Salary,407.91,Investments,Negative,31.2,Low,866.7,0,2023-09-01,0.6801526351333896,0.3625334367861619,1.2024383759352806,0.0,0.4019902009191386,1
2023-10-07,1770,3151.96,2472.65,0.15,2128.48,normal,656.0,0.12,795.81,194.65,2,1152.45,29,0,131.05,1802.04,Salary,1549.68,Entertainment,Positive,29.2,High,679.31,0,2023-10-01,0.7844801329966117,0.052999818009018665,0.7287889511253108,0.061755225320118276,0.46607890320101913,3
2023-11-06,1897,4253.97,2055.75,0.35,3253.34,normal,646.0,0.56,420.35,477.02,8,682.06,87,0,692.93,2005.84,Salary,1007.35,Dining Out,Positive,28.7,Low,2198.22,0,2023-11-01,0.4832544658283909,0.3370691961571202,0.9757217560501034,0.11213525248179934,0.3317815882281406,1
2019-01-01,1355,4101.23,3030.0,0.19,3292.83,normal,680.0,0.24,249.2,595.33,6,1218.43,84,0,951.43,2533.75,Salary,618.07,Investments,Positive,70.0,Low,1071.23,0,2019-01-01,0.7388027494190768,0.314003300330033,0.8362211221122112,0.14515889135698318,0.4021221122112211,1
2019-01-31,1141,4410.45,2844.18,0.26,3512.81,recession,689.0,0.4,279.1,91.01,5,1908.12,62,0,544.12,2362.86,Salary,1445.02,Rent,Negative,25.4,Low,1566.27,0,2019-01-01,0.6448729721456994,0.1913099733490848,0.830770204417442,0.020635082587944543,0.6708858089150476,1
2019-03-02,1338,3507.87,3621.6,0.33,2824.73,normal,664.0,0.45,469.28,93.11,9,1284.78,89,0,461.26,2388.92,Salary,1815.33,Transportation,Positive,94.1,High,0.0,0,2019-03-01,1.0324213839167358,0.12736359620057433,0.6596311022752375,0.026543172922599754,0.35475480450629554,3
2019-04-01,1059,4785.37,3996.0,0.26,2222.7,normal,678.0,0.18,646.78,470.94,5,705.59,85,1,380.52,2042.11,Salary,675.21,Investments,Negative,70.6,Medium,789.37,0,2019-04-01,0.8350451480240818,0.09522522522522522,0.5110385385385385,0.09841245295557084,0.17657407407407408,2
2019-05-01,1456,4192.29,3483.32,0.21,1815.62,normal,727.0,0.54,684.8,355.79,5,1170.23,65,0,511.19,1517.52,Salary,1655.62,Groceries,Positive,97.8,Medium,708.97,0,2019-05-01,0.8308871762211107,0.1467536717843896,0.43565334221375007,0.08486769760679724,0.3359524821147641,2
2019-05-31,1919,3911.17,2421.84,0.25,3203.99,normal,721.0,0.47,545.84,426.5,4,984.89,94,0,505.98,2212.8,Mixed,1256.08,Utilities,Positive,53.6,Low,1489.33,0,2019-05-01,0.619211131196036,0.208923793479338,0.9136854622931325,0.10904665355890948,0.40667013510388794,1
2019-06-30,1713,3862.71,4210.65,0.38,3700.72,normal,687.0,0.59,513.71,349.36,5,925.57,33,0,457.18,2246.71,Salary,2098.0,Insurance,Positive,96.6,Low,0.0,0,2019-06-01,1.0900766560264683,0.10857706054884639,0.5335779511476851,0.09044427357994776,0.21981641789272444,1
2019-07-30,1617,1997.54,3821.97,0.3,2459.79,normal,630.0,0.15,757.25,403.64,4,302.41,30,0,456.75,3396.58,Freelance,748.41,Insurance,Negative,10.0,Low,0.0,0,2019-07-01,1.9133384062396748,0.1195064325465663,0.8886987600635274,0.2020685443095007,0.07912411662048631,1
2019-08-29,1683,4162.16,2769.09,0.29,2095.87,normal,677.0,0.51,296.51,73.28,4,921.09,54,0,158.12,2358.79,Freelance,1055.29,Dining Out,Positive,94.2,High,1393.07,0,2019-08-01,0.6653011897668519,0.057101791563293355,0.8518285790638801,0.01760624291233398,0.33263274216439337,3
2019-09-28,1650,4234.68,3186.99,0.4,2816.06,normal,715.0,0.15,522.77,561.25,9,1507.11,97,0,532.01,2005.38,Mixed,2215.04,Investments,Neutral,36.0,Low,1047.69,0,2019-09-01,0.7525928759670151,0.16693180712835623,0.6292395018497078,0.13253657891505377,0.47289448664727535,1
2019-10-28,1104,2087.6,2099.66,0.1,3183.14,normal,761.0,0.16,793.61,543.97,2,786.51,84,0,628.15,2384.62,Freelance,1223.87,Groceries,Positive,62.8,High,0.0,0,2019-10-01,1.0057769687679632,0.2991674842593563,1.1357172113580294,0.26057194864916655,0.37458921920691923,3
2019-11-27,1843,4006.74,2535.16,0.27,3170.18,normal,678.0,0.37,353.23,25.12,9,793.84,73,0,47.1,2894.44,Salary,1618.72,Transportation,Negative,67.1,Low,1471.58,0,2019-11-01,0.6327238602954023,0.018578709036116064,1.1417188658703987,0.006269436000339429,0.3131321100048912,1
2019-12-27,1621,3680.45,4042.22,0.27,3495.84,recession,660.0,0.34,249.96,355.59,7,466.37,46,0,762.98,1995.76,Salary,1419.3,Insurance,Negative,91.1,Low,0.0,0,2019-12-01,1.0982950454428126,0.18875271509220182,0.49372869363864413,0.09661590294665054,0.11537471983217144,1
2020-01-26,1531,4300.36,2324.91,0.37,2274.58,inflation,652.0,0.16,472.14,71.94,1,1484.18,56,0,695.22,1484.24,Salary,1259.46,Transportation,Neutral,69.4,Low,1975.45,0,2020-01-01,0.5406314820154592,0.2990309302295573,0.6384075082476312,0.016728832004762394,0.6383817007970202,1
2020-02-25,1339,4756.98,3296.33,0.21,3536.16,normal,667.0,0.57,822.74,290.63,5,753.3,91,0,602.1,2163.03,Salary,1326.26,Education,Positive,34.5,Medium,1460.65,0,2020-02-01,0.6929459446960047,0.18265768293829807,0.6561934029663293,0.06109548495053585,0.2285268768600231,2
2020-03-26,1238,3122.86,2184.06,0.07,2212.28,inflation,621.0,0.51,721.92,425.67,7,147.28,35,0,570.52,2395.42,Salary,1212.26,Healthcare,Negative,43.7,Low,938.8,0,2020-03-01,0.6993781341462633,0.2612199298554069,1.096773898152981,0.13630774354277808,0.06743404485224765,1
2020-04-25,1040,3723.09,1632.99,0.33,2708.52,normal,695.0,0.15,915.97,349.9,9,0.0,52,0,677.64,3467.09,Salary,1127.74,Healthcare,Positive,43.0,Low,2090.1,0,2020-04-01,0.4386114759514274,0.4149688608013521,2.123154458998524,0.09398107485986101,0.0,1
2020-05-25,1696,3630.66,4270.29,0.18,2689.16,normal,663.0,0.25,861.83,811.23,1,1224.27,30,0,686.64,2087.13,Salary,1932.18,Dining Out,Positive,48.7,Low,0.0,0,2020-05-01,1.176174579828461,0.1607947001257526,0.48875603296263254,0.22343871362231663,0.2866948146378817,1
2020-06-24,1203,3319.73,3580.7,0.07,3156.8,normal,699.0,0.16,747.57,436.94,4,1090.46,40,0,840.65,2106.79,Salary,1258.39,Investments,Negative,38.9,High,0.0,0,2020-06-01,1.0786118148162651,0.234772530510794,0.5883737816628034,0.1316191377009576,0.30453821878403664,3
2020-07-24,1803,3395.53,4296.04,0.09,3317.84,normal,734.0,0.36,731.32,663.91,3,1020.78,66,0,350.91,2171.5,Salary,622.98,Transportation,Positive,63.0,Medium,0.0,0,2020-07-01,1.2652045483326608,0.08168220035195203,0.505465498459046,0.19552470453802498,0.237609519464437,2
2020-08-23,1050,4968.79,2489.33,0.31,2163.18,normal,720.0,0.17,544.89,762.92,3,1604.43,69,0,496.38,1287.39,Salary,769.21,Utilities,Neutral,84.6,Medium,2479.46,1,2020-08-01,0.500993199551601,0.19940305222690444,0.5171632527627916,0.1535424117340439,0.6445228234103153,2
2020-09-22,1285,3252.32,4162.83,0.13,2439.14,recession,804.0,0.42,293.13,423.06,7,1022.41,67,0,625.32,2060.34,Salary,854.35,Groceries,Neutral,12.8,Low,0.0,0,2020-09-01,1.2799570767944113,0.15021511808072874,0.4949373383011077,0.13007945097653367,0.24560455267210046,1
2020-10-22,1103,4627.55,3493.56,0.29,2585.87,inflation,667.0,0.58,701.2,666.92,6,587.97,45,0,511.37,2305.76,Freelance,1276.51,Entertainment,Positive,84.0,Low,1133.99,0,2020-10-01,0.7549480826787393,0.14637504436735022,0.6600029769060787,0.14411945846074056,0.16830110260021297,1
2020-11-21,1748,4189.94,3390.29,0.14,2765.45,normal,694.0,0.46,349.39,538.44,4,131.29,25,0,457.51,2280.0,Salary,1688.33,Healthcare,Positive,50.9,High,799.65,0,2020-11-01,0.8091500116946783,0.13494715791274492,0.6725088414265447,0.1285078067943694,0.03872530078547853,3
2020-12-21,1701,4649.62,3809.51,0.27,2791.13,normal,655.0,0.25,418.19,283.92,3,1569.4,37,0,222.83,2384.92,Salary,1426.2,Investments,Neutral,93.8,Low,840.11,0,2020-12-01,0.8193164172556038,0.05849308703744051,0.6260437694086641,0.06106305461521587,0.411968993387601,1
2021-01-20,1994,4597.41,3524.85,0.38,2786.29,recession,720.0,0.41,137.21,480.19,1,373.12,38,0,661.53,1490.51,Freelance,1428.58,Insurance,Negative,10.1,Low,1072.56,0,2021-01-01,0.7667034264944828,0.18767607132218392,0.42285771025717406,0.10444793916574767,0.10585414982197824,1
2021-02-19,1171,5030.81,2784.06,0.33,2355.92,inflation,664.0,0.37,655.7,599.52,8,383.2,47,1,550.36,2244.91,Salary,1236.95,Rent,Negative,70.8,Low,2246.75,0,2021-02-01,0.5534019372625879,0.1976825212100314,0.8063439724718576,0.11916967645369234,0.1376407117662694,1
2021-03-21,1011,3419.44,4156.88,0.06,3276.0,normal,721.0,0.36,626.2,0.0,7,1212.12,91,0,579.69,1418.2,Salary,1127.28,Rent,Negative,90.7,Medium,0.0,0,2021-03-01,1.2156610439136233,0.13945314755297242,0.3411693385423683,0.0,0.29159369527145357,2
2021-04-20,1739,5537.14,4005.47,0.37,2762.2,recession,650.0,0.42,397.25,587.07,5,494.49,61,0,506.1,1085.07,Salary,1913.06,Insurance,Positive,55.4,High,1531.67,0,2021-04-01,0.7233824682056079,0.12635221334824628,0.27089704828646827,0.1060240485160209,0.12345367709657044,3
2021-05-20,1581,1024.42,2498.8,0.32,2382.24,recession,660.0,0.22,521.61,104.59,3,488.82,22,0,263.01,1919.07,Salary,1113.34,Dining Out,Neutral,6.1,Low,0.0,0,2021-05-01,2.439233907967435,0.10525452217064189,0.7679966383864254,0.10209679623591886,0.1956218985112854,1
2021-06-19,1721,2263.72,2028.81,0.3,2249.37,normal,652.0,0.54,745.09,472.97,6,1208.49,41,0,351.61,2163.05,Salary,1103.58,Education,Negative,37.0,Low,234.91,0,2021-06-01,0.8962283321258814,0.17330849118448746,1.0661668662910773,0.20893485059989755,0.5956644535466604,1
2021-07-19,1187,3239.67,4285.87,0.11,3142.04,normal,678.0,0.57,523.94,330.96,8,1462.98,62,0,722.76,1516.43,Salary,1254.39,Dining Out,Positive,52.5,Low,0.0,0,2021-07-01,1.3229341260066612,0.16863787282395407,0.35382081117719394,0.10215855318597264,0.3413495976312861,1
2021-08-18,1651,6415.64,2198.36,0.08,2991.91,normal,685.0,0.49,275.76,288.9,9,1055.23,63,0,625.52,2639.27,Salary,465.35,Insurance,Positive,50.4,Low,4217.28,1,2021-08-01,0.3426563834629125,0.28453938390436506,1.2005631470732727,0.04503058151641925,0.48000782401426517,1
2021-09-17,1311,3157.9,4246.12,0.19,1918.56,normal,687.0,0.35,637.41,391.21,3,950.65,40,0,706.49,3127.26,Salary,1092.38,Utilities,Positive,10.0,High,0.0,0,2021-09-01,1.344602425662624,0.1663848407487306,0.7364982619426678,0.12388296019506634,0.22388674837263195,3
2021-10-17,1635,3003.31,2934.01,0.29,3305.74,normal,709.0,0.51,404.79,472.86,4,842.27,67,0,467.02,1701.51,Salary,1887.49,Entertainment,Positive,67.3,Low,69.3,0,2021-10-01,0.9769254589103357,0.15917464493986044,0.5799264487851098,0.15744628426635945,0.2870712778756718,1
2021-11-16,1164,4150.9,4123.76,0.31,2104.0,normal,590.0,0.45,549.6,238.21,1,1217.5,26,0,451.85,1494.24,Freelance,1148.66,Education,Neutral,87.4,Medium,27.14,0,2021-11-01,0.9934616589173434,0.10957233204648185,0.36234892428269344,0.057387554506251666,0.29524026616485927,2
2021-12-16,1047,3547.88,2115.9,0.11,2707.6,normal,587.0,0.26,841.81,246.74,4,1984.13,58,0,613.72,1419.37,Freelance,779.73,Groceries,Negative,50.9,Medium,1431.98,0,2021-12-01,0.5963843196500446,0.29005151472186774,0.670811475022449,0.06954575690271374,0.9377238999952738,2
2022-01-15,1102,3048.19,1902.72,0.34,3482.33,recession,642.0,0.46,461.36,436.21,2,1046.34,98,0,313.26,3397.72,Salary,1379.39,Investments,Positive,60.1,Low,1145.47,0,2022-01-01,0.624213057584993,0.1646379919273461,1.785717288933737,0.14310459649824978,0.5499180121089807,1
2022-02-14,1995,4650.06,3652.85,0.15,3181.53,inflation,617.0,0.34,205.57,47.26,1,1317.32,43,0,470.11,2388.92,Salary,1189.51,Investments,Positive,31.3,Low,997.21,0,2022-02-01,0.7855490036687698,0.1286967710144134,0.653987981986668,0.010163309720734785,0.3606280027923402,1
2022-03-16,1572,4858.69,2473.39,0.29,2312.35,normal,671.0,0.25,376.61,237.36,7,1071.11,91,0,647.69,1330.85,Salary,1071.98,Investments,Positive,9.0,Low,2385.3,1,2022-03-01,0.5090652007022469,0.2618632726743458,0.5380671871399173,0.04885267428051595,0.4330534206089618,1
2022-04-15,1951,4883.15,1964.43,0.33,2724.21,normal,674.0,0.27,298.29,188.33,1,847.63,51,0,358.38,2353.55,Salary,1836.5,Healthcare,Positive,41.0,High,2918.72,1,2022-04-01,0.40228745789091064,0.1824345993494296,1.1980829044557455,0.03856731822696416,0.4314890324419806,3
2022-05-15,1700,5125.82,4054.06,0.32,3208.68,recession,707.0,0.37,458.39,115.83,9,1183.86,63,0,419.58,2164.34,Salary,791.77,Dining Out,Positive,74.6,Medium,1071.76,0,2022-05-01,0.7909095520326505,0.10349624820550263,0.5338697503243662,0.022597360032150956,0.29201837170638817,2
2022-06-14,1126,5081.45,2971.76,0.31,2869.91,recession,729.0,0.34,494.49,295.8,6,1660.96,99,0,428.96,1843.75,Freelance,1526.15,Education,Positive,1.9,Low,2109.69,0,2022-06-01,0.5848251975322005,0.14434543839340994,0.6204235873691011,0.05821173090358067,0.558914582604248,1
2022-07-14,1557,2919.48,2922.42,0.1,3109.74,normal,657.0,0.13,556.99,72.58,2,838.24,84,0,277.96,3019.35,Salary,994.71,Groceries,Positive,31.3,Medium,0.0,0,2022-07-01,1.0010070286489374,0.09511295433236837,1.0331677171659104,0.024860591612204913,0.2868307772325675,2
2022-08-13,1666,6090.97,3400.06,0.13,2199.45,normal,627.0,0.44,522.38,629.31,6,810.0,41,0,388.33,1626.65,Freelance,844.15,Transportation,Negative,92.1,Low,2690.91,1,2022-08-01,0.5582132238379108,0.11421269036428769,0.47841802791715443,0.10331851905361542,0.23823109003958753,1
2022-09-12,1000,2532.54,2400.73,0.14,2374.16,normal,580.0,0.43,599.3,759.65,6,1115.43,91,0,500.86,1689.52,Freelance,1632.85,Insurance,Positive,84.4,Low,131.81,0,2022-09-01,0.9479534380503368,0.2086282089197869,0.7037526085815564,0.29995577562447184,0.46462117772510864,1
2022-10-12,1224,3550.25,3313.66,0.12,2045.98,inflation,673.0,0.59,639.13,0.0,4,688.51,74,0,442.26,2363.54,Salary,1338.92,Rent,Neutral,86.8,High,236.59,0,2022-10-01,0.9333596225617914,0.13346571464785162,0.7132717297489785,0.0,0.20777931350832615,3
2022-11-11,1551,3188.44,1373.62,0.21,3168.85,normal,539.0,0.17,464.12,287.32,6,493.11,48,0,499.78,1707.82,Salary,1662.84,Rent,Neutral,66.4,Medium,1814.82,0,2022-11-01,0.4308125603743523,0.36384152822469096,1.2432987289061022,0.09011303333291515,0.35898574569386005,2
2022-12-11,1473,4802.07,2515.47,0.39,2934.91,normal,658.0,0.45,381.82,483.27,9,1364.88,50,0,797.62,2228.62,Salary,2006.15,Healthcare,Positive,38.9,Low,2286.6,0,2022-12-01,0.523830348162355,0.3170858726202261,0.8859656445912693,0.10063784992721889,0.5425944256938068,1
2023-01-10,1358,3267.69,2765.28,0.35,2498.62,normal,637.0,0.53,237.34,395.18,1,710.11,66,0,628.27,1497.04,Freelance,1177.72,Dining Out,Positive,19.6,High,502.41,0,2023-01-01,0.8462491852042269,0.22719941561071572,0.5413701325001447,0.12093558446486662,0.25679497193774226,3
2023-02-09,1207,4227.92,3598.62,0.26,3124.86,inflation,663.0,0.45,508.15,137.85,1,44.07,23,0,342.23,2495.07,Salary,1443.93,Healthcare,Positive,51.5,Medium,629.3,0,2023-02-01,0.8511561240515431,0.09510034402076352,0.6933407806325759,0.032604685046074666,0.012246361105090284,2
2023-03-11,1333,3838.57,3460.7,0.24,2920.09,inflation,694.0,0.24,340.26,276.33,1,1625.77,61,0,417.09,2396.69,Salary,896.66,Groceries,Positive,83.3,Low,377.87,0,2023-03-01,0.9015596954074042,0.12052185973935908,0.6925448608662987,0.07198774543645159,0.46978068020920627,1
2023-04-10,1790,3742.51,1792.88,0.29,2287.65,normal,796.0,0.35,99.87,296.28,7,1396.23,23,0,658.09,1979.17,Salary,1504.94,Education,Positive,47.9,Medium,1949.63,0,2023-04-01,0.4790581721892527,0.36705747177725223,1.1039054482173931,0.07916612113260885,0.7787637767167909,2
2023-05-10,1673,4611.4,3742.02,0.12,2915.82,inflation,634.0,0.43,205.84,462.3,3,0.0,59,0,123.18,2582.15,Salary,1399.46,Investments,Positive,46.8,High,869.38,0,2023-05-01,0.811471570455827,0.032918049609569164,0.6900417421606512,0.10025155050526956,0.0,3
2023-06-09,1692,4930.42,2902.08,0.31,2682.24,normal,573.0,0.34,738.85,467.89,8,866.16,85,0,160.07,2534.18,Salary,1906.96,Healthcare,Negative,68.6,Low,2028.34,0,2023-06-01,0.5886070557883507,0.055156990847943545,0.8732288565442716,0.09489860904344863,0.29846179292093944,1
2023-07-09,1371,4209.37,2557.44,0.21,3182.91,normal,676.0,0.51,717.16,434.54,5,908.53,78,0,731.13,2444.06,Salary,300.0,Transportation,Neutral,94.6,Medium,1651.93,0,2023-07-01,0.6075588508494145,0.2858835397897898,0.9556666041041041,0.103231599978144,0.355249781031031,2
2023-08-08,1799,5678.31,1290.51,0.38,2190.38,recession,771.0,0.11,683.47,514.8,7,1266.86,42,0,434.06,1750.29,Salary,757.71,Utilities,Neutral,93.8,High,4387.8,1,2023-08-01,0.22727008564167858,0.3363476455044905,1.3562777506567172,0.09066077759051547,0.9816739118643016,3
2023-09-07,1600,4659.99,2157.74,0.07,2990.66,normal,628.0,0.49,310.6,161.55,5,1057.63,82,0,309.33,2229.73,Freelance,789.66,Utilities,Positive,9.4,Low,2502.25,0,2023-09-01,0.46303532840199224,0.14335832862161335,1.0333636119272944,0.03466745636793212,0.49015636731024137,1
2023-10-07,1821,3971.76,3619.08,0.16,3010.36,normal,621.0,0.15,553.5,349.9,2,1257.7,36,0,233.1,1880.56,Mixed,1066.62,Rent,Positive,64.9,Low,352.68,0,2023-10-01,0.9112030938425282,0.06440863423853577,0.519623771787305,0.08809696456986323,0.3475192590382086,1
2023-11-06,1355,3512.92,2574.23,0.07,3035.28,recession,620.0,0.52,937.52,376.35,9,1263.92,76,0,784.23,2539.04,Salary,1150.84,Education,Negative,69.9,Low,938.69,0,2023-11-01,0.7327892465527254,0.30464643796397367,0.9863298928223196,0.10713309725242819,0.4909895386193153,1
2019-01-01,1346,2569.35,2413.51,0.24,3130.67,normal,610.0,0.44,644.92,852.58,6,634.96,30,0,442.93,1584.51,Salary,1666.78,Healthcare,Negative,83.2,Medium,155.84,0,2019-01-01,0.9393465273318156,0.18352109583138249,0.6565168571913934,0.33182711580749996,0.26308571333866443,2
2019-01-31,1728,4728.6,3526.07,0.26,3004.27,inflation,723.0,0.53,683.77,0.0,4,989.76,76,0,462.5,1476.23,Salary,1058.97,Insurance,Negative,49.4,Low,1202.53,0,2019-01-01,0.7456900562534365,0.1311658588740439,0.4186615693959564,0.0,0.2806977740090242,1
2019-03-02,1072,3983.19,3076.82,0.19,2797.53,normal,710.0,0.54,260.0,638.45,2,1171.68,46,0,504.26,3512.78,Freelance,853.99,Education,Positive,14.4,Low,906.37,0,2019-03-01,0.7724512262784351,0.16388999031467552,1.1416917466735135,0.16028610234510532,0.38080875709336265,1
2019-04-01,1461,4471.72,2993.6,0.31,3174.48,normal,669.0,0.4,635.23,548.29,4,513.41,60,0,133.24,2743.68,Salary,1260.0,Entertainment,Neutral,58.9,Medium,1478.12,0,2019-04-01,0.6694515756800514,0.04450828433992518,0.9165152324959914,0.12261277539738623,0.1715025387493319,2
2019-05-01,1799,2926.23,3189.69,0.35,3652.69,inflation,706.0,0.48,476.11,562.63,9,1446.15,66,0,590.05,2614.63,Salary,1421.6,Dining Out,Neutral,92.8,High,0.0,0,2019-05-01,1.0900339344480783,0.18498662879464775,0.819712887459283,0.1922712842121091,0.45338261711953204,3
2019-05-31,1799,3367.67,3027.11,0.23,2407.37,normal,644.0,0.16,506.29,175.71,6,1058.45,25,0,114.41,2207.73,Salary,946.44,Investments,Negative,26.9,Low,340.56,0,2019-05-01,0.8988737019957419,0.037795124722920535,0.7293193838347466,0.05217553976488195,0.3496569335108404,1
2019-06-30,1074,3162.57,2665.74,0.34,2614.07,recession,664.0,0.26,613.3,0.0,7,233.22,66,0,553.23,2635.55,Salary,328.91,Entertainment,Positive,48.3,Medium,496.83,0,2019-06-01,0.8429030819871179,0.20753336784532628,0.9886748144980382,0.0,0.08748790204596098,2
2019-07-30,1122,2652.02,3580.11,0.2,2741.46,recession,560.0,0.21,242.58,489.43,7,145.61,99,0,533.87,2170.59,Salary,1908.38,Utilities,Positive,16.9,Medium,0.0,0,2019-07-01,1.349955882685651,0.1491211163902785,0.6062914267997352,0.18454989027232072,0.0406719346612255,2
2019-08-29,1695,4567.52,3845.59,0.21,1995.9,recession,694.0,0.37,313.88,0.0,6,0.0,22,0,311.83,1904.77,Freelance,1376.42,Entertainment,Positive,18.5,Low,721.93,0,2019-08-01,0.8419426734858303,0.08108768745498089,0.49531281285836504,0.0,0.0,1
2019-09-28,1549,3972.99,2917.83,0.34,2605.37,normal,637.0,0.6,638.22,592.83,7,1511.13,24,0,492.63,2386.09,Salary,956.17,Utilities,Positive,50.5,Low,1055.16,0,2019-09-01,0.7344166484184456,0.16883437348988803,0.8177618298530073,0.14921507479253662,0.517895148106641,1
2019-10-28,1384,3767.92,2947.55,0.14,2901.28,normal,734.0,0.55,623.48,353.36,9,0.0,27,0,642.29,2473.28,Salary,1313.75,Dining Out,Negative,48.6,Medium,820.37,0,2019-10-01,0.782275101382195,0.2179063968380519,0.839096877067395,0.09378118431389201,0.0,2
2019-11-27,1904,2962.46,2467.07,0.36,2794.86,normal,708.0,0.23,606.19,521.2,3,747.81,72,0,433.31,1715.5,Mixed,1643.78,Utilities,Negative,61.4,Medium,495.39,0,2019-11-01,0.8327774889787541,0.1756374971119587,0.6953592723351992,0.17593486494332414,0.3031166525473537,2
2019-12-27,1906,2711.24,3801.96,0.11,2930.94,normal,537.0,0.35,367.32,613.5,2,684.86,47,0,699.68,2596.14,Salary,557.3,Education,Negative,4.1,Medium,0.0,0,2019-12-01,1.402295628568478,0.18403139433344906,0.682842533850961,0.2262802260220416,0.18013340487538007,2
2020-01-26,1532,3451.22,3040.58,0.05,2756.09,recession,682.0,0.29,687.35,289.85,1,368.52,57,0,220.69,1325.09,Salary,1375.44,Investments,Positive,1.3,Low,410.64,0,2020-01-01,0.8810159885489769,0.07258154694170191,0.43580172203987394,0.08398479378306803,0.12120056041939367,1
2020-02-25,1532,3584.44,2089.59,0.1,3000.28,normal,683.0,0.38,575.35,114.79,1,847.45,36,0,609.59,1257.64,Salary,1235.56,Insurance,Positive,7.1,High,1494.85,0,2020-02-01,0.582961355190769,0.29172708521767426,0.6018596949640839,0.03202452823872069,0.4055580281299202,3
2020-03-26,1378,3311.26,3268.93,0.4,3357.18,inflation,681.0,0.15,799.71,304.55,3,1281.47,80,0,676.19,3378.95,Salary,492.36,Education,Positive,81.9,Low,42.33,0,2020-03-01,0.9872163466474996,0.2068536187682208,1.0336562728476901,0.09197405217349287,0.3920151242149572,1
2020-04-25,1571,3722.17,2698.77,0.29,3200.6,normal,673.0,0.32,357.42,981.94,6,549.38,20,0,349.02,1780.53,Salary,1344.85,Dining Out,Negative,54.8,High,1023.4,0,2020-04-01,0.7250528589505584,0.12932558165386454,0.6597561111172867,0.2638084773129653,0.20356681006532606,3
2020-05-25,1637,2916.51,4177.55,0.34,2916.39,recession,693.0,0.13,710.41,519.06,9,1927.13,47,1,367.37,2327.68,Salary,1142.59,Dining Out,Negative,12.5,Low,0.0,0,2020-05-01,1.4323797964004923,0.08793910306279996,0.557187825400055,0.17797298826336955,0.4613062680279111,1
2020-06-24,1848,3333.37,2180.6,0.39,2037.64,normal,539.0,0.31,684.04,162.15,6,1181.15,64,0,217.87,2597.31,Salary,1014.64,Transportation,Positive,79.4,Low,1152.77,0,2020-06-01,0.6541728040991549,0.0999128680179767,1.1910987801522517,0.04864446491088598,0.5416628450885078,1
2020-07-24,1936,4296.91,3992.8,0.28,1763.57,normal,684.0,0.58,534.15,30.56,8,1217.01,99,0,354.82,2506.34,Salary,1810.51,Investments,Positive,84.1,Medium,304.11,0,2020-07-01,0.9292258855782412,0.08886495692246042,0.6277148867962332,0.00711208752335981,0.30480114205570025,2
2020-08-23,1319,4463.12,3352.59,0.27,2790.5,normal,680.0,0.16,363.01,510.04,2,891.79,82,0,560.57,2589.95,Freelance,1522.59,Entertainment,Positive,50.8,Medium,1110.53,0,2020-08-01,0.751176307157325,0.16720505638923938,0.7725221395995334,0.11427880048038144,0.26600031617346587,2
2020-09-22,1661,4415.59,2429.11,0.33,2629.91,normal,633.0,0.55,712.41,149.11,2,503.84,29,0,463.52,2793.27,Salary,1314.2,Groceries,Positive,55.3,Low,1986.48,0,2020-09-01,0.550121274846623,0.19081885958231615,1.149914989440577,0.03376898670392858,0.20741753152389145,1
2020-10-22,1596,3861.81,2592.12,0.29,2372.09,normal,668.0,0.6,233.29,480.43,4,1560.98,57,0,586.51,2156.66,Salary,842.44,Healthcare,Neutral,21.1,Low,1269.69,0,2020-10-01,0.6712189361983112,0.2262665308704844,0.8320062342792772,0.12440539539749496,0.6022020585466723,1
2020-11-21,1400,5003.28,2699.12,0.22,4141.66,normal,648.0,0.38,564.08,177.31,3,2113.51,28,0,440.51,1000.0,Salary,636.0,Utilities,Negative,49.9,Low,2304.16,0,2020-11-01,0.5394701076094083,0.16320504460713123,0.37049112303269216,0.035438752178570856,0.7830366934408253,1
2020-12-21,1027,2492.28,1923.78,0.06,2018.49,normal,721.0,0.54,605.59,499.82,4,1046.86,73,0,334.72,2508.13,Mixed,1288.7,Insurance,Negative,12.1,Low,568.5,0,2020-12-01,0.7718956136549665,0.1739907889675535,1.3037509486531724,0.20054729003161761,0.5441682520870369,1
2021-01-20,1074,5245.26,3743.35,0.07,3510.16,normal,735.0,0.41,688.89,0.0,2,741.2,44,0,452.21,2313.39,Salary,559.78,Rent,Neutral,3.8,Low,1501.91,0,2021-01-01,0.7136633837026191,0.12080355831006985,0.6179999198578813,0.0,0.19800446124460713,1
2021-02-19,1828,5299.85,4050.42,0.15,3354.62,recession,691.0,0.23,760.43,318.75,4,149.72,26,1,497.13,2812.93,Salary,2128.15,Transportation,Neutral,97.1,Low,1249.43,0,2021-02-01,0.7642518184476919,0.12273542003051535,0.6944785972812696,0.06014321160032831,0.036964067923820246,1
2021-03-21,1109,2880.23,2783.31,0.16,2630.59,normal,579.0,0.2,340.58,544.57,8,946.64,98,0,372.26,3117.54,Salary,1131.94,Dining Out,Positive,86.0,Medium,96.92,0,2021-03-01,0.9663499095558341,0.13374722901868638,1.1200836414197484,0.18907170607902843,0.3401130308876841,2
2021-04-20,1079,3679.64,3078.32,0.37,3644.96,normal,720.0,0.57,459.0,628.83,1,1512.55,63,0,652.48,1901.71,Salary,1461.53,Education,Neutral,94.9,Low,601.32,0,2021-04-01,0.83658183952778,0.2119597702643,0.6177752800228696,0.17089443532519488,0.49135567452376616,1
2021-05-20,1196,3260.1,3222.86,0.3,2911.17,normal,755.0,0.18,524.17,399.3,6,488.06,95,0,324.37,2662.79,Salary,1377.67,Education,Neutral,2.6,Low,37.24,0,2021-05-01,0.9885770375141868,0.10064663063241965,0.8262195689542828,0.12248090549369652,0.1514369224849978,1
2021-06-19,1457,3066.8,3840.06,0.12,2773.09,inflation,695.0,0.33,556.83,220.8,5,1032.36,38,0,783.12,2294.0,Freelance,2165.92,Dining Out,Positive,78.6,High,0.0,0,2021-06-01,1.252139037433155,0.20393431352635116,0.5973864991692838,0.07199686970131733,0.2688395493820409,3
2021-07-19,1883,3520.1,3278.29,0.3,3362.57,inflation,612.0,0.33,698.44,643.95,9,717.64,41,0,644.55,1000.0,Freelance,928.72,Rent,Positive,90.6,Low,241.81,0,2021-07-01,0.9313059288088407,0.19661164814583212,0.30503707725674056,0.18293514388795776,0.2189068081225273,1
2021-08-18,1516,4518.64,3513.0,0.1,3411.24,inflation,748.0,0.41,562.12,223.28,7,252.0,30,0,456.72,1632.51,Salary,1193.93,Transportation,Positive,90.9,Low,1005.64,0,2021-08-01,0.7774463112794999,0.13000853970964987,0.4647053800170794,0.04941309774622452,0.07173356105892399,1
2021-09-17,1647,3663.34,4942.26,0.39,2136.8,recession,698.0,0.43,538.51,318.01,5,1486.15,25,0,275.41,3557.41,Salary,2020.6,Insurance,Negative,41.6,Low,0.0,0,2021-09-01,1.3491131044347509,0.055725518285157,0.7197941832279159,0.08680875921972844,0.3007025126156859,1
2021-10-17,1636,2980.47,2028.71,0.26,3034.63,inflation,636.0,0.48,564.09,278.46,7,898.43,84,0,320.36,3010.9,Salary,1347.15,Healthcare,Negative,25.3,Low,951.76,0,2021-10-01,0.6806678141366966,0.15791315663648328,1.4841450971306889,0.09342821769720883,0.4428577766166677,1
2021-11-16,1949,5058.21,3455.74,0.13,2658.0,normal,764.0,0.37,643.06,454.75,1,876.02,65,0,317.55,2044.01,Salary,903.52,Entertainment,Positive,92.4,Low,1602.47,0,2021-11-01,0.6831942525122523,0.09189059362104789,0.591482576814228,0.08990334525454657,0.25349708022015544,1
2021-12-16,1357,3490.4,1740.56,0.33,2935.93,normal,711.0,0.33,499.06,298.12,9,1757.36,84,0,845.24,2526.49,Freelance,1126.48,Insurance,Neutral,21.5,Low,1749.84,0,2021-12-01,0.49867063946825574,0.48561382543549203,1.4515385852828975,0.08541141416456567,1.0096520660017465,1
2022-01-15,1503,3854.83,4228.26,0.32,2872.62,normal,682.0,0.42,36.47,521.62,4,1235.96,23,0,200.59,1570.03,Salary,1397.23,Education,Positive,18.3,High,0.0,0,2022-01-01,1.0968732732701572,0.04744031823965413,0.37131822546390236,0.13531595427035692,0.29230936602763313,3
2022-02-14,1934,4435.67,2745.13,0.39,2523.33,normal,657.0,0.26,474.31,266.21,5,347.33,66,0,474.08,1792.89,Salary,1687.74,Insurance,Neutral,26.9,High,1690.54,0,2022-02-01,0.6188760660734455,0.17269856072390014,0.6531166101423248,0.06001573606693013,0.12652588402006462,3
2022-03-16,1422,4918.09,3302.32,0.14,3646.45,normal,764.0,0.44,468.61,617.36,4,1257.01,70,0,512.05,1832.29,Salary,300.0,Transportation,Neutral,27.4,High,1615.77,0,2022-03-01,0.6714639219697077,0.15505765643547564,0.5548493180551854,0.12552840635287277,0.38064451658228154,3
2022-04-15,1902,4045.61,3043.59,0.23,2666.52,normal,677.0,0.41,528.52,388.06,5,391.04,41,1,695.85,2185.61,Salary,1660.16,Insurance,Positive,86.0,Low,1002.02,0,2022-04-01,0.7523191805438488,0.2286280346564419,0.7181026353746727,0.09592125785728234,0.1284798543824891,1
2022-05-15,1197,3964.43,3081.87,0.16,2881.85,inflation,631.0,0.29,564.16,427.28,7,1152.02,32,0,177.7,1702.61,Salary,1186.26,Utilities,Positive,8.1,Low,882.56,0,2022-05-01,0.7773803548051044,0.05765979746063267,0.5524600323829363,0.10777841959625974,0.37380551418456975,1
2022-06-14,1659,5408.16,3639.44,0.32,2893.05,normal,621.0,0.51,527.64,337.35,2,1117.8,76,0,444.05,1292.95,Salary,1819.46,Education,Positive,87.1,Medium,1768.72,0,2022-06-01,0.6729534629152983,0.12201052909238784,0.35526069944826677,0.06237796219046774,0.30713516365155075,2
2022-07-14,1279,4214.73,2630.2,0.35,3148.72,normal,736.0,0.32,289.09,257.43,8,782.28,37,0,728.23,2262.28,Salary,1473.49,Healthcare,Positive,26.2,Medium,1584.53,0,2022-07-01,0.6240494646157643,0.2768724811801384,0.8601171013611134,0.06107864560719193,0.29742224925861155,2
2022-08-13,1969,2854.76,3294.04,0.31,3307.17,inflation,796.0,0.51,143.92,173.38,5,0.0,52,1,768.8,2605.57,Freelance,1936.37,Education,Positive,50.0,Low,0.0,0,2022-08-01,1.1538763328616064,0.23339121565008317,0.7909952520309408,0.06073365186565595,0.0,1
2022-09-12,1302,3529.0,3043.81,0.37,3252.49,recession,647.0,0.3,525.47,162.99,5,1190.84,22,0,676.86,2367.49,Salary,1240.13,Entertainment,Neutral,76.7,Low,485.19,0,2022-09-01,0.8625134599036555,0.22237261852743767,0.7778047907063844,0.04618588835364126,0.3912333555642435,1
2022-10-12,1328,3584.76,2356.4,0.3,2264.52,normal,706.0,0.15,111.79,859.12,3,927.99,89,0,440.92,1729.53,Mixed,1368.42,Insurance,Positive,32.1,Medium,1228.36,0,2022-10-01,0.6573382876398978,0.18711593956883382,0.7339713121711084,0.2396590008815095,0.3938168392463079,2
2022-11-11,1219,5665.27,2858.91,0.1,2586.39,inflation,565.0,0.21,573.33,302.2,7,751.16,88,0,164.85,1000.0,Salary,794.15,Utilities,Negative,39.6,Medium,2806.36,1,2022-11-01,0.5046379078137493,0.05766183615433854,0.3497836588070279,0.05334255913663426,0.26274349314948703,2
2022-12-11,1658,3920.2,3895.1,0.32,2050.64,normal,643.0,0.1,396.79,268.89,9,562.28,44,0,453.98,2066.76,Salary,1147.76,Groceries,Positive,88.6,High,25.1,0,2022-12-01,0.9935972654456405,0.11655156478652667,0.5306051192523941,0.06859088821998878,0.14435572899283716,3
2023-01-10,1361,4079.33,3367.59,0.06,2544.73,normal,655.0,0.1,614.24,23.08,2,887.29,20,0,527.88,2898.22,Salary,1441.11,Entertainment,Positive,45.8,Low,711.74,0,2023-01-01,0.8255252700811163,0.1567530489162873,0.8606213939345347,0.005657791843268379,0.2634792240147999,1
2023-02-09,1599,3499.44,2556.23,0.2,3279.54,normal,742.0,0.51,556.04,398.46,9,484.9,89,0,387.72,2905.27,Salary,1167.49,Utilities,Positive,14.2,High,943.21,0,2023-02-01,0.7304683034999886,0.15167649233441435,1.13654483360261,0.11386393251491667,0.18969341569420592,3
2023-03-11,1699,3933.54,4137.55,0.34,2897.89,normal,737.0,0.53,578.16,462.6,8,1247.3,32,0,151.32,2959.4,Salary,1791.16,Dining Out,Positive,86.2,Low,0.0,0,2023-03-01,1.0518642240831415,0.036572367705526215,0.7152541963239115,0.11760399029881481,0.3014585926454061,1
2023-04-10,1653,3297.83,2947.02,0.12,2899.12,inflation,700.0,0.39,835.27,404.3,2,877.6,38,0,636.56,3107.6,Salary,793.52,Groceries,Positive,39.0,Low,350.81,0,2023-04-01,0.8936239891079892,0.216001248719045,1.0544889413712835,0.12259576751985397,0.29779234616663613,1
2023-05-10,1410,4529.43,4450.72,0.32,2843.32,normal,706.0,0.3,509.29,314.07,9,1267.85,76,0,68.48,2386.27,Salary,1395.53,Rent,Positive,31.1,Medium,78.71,0,2023-05-01,0.9826225374936802,0.015386274580292627,0.5361537009742243,0.06933985070969194,0.28486402200093464,2
2023-06-09,1221,2276.96,4029.34,0.38,2488.14,inflation,791.0,0.27,556.08,181.76,3,1792.75,98,0,668.93,1924.56,Salary,1099.42,Education,Neutral,1.7,Low,0.0,0,2023-06-01,1.7696138711264142,0.16601478157713173,0.4776365360083785,0.07982573255568828,0.4449239825877191,1
2023-07-09,1876,4342.3,3491.66,0.29,2995.77,normal,615.0,0.21,640.89,352.05,2,452.29,49,0,280.95,1873.48,Salary,1713.66,Utilities,Negative,5.0,Low,850.64,0,2023-07-01,0.8041038159500725,0.08046316078885114,0.5365585423552122,0.08107454574764526,0.12953437619928632,1
2023-08-08,1195,6240.8,2557.1,0.06,3059.61,normal,654.0,0.37,619.81,305.23,3,1124.19,65,0,199.16,2364.27,Salary,1127.04,Dining Out,Neutral,4.3,High,3683.7,1,2023-08-01,0.40973913600820405,0.07788510421962379,0.9245903562629542,0.04890879374439175,0.43963474248171763,3
2023-09-07,1413,3929.97,3000.16,0.19,2972.92,normal,652.0,0.24,334.19,498.13,9,800.62,84,0,141.18,1968.6,Salary,1887.99,Entertainment,Negative,36.6,High,929.81,0,2023-09-01,0.7634053186156637,0.04705749026718575,0.6561650045330916,0.12675160370180943,0.2668591008479548,3
2023-10-07,1126,5446.46,2191.78,0.19,3530.29,normal,615.0,0.11,141.47,522.14,5,1208.54,85,0,614.68,2542.08,Salary,865.5,Investments,Positive,76.3,Low,3254.68,0,2023-10-01,0.40242285815006446,0.2804478551679456,1.1598244349341629,0.09586777466464455,0.5513965817737181,1
2023-11-06,1811,4347.23,3037.27,0.34,3340.02,normal,692.0,0.11,843.25,201.37,4,1815.56,43,0,657.06,2414.84,Salary,921.1,Groceries,Positive,31.4,Low,1309.96,0,2023-11-01,0.6986678873673581,0.21633243010993422,0.795069256272903,0.046321450670886985,0.5977604888600618,1
2019-01-01,1863,3832.25,3462.4,0.32,2411.91,inflation,716.0,0.56,306.51,995.09,3,1317.62,72,0,565.85,1922.92,Salary,1348.0,Utilities,Positive,74.1,Low,369.85,0,2019-01-01,0.9034901167721313,0.16342710258780038,0.5553719963031424,0.25966207841346467,0.38055106284658036,1
2019-01-31,1696,5797.78,2499.48,0.39,2686.42,normal,667.0,0.5,600.4,303.1,6,1213.06,77,0,713.38,2434.2,Salary,590.36,Transportation,Positive,21.3,Medium,3298.3,1,2019-01-01,0.4311098385933927,0.2854113655640373,0.9738825675740553,0.052278630786266475,0.4853249475890985,2
2019-03-02,1858,4073.39,2577.81,0.06,2657.95,inflation,681.0,0.23,313.4,89.1,8,0.0,72,0,780.11,1195.82,Salary,1151.11,Transportation,Positive,5.1,High,1495.58,0,2019-03-01,0.6328414416493388,0.30262509649663866,0.4638898910315345,0.021873672788512762,0.0,3
2019-04-01,1950,3912.01,2694.64,0.1,2761.91,normal,734.0,0.3,278.36,359.04,1,425.24,31,0,526.83,1840.05,Salary,1073.19,Groceries,Positive,24.7,Low,1217.37,0,2019-04-01,0.6888121451632281,0.19551034646557613,0.6828555948104386,0.09177890649563779,0.15780957753169256,1
2019-05-01,1916,4248.25,1743.03,0.11,3136.84,normal,703.0,0.6,904.91,655.24,7,562.98,82,0,12.72,1375.65,Freelance,895.76,Dining Out,Negative,26.3,Low,2505.22,0,2019-05-01,0.4102936503266051,0.007297636873719902,0.7892291010481748,0.15423762725828283,0.3229892772929898,1
2019-05-31,1193,3710.13,1511.35,0.11,1994.69,normal,721.0,0.38,668.29,133.91,4,328.35,72,0,553.63,1222.33,Salary,1453.74,Education,Negative,30.3,Low,2198.78,1,2019-05-01,0.40735769366572055,0.3663148840440666,0.8087669963939524,0.03609307490573106,0.21725609554371922,1
2019-06-30,1553,2931.65,2637.11,0.32,2703.08,recession,675.0,0.34,698.65,538.68,8,762.03,76,0,562.91,2834.94,Salary,1752.25,Education,Neutral,97.6,Low,294.54,0,2019-06-01,0.8995309808469634,0.21345715575004454,1.0750177277398363,0.18374635444203774,0.2889640553484686,1
2019-07-30,1117,5599.06,3041.25,0.33,2498.56,normal,618.0,0.12,312.05,652.46,9,927.27,60,0,601.08,1434.92,Salary,990.14,Insurance,Negative,79.7,High,2557.81,1,2019-07-01,0.5431715323643611,0.1976424167694205,0.47181915330867247,0.11653027472468593,0.3048976572133169,3
2019-08-29,1888,3705.7,3096.15,0.34,3409.55,inflation,789.0,0.28,246.21,383.64,7,520.39,28,0,221.17,1444.1,Mixed,829.53,Education,Positive,91.4,Low,609.55,0,2019-08-01,0.8355101600237472,0.07143387755761187,0.46641797070555363,0.10352699894756726,0.16807648208258644,1
2019-09-28,1100,4101.62,3541.71,0.14,2793.18,normal,667.0,0.32,279.47,469.83,7,1674.38,39,0,558.04,1333.24,Salary,1373.16,Investments,Positive,39.7,Low,559.91,0,2019-09-01,0.8634905232566644,0.15756230747294384,0.37643962944453385,0.11454742272565474,0.47276033328533396,1
2019-10-28,1474,3434.13,3409.88,0.09,2704.81,normal,722.0,0.37,475.77,570.86,4,1285.55,60,0,824.07,3305.12,Salary,1385.04,Dining Out,Positive,44.7,Medium,24.25,0,2019-10-01,0.9929385317387519,0.24167126115875046,0.9692775112320667,0.1662313307882928,0.3770074020200124,2
2019-11-27,1772,3821.34,2224.71,0.12,3241.04,inflation,639.0,0.53,311.08,754.93,7,1091.58,94,0,519.83,1278.47,Salary,1012.63,Dining Out,Negative,54.6,Medium,1596.63,0,2019-11-01,0.5821805963353169,0.23366191548561388,0.574668158996004,0.19755635457719017,0.4906617042221233,2
2019-12-27,1181,4501.68,4413.32,0.37,3020.86,normal,611.0,0.49,507.52,133.42,3,605.79,56,0,243.94,2881.34,Salary,1557.25,Dining Out,Negative,71.0,Low,88.36,0,2019-12-01,0.9803717723161129,0.05527358088695132,0.6528735736361742,0.029637824101224428,0.137264009861057,1
2020-01-26,1579,5011.45,4327.24,0.35,2938.63,inflation,692.0,0.26,560.21,191.87,6,1024.93,38,0,323.52,1986.03,Salary,948.65,Education,Positive,92.2,High,684.21,0,2020-01-01,0.8634706522064473,0.07476359064900491,0.4589599837309694,0.03828632431731335,0.23685536277165123,3
2020-02-25,1525,2076.37,2096.55,0.14,1760.02,normal,669.0,0.4,607.11,735.29,2,1770.02,37,0,593.65,2008.17,Salary,1516.4,Utilities,Negative,32.9,Medium,0.0,0,2020-02-01,1.009718884399216,0.28315566048985236,0.9578450311225585,0.35412282011394886,0.8442536548138608,2
2020-03-26,1355,5559.53,2918.58,0.32,3153.86,normal,661.0,0.24,832.8,190.64,9,1211.14,54,0,307.87,2471.55,Mixed,1794.87,Groceries,Negative,48.6,Medium,2640.95,0,2020-03-01,0.5249688372938001,0.10548622960480782,0.8468330489484613,0.03429066845578673,0.41497577589101553,2
2020-04-25,1204,3709.0,2579.19,0.13,3047.43,normal,619.0,0.34,571.91,376.32,2,141.29,59,0,478.88,2553.47,Salary,1008.4,Utilities,Positive,22.3,High,1129.81,0,2020-04-01,0.6953868967376652,0.18567069506317874,0.9900278769691259,0.10146131032623348,0.054780764503584455,3
2020-05-25,1263,3525.27,2470.67,0.13,3189.28,normal,651.0,0.45,396.28,691.77,2,1137.2,29,0,405.73,1797.51,Salary,1787.33,Groceries,Neutral,35.7,Low,1054.6,0,2020-05-01,0.7008456089888151,0.1642186127649585,0.7275394933358158,0.19623177799147298,0.4602800050188815,1
2020-06-24,1883,3317.43,3371.49,0.26,3481.84,normal,702.0,0.35,259.13,793.7,1,1083.26,38,0,327.57,2676.4,Salary,1134.3,Healthcare,Neutral,9.0,High,0.0,0,2020-06-01,1.0162957470089797,0.09715882295364958,0.7938329937208772,0.23925146875744177,0.3213000780070533,3
2020-07-24,1959,5271.82,3449.8,0.09,2450.97,normal,612.0,0.51,454.57,336.75,9,101.13,23,0,353.62,3226.04,Salary,1106.8,Healthcare,Positive,87.7,Low,1822.02,0,2020-07-01,0.6543850131453655,0.10250449301408777,0.9351382688851527,0.06387737062342796,0.029314742883645425,1
2020-08-23,1835,3770.87,3825.93,0.18,2491.64,recession,672.0,0.35,495.92,527.84,6,989.76,69,0,243.91,2067.94,Salary,1580.48,Groceries,Positive,45.5,Low,0.0,0,2020-08-01,1.0146014049808134,0.06375181981897213,0.5405064912321972,0.1399783073932541,0.25869788522006415,1
2020-09-22,1237,3183.88,3033.59,0.1,2320.71,recession,685.0,0.37,578.86,304.83,3,1302.55,66,0,1028.64,2902.08,Salary,1138.15,Dining Out,Neutral,66.4,Low,150.29,0,2020-09-01,0.9527965878110984,0.33908339624009837,0.9566487231300208,0.09574167368116888,0.42937575611733947,1
2020-10-22,1553,3956.86,5605.38,0.16,2853.64,normal,689.0,0.28,493.29,0.0,8,1291.51,92,0,251.67,1917.05,Freelance,1434.2,Investments,Positive,87.9,Low,0.0,0,2020-10-01,1.4166232820974207,0.04489793733877096,0.3420017911363725,0.0,0.23040543192432983,1
2020-11-21,1895,3912.13,893.36,0.13,3503.15,recession,733.0,0.17,759.22,415.89,2,301.95,73,0,374.5,1599.21,Salary,843.97,Education,Positive,48.5,Medium,3018.77,0,2020-11-01,0.2283564196486313,0.41920390436106386,1.7901070117309932,0.10630781696927248,0.33799364198083637,2
2020-12-21,1270,2979.88,3909.91,0.28,2656.08,inflation,672.0,0.14,235.1,361.66,9,964.01,61,0,413.18,2763.88,Salary,1962.12,Investments,Neutral,97.7,Low,0.0,0,2020-12-01,1.3121031719398095,0.1056750666895146,0.7068909514541256,0.12136730338134422,0.2465555473143883,1
2021-01-20,1842,4295.84,3338.27,0.29,2839.65,normal,623.0,0.39,191.73,112.82,6,474.31,31,0,386.69,3298.43,Salary,960.41,Dining Out,Positive,5.2,High,957.57,0,2021-01-01,0.7770936533949122,0.1158354477019534,0.9880656747357164,0.02626261685723863,0.14208257570538033,3
2021-02-19,1546,4478.23,2547.81,0.07,2717.57,inflation,679.0,0.49,25.26,505.76,4,1156.58,91,0,312.8,2121.86,Salary,803.2,Healthcare,Neutral,71.7,Low,1930.42,0,2021-02-01,0.5689323683687528,0.12277210624026125,0.8328172037946315,0.11293747753018493,0.4539506478112575,1
2021-03-21,1916,4004.18,3496.17,0.17,2965.28,recession,712.0,0.14,663.84,509.9,2,658.34,98,0,544.49,3523.85,Freelance,875.04,Entertainment,Positive,22.3,Medium,508.01,0,2021-03-01,0.8731300790673746,0.15573899438528446,1.0079172351458883,0.12734192768556857,0.18830320035925027,2
2021-04-20,1907,5004.97,1825.76,0.22,2035.99,inflation,658.0,0.35,628.51,179.45,6,975.0,53,0,324.84,1382.04,Salary,1383.42,Education,Positive,6.1,Low,3179.21,1,2021-04-01,0.36478939933705895,0.17792042765752342,0.7569669617036193,0.03585436076539919,0.5340241871878012,1
2021-05-20,1140,5916.09,2101.5,0.21,2597.57,inflation,643.0,0.23,520.76,297.99,3,319.74,77,0,564.99,2153.47,Salary,1300.04,Rent,Positive,3.7,Low,3814.59,1,2021-05-01,0.35521771981156475,0.26885082084225553,1.0247299547941946,0.05036941628677048,0.1521484653818701,1
2021-06-19,1159,5002.47,1861.44,0.1,2721.65,normal,589.0,0.4,47.03,220.68,9,1729.09,36,0,402.82,2595.3,Mixed,1500.73,Transportation,Positive,61.4,Low,3141.03,1,2021-06-01,0.3721041805348158,0.21640235516589307,1.3942431665807118,0.04411420758145476,0.9288991318549079,1
2021-07-19,1031,4409.26,3409.29,0.38,2521.27,normal,664.0,0.56,283.75,0.0,2,575.08,55,0,281.6,1506.26,Salary,1350.12,Groceries,Negative,29.5,High,999.97,0,2021-07-01,0.773211377872931,0.08259784295263824,0.44181046493551446,0.0,0.1686802824048409,3
2021-08-18,1440,3521.95,3313.67,0.25,2629.0,inflation,563.0,0.45,379.86,371.64,7,1142.53,28,0,168.97,1578.83,Salary,1617.84,Groceries,Positive,50.5,Medium,208.28,0,2021-08-01,0.9408623063927655,0.05099180063192774,0.47645963538916064,0.10552108916935221,0.34479293351480383,2
2021-09-17,1839,3124.4,2548.35,0.29,3001.68,inflation,656.0,0.35,627.44,641.62,4,245.53,28,0,649.13,1926.62,Salary,1542.79,Education,Positive,65.6,Low,576.05,0,2021-09-01,0.8156286006913327,0.25472560676516176,0.7560264484862754,0.205357828703111,0.09634861773304296,1
2021-10-17,1636,3560.32,3922.94,0.2,2907.41,normal,700.0,0.42,657.24,402.79,9,587.66,75,0,316.84,2931.72,Freelance,2134.79,Investments,Positive,47.2,Medium,0.0,0,2021-10-01,1.10185039547007,0.08076595614513604,0.7473272596572977,0.11313308916052489,0.14980091462015732,2
2021-11-16,1868,2004.18,4040.18,0.06,3115.84,normal,717.0,0.3,316.61,196.66,6,1062.39,89,0,392.57,1839.64,Salary,1502.88,Healthcare,Positive,89.6,High,0.0,0,2021-11-01,2.015876817451526,0.09716646288036672,0.45533614838942826,0.09812491891945832,0.2629561059160731,3
2021-12-16,1153,1771.53,3041.88,0.11,2161.4,normal,668.0,0.31,517.04,0.0,6,1660.27,97,0,201.75,1941.55,Freelance,1430.69,Dining Out,Positive,98.9,Low,0.0,0,2021-12-01,1.7170920052158305,0.06632411534971794,0.6382730416715978,0.0,0.5458039107394111,1
2022-01-15,1721,5684.85,3303.58,0.11,3210.78,normal,728.0,0.32,200.03,215.02,1,830.9,93,0,485.27,2057.88,Freelance,953.17,Insurance,Positive,87.1,Low,2381.27,0,2022-01-01,0.5811199943710036,0.14689215941493775,0.6229242216020197,0.037823337467127544,0.2515150230961563,1
2022-02-14,1534,4393.54,3511.84,0.36,2752.58,normal,688.0,0.26,466.63,396.53,3,1939.31,47,0,197.56,2114.79,Mixed,1498.16,Entertainment,Negative,41.2,High,881.7,0,2022-02-01,0.7993190001684292,0.05625541026926056,0.6021885962914028,0.09025296230374595,0.5522204884049386,3
2022-03-16,1548,3321.07,2931.84,0.07,1921.08,normal,736.0,0.55,1025.38,735.92,8,1541.02,28,0,343.0,2416.48,Salary,1205.7,Dining Out,Positive,49.3,Low,389.23,0,2022-03-01,0.8827998205397658,0.11699137742850906,0.8242196027068326,0.22159123415043944,0.525615313250382,1
2022-04-15,1214,4547.31,2686.17,0.2,2776.87,inflation,627.0,0.44,266.35,317.65,5,1171.58,37,0,323.11,2267.66,Salary,1143.93,Healthcare,Positive,7.6,Low,1861.14,0,2022-04-01,0.5907162696187416,0.12028650457714887,0.8441982450850094,0.0698544853990601,0.43615258900218523,1
2022-05-15,1424,4869.11,2647.38,0.36,3108.02,normal,693.0,0.3,401.0,386.49,2,1602.48,55,0,204.84,2596.04,Salary,926.08,Investments,Negative,31.2,High,2221.73,0,2022-05-01,0.543709219960116,0.07737461188042517,0.9806072418768744,0.07937590237230213,0.6053078893094305,3
2022-06-14,1706,3299.52,2882.71,0.08,4087.78,recession,664.0,0.56,904.95,561.31,6,1015.65,32,0,535.33,2975.76,Salary,992.51,Groceries,Neutral,67.1,High,416.81,0,2022-06-01,0.8736755649306566,0.18570373017056868,1.0322786544605598,0.17011868392978372,0.3523247222231858,3
2022-07-14,1770,4031.76,2825.62,0.1,3122.18,normal,690.0,0.14,555.72,690.22,9,453.8,45,0,432.86,2346.52,Salary,1112.62,Entertainment,Neutral,46.7,Low,1206.14,0,2022-07-01,0.7008403277972894,0.1531911580467296,0.8304442918722263,0.17119570609361667,0.16060192099433046,1
2022-08-13,1222,2298.53,2825.75,0.25,2289.99,recession,702.0,0.1,702.36,186.38,3,994.07,52,0,383.82,2342.49,Salary,1354.94,Education,Positive,44.1,Medium,0.0,0,2022-08-01,1.2293726860210656,0.135829425816155,0.8289799168362381,0.0810866075274197,0.3517897903211537,2
2022-09-12,1871,4004.11,1019.39,0.16,3657.2,inflation,656.0,0.43,502.85,49.35,9,1517.19,99,0,481.27,2480.79,Salary,1688.1,Dining Out,Neutral,76.2,Medium,2984.72,0,2022-09-01,0.2545859129744188,0.4721156770225331,2.4336024485231365,0.01232483623077288,1.488331256928163,2
2022-10-12,1567,3289.02,1487.46,0.09,2761.13,normal,590.0,0.48,850.49,370.35,8,771.09,62,0,622.87,1747.67,Mixed,496.87,Transportation,Positive,78.7,Medium,1801.56,0,2022-10-01,0.4522502143495631,0.4187473948879297,1.1749357965928495,0.11260193005819363,0.5183937719333629,2
2022-11-11,1785,3254.07,2865.0,0.24,2681.88,recession,690.0,0.3,230.91,0.0,1,1037.01,71,1,617.58,1856.42,Salary,1089.6,Transportation,Positive,86.4,Low,389.07,0,2022-11-01,0.8804358849072085,0.21556020942408377,0.6479650959860385,0.0,0.36195811518324605,1
2022-12-11,1207,4641.13,3572.85,0.34,2895.76,recession,665.0,0.53,511.99,621.28,5,936.77,68,0,304.53,2488.67,Salary,2040.48,Entertainment,Neutral,22.4,High,1068.28,0,2022-12-01,0.7698232973435348,0.08523447667828205,0.6965503729515653,0.13386395123601363,0.2621912478833424,3
2023-01-10,1760,2692.53,3729.62,0.13,2423.16,normal,609.0,0.51,289.65,771.71,4,224.75,38,0,463.1,1417.58,Salary,779.85,Insurance,Positive,59.1,Low,0.0,0,2023-01-01,1.3851730528536357,0.12416814581646389,0.38008697937055247,0.2866114769380471,0.060260830862125365,1
2023-02-09,1606,4088.02,2301.65,0.25,3198.78,recession,714.0,0.11,508.04,438.73,2,1835.38,98,0,502.41,2165.85,Salary,1806.6,Education,Positive,82.8,Medium,1786.37,0,2023-02-01,0.5630231750333903,0.21828253644124868,0.9409988486520539,0.10732090351808456,0.7974192427171811,2
2023-03-11,1810,3786.88,3061.41,0.2,3048.01,normal,690.0,0.2,119.56,0.0,2,1318.28,22,0,630.46,1810.46,Mixed,805.53,Transportation,Positive,48.1,Low,725.47,0,2023-03-01,0.8084254056109514,0.20593778683678438,0.5913810956389377,0.0,0.4306120382438158,1
2023-04-10,1925,4556.3,3346.03,0.15,2289.31,normal,631.0,0.59,803.48,502.73,9,271.8,68,0,402.64,2861.36,Salary,300.0,Entertainment,Neutral,68.7,Low,1210.27,0,2023-04-01,0.7343743827228234,0.12033364913046206,0.8551507308661309,0.11033733511840747,0.08123059267251041,1
2023-05-10,1655,3875.66,2913.65,0.05,2568.94,inflation,683.0,0.42,878.33,318.66,2,837.78,39,0,839.7,1498.21,Salary,1519.9,Healthcare,Positive,22.7,Low,962.01,0,2023-05-01,0.7517816320317057,0.288195219055137,0.5142038336794056,0.0822208346449379,0.28753625178041287,1
2023-06-09,1602,4318.05,4362.03,0.13,3770.67,normal,653.0,0.53,8.49,392.54,1,1122.06,75,0,439.68,2286.55,Freelance,1587.7,Insurance,Negative,57.6,High,0.0,0,2023-06-01,1.0101851530204604,0.1007971059346222,0.524194010586814,0.09090677504892254,0.25723344406159515,3
2023-07-09,1663,4622.04,3672.59,0.38,2211.71,normal,721.0,0.5,479.66,126.85,8,181.29,46,0,511.89,1957.16,Salary,1190.49,Utilities,Positive,94.1,Low,949.45,0,2023-07-01,0.7945820460229682,0.13938119964384807,0.5329100171813352,0.027444591565629027,0.04936298361646685,1
2023-08-08,1302,2918.32,4694.23,0.25,2721.8,normal,763.0,0.31,288.01,736.59,6,726.7,27,0,392.29,1181.08,Salary,1269.83,Groceries,Positive,47.2,Medium,0.0,0,2023-08-01,1.60853847419063,0.08356855117878759,0.25160249923842676,0.2524020669426245,0.15480707166031493,2
2023-09-07,1058,4145.35,2415.64,0.34,2055.99,recession,607.0,0.29,433.94,872.65,8,728.68,79,0,635.18,1767.29,Salary,948.5,Education,Positive,1.9,High,1729.71,0,2023-09-01,0.5827348716031215,0.2629448096570681,0.7316032190227021,0.21051298442833535,0.30165090824791774,3
2023-10-07,1244,4046.42,3766.9,0.33,2778.19,normal,657.0,0.13,214.19,0.0,9,1627.97,31,0,723.02,1608.52,Salary,1015.79,Groceries,Positive,7.5,Medium,279.52,0,2023-10-01,0.9309216542029745,0.19194032228092064,0.4270142557540683,0.0,0.43217765271177894,2
2023-11-06,1343,5797.88,4329.41,0.06,2497.18,inflation,600.0,0.23,423.71,97.52,5,1641.01,80,0,0.0,2625.18,Freelance,1061.48,Healthcare,Positive,25.6,Low,1468.47,0,2023-11-01,0.7467229401091433,0.0,0.6063597580270753,0.016819941081912697,0.3790377903686646,1
2019-01-01,1598,3885.22,3587.26,0.39,3361.55,normal,672.0,0.49,142.01,226.14,2,1318.69,84,0,636.85,1400.07,Freelance,1030.49,Utilities,Negative,14.2,High,297.96,0,2019-01-01,0.9233093621468026,0.17753104040409673,0.3902895245953736,0.05820519816123668,0.3676036863790191,3
2019-01-31,1777,4127.99,3678.6,0.05,3373.64,recession,598.0,0.21,205.13,285.97,1,1019.86,56,0,631.61,3282.96,Salary,1518.06,Investments,Positive,89.5,Low,449.39,0,2019-01-01,0.891135879689631,0.17169847224487578,0.8924482139944544,0.06927584611396831,0.27724134181482085,1
2019-03-02,1175,4349.43,1616.64,0.16,2988.51,normal,666.0,0.26,647.78,428.98,7,1234.36,32,0,454.94,2144.88,Salary,573.25,Education,Positive,36.2,High,2732.79,0,2019-03-01,0.37169008352818644,0.28141082739509105,1.3267517814726841,0.09862901575608758,0.7635342438638162,3
2019-04-01,1732,1815.35,3471.34,0.37,2975.6,inflation,646.0,0.23,533.23,1196.54,6,1316.8,27,0,390.39,2495.72,Freelance,1164.68,Investments,Positive,65.9,Low,0.0,0,2019-04-01,1.9122152752912662,0.11246089406396376,0.7189500308238316,0.659123584983612,0.3793347813812533,1
2019-05-01,1192,4126.46,3783.5,0.29,3327.16,normal,706.0,0.36,598.56,388.81,8,1631.07,75,0,645.25,2227.36,Freelance,1242.9,Insurance,Positive,2.1,Low,342.96,0,2019-05-01,0.9168875985711724,0.17054314787894806,0.5887035813400291,0.09422362024592508,0.4311008325624422,1
2019-05-31,1992,3889.21,1489.52,0.06,3107.3,normal,724.0,0.59,748.09,599.48,5,649.59,47,0,529.17,1529.19,Salary,1360.74,Investments,Positive,75.4,High,2399.69,0,2019-05-01,0.3829878047212673,0.3552620978570277,1.0266327407486977,0.1541392725000707,0.4361069337773243,3
2019-06-30,1480,7037.92,3079.11,0.06,2648.33,inflation,619.0,0.5,230.8,750.3,9,645.16,32,0,786.05,3387.77,Salary,1249.84,Insurance,Positive,1.0,High,3958.81,1,2019-06-01,0.43750284174869847,0.25528480632390527,1.1002432521085639,0.10660820242344328,0.20952807791861933,3
2019-07-30,1982,3833.63,3068.96,0.12,2000.9,normal,732.0,0.38,403.66,667.91,7,926.53,27,0,233.27,2619.04,Salary,945.82,Rent,Neutral,46.2,High,764.67,0,2019-07-01,0.8005363063206412,0.07600946248892133,0.8533965903758928,0.1742239078888677,0.3019035764558678,3
2019-08-29,1940,4963.11,2114.38,0.18,3074.25,inflation,650.0,0.53,385.78,169.69,9,1457.37,82,0,512.96,2440.51,Mixed,1105.38,Groceries,Positive,13.0,Low,2848.73,0,2019-08-01,0.42601916943206986,0.24260539732687597,1.1542437972360693,0.03419025570660332,0.6892658840889527,1
2019-09-28,1938,3381.06,2417.67,0.33,2632.84,normal,697.0,0.14,155.8,392.1,8,766.2,58,0,196.61,2723.06,Salary,1095.73,Dining Out,Positive,83.2,Low,963.39,0,2019-09-01,0.7150627318060017,0.08132209937667259,1.1263158330127767,0.11596954801157035,0.31691670079043044,1
2019-10-28,1331,4376.38,3408.8,0.14,2300.52,recession,664.0,0.51,424.38,505.17,1,252.84,26,0,550.11,2680.72,Salary,1630.88,Education,Positive,9.7,Medium,967.58,0,2019-10-01,0.7789085956886742,0.16137937103966205,0.7864116404599858,0.11543101833021813,0.07417272940624266,2
2019-11-27,1621,3231.49,1759.04,0.36,2426.75,normal,694.0,0.46,451.57,278.39,2,1215.11,59,0,518.78,3029.03,Salary,1144.06,Dining Out,Positive,72.6,High,1472.45,0,2019-11-01,0.544343321501846,0.2949222303074404,1.7219790340185557,0.08614911387626141,0.6907801982899763,3
2019-12-27,1535,3785.95,2378.21,0.32,3084.82,recession,765.0,0.23,386.79,159.14,9,737.64,29,0,259.85,1000.0,Salary,781.03,Transportation,Positive,97.4,Medium,1407.74,0,2019-12-01,0.628167302790581,0.10926284894941996,0.4204843138326725,0.04203436389809691,0.31016604925553254,2
2020-01-26,1568,3740.82,3064.66,0.36,2125.49,inflation,696.0,0.37,488.94,65.32,7,816.9,57,0,308.74,2579.29,Salary,2377.12,Entertainment,Positive,15.3,High,676.16,0,2020-01-01,0.8192481862265492,0.1007420072699745,0.8416235406211456,0.017461412203741422,0.2665548543721,3
2020-02-25,1474,4789.44,3046.26,0.12,3592.84,inflation,755.0,0.39,856.62,116.54,2,1156.88,70,0,666.98,1352.01,Mixed,1609.14,Transportation,Positive,46.8,Low,1743.18,0,2020-02-01,0.6360367809180197,0.21895045071661642,0.4438261999960607,0.024332698603594577,0.3797706039537006,1
2020-03-26,1664,4786.41,3225.68,0.19,2791.91,inflation,679.0,0.47,552.61,873.88,8,617.55,46,0,295.01,2033.26,Salary,581.95,Healthcare,Positive,34.9,Medium,1560.73,0,2020-03-01,0.6739247160188951,0.091456685102056,0.6303353091441185,0.1825752495085043,0.19144800476178667,2
2020-04-25,1043,3519.82,2372.88,0.21,2780.81,normal,634.0,0.57,363.81,233.72,1,1195.27,93,0,527.76,2354.07,Mixed,1122.74,Investments,Neutral,10.3,Low,1146.94,0,2020-04-01,0.6741481098465263,0.22241326995043995,0.9920729240416709,0.06640112278468785,0.5037212164121236,1
2020-05-25,1901,4156.47,1722.33,0.39,3209.03,normal,778.0,0.12,457.74,669.61,5,424.24,46,0,124.61,2925.91,Salary,1003.64,Groceries,Negative,99.8,High,2434.14,0,2020-05-01,0.4143732542277461,0.0723496658596204,1.6988091712970221,0.16110064549966677,0.24631748851846047,3
2020-06-24,1507,5573.58,2067.32,0.11,2005.75,inflation,614.0,0.2,625.4,232.62,5,0.0,36,0,326.48,1630.53,Freelance,968.16,Rent,Neutral,96.8,Low,3506.26,1,2020-06-01,0.3709142059502152,0.1579242691020258,0.7887167927558384,0.041736191101590006,0.0,1
2020-07-24,1286,5032.97,764.47,0.1,2845.81,recession,747.0,0.52,610.65,286.54,3,1361.3,91,0,347.4,1560.92,Salary,1350.73,Groceries,Neutral,29.3,Medium,4268.5,1,2020-07-01,0.15189242137346337,0.45443248263502817,2.041832903841877,0.05693258652445773,1.7807108192604024,2
2020-08-23,1710,5668.35,1713.75,0.27,2643.96,normal,659.0,0.29,602.39,529.73,5,394.05,49,0,372.73,3735.23,Freelance,1543.15,Education,Positive,12.0,Low,3954.6,1,2020-08-01,0.3023366588160576,0.21749380014587893,2.179565280816922,0.09345400336958727,0.22993435448577682,1
2020-09-22,1693,3652.81,2241.96,0.28,2866.02,normal,716.0,0.54,389.56,372.83,3,1754.21,40,0,673.19,2075.77,Freelance,1011.85,Dining Out,Negative,15.6,Low,1410.85,0,2020-09-01,0.6137631029262404,0.30026851504933183,0.9258728969294724,0.10206662815750066,0.7824448250637834,1
2020-10-22,1402,2814.68,3476.73,0.27,3102.03,recession,712.0,0.3,619.59,812.31,9,1060.82,50,0,521.62,1473.46,Salary,1138.18,Utilities,Positive,85.0,Low,0.0,0,2020-10-01,1.235213239160402,0.15003178273837772,0.42380627773798946,0.28859763809740363,0.30512004095802664,1
2020-11-21,1047,4718.93,2709.36,0.08,2714.7,normal,678.0,0.28,493.59,229.17,8,947.1,20,0,259.8,2049.9,Salary,958.68,Insurance,Negative,46.7,Medium,2009.57,0,2020-11-01,0.5741471053819404,0.0958898042342103,0.7565993444946408,0.048563975307961756,0.34956594915404376,2
2020-12-21,1408,3950.15,1997.49,0.24,2281.96,inflation,744.0,0.42,651.98,166.56,4,1080.81,77,0,597.76,1393.77,Salary,721.81,Insurance,Positive,72.8,High,1952.66,0,2020-12-01,0.505674468058175,0.2992555657349974,0.6977606896655302,0.04216548738655494,0.5410840604959224,3
2021-01-20,1414,4461.22,3997.32,0.33,3025.72,recession,684.0,0.51,638.83,570.15,7,1147.99,57,0,531.06,2396.55,Salary,1222.68,Investments,Negative,89.6,Medium,463.9,0,2021-01-01,0.8960149914149045,0.13285401218816606,0.5995391912581429,0.1278013637525161,0.28718991724455384,2
2021-02-19,1308,4131.52,2820.09,0.17,2691.94,recession,743.0,0.57,589.25,674.28,1,1052.45,28,0,364.41,1593.82,Salary,1819.51,Entertainment,Positive,19.9,Low,1311.43,0,2021-02-01,0.6825792928510572,0.12921928023573717,0.5651663599388671,0.1632038571760514,0.37319730930573136,1
2021-03-21,1522,5339.73,3734.16,0.09,2643.01,inflation,727.0,0.17,420.25,631.3,6,869.7,97,0,459.09,2084.72,Salary,1397.72,Investments,Negative,54.2,High,1605.57,0,2021-03-01,0.6993162575635847,0.12294331255222057,0.5582835229342074,0.11822695154998474,0.2329037855903336,3
2021-04-20,1290,2688.93,2756.73,0.2,3028.94,normal,727.0,0.38,278.12,511.15,4,667.01,32,0,659.31,2452.23,Salary,1039.85,Entertainment,Positive,40.3,Low,0.0,0,2021-04-01,1.0252144905222524,0.2391637918838624,0.889543045564854,0.19009420103907504,0.24195695624888908,1
2021-05-20,1623,7382.84,2688.05,0.15,3337.38,recession,691.0,0.51,710.41,414.45,1,218.98,26,0,174.72,3173.19,Salary,1382.94,Entertainment,Negative,39.6,High,4694.79,1,2021-05-01,0.36409430517253527,0.06499879094510891,1.1804802738044307,0.05613693375449014,0.08146425847733486,3
2021-06-19,1827,4086.68,3346.06,0.34,2759.81,normal,640.0,0.31,720.68,41.62,1,1230.76,30,0,423.84,1397.65,Salary,896.93,Insurance,Positive,11.6,Low,740.62,0,2021-06-01,0.8187722062897022,0.12666838012468395,0.41770022055790995,0.010184306087092702,0.3678236493069461,1
2021-07-19,1783,3008.4,3022.7,0.18,2508.48,inflation,641.0,0.19,454.27,669.96,7,1047.15,69,0,575.15,1766.05,Freelance,932.26,Education,Positive,12.0,Low,0.0,0,2021-07-01,1.004753357266321,0.19027690475402786,0.5842624143977239,0.22269644994016755,0.3464286895821617,1
2021-08-18,1004,3563.08,3533.87,0.08,2338.37,inflation,600.0,0.13,577.78,641.99,9,0.0,50,0,211.91,1787.47,Salary,1302.28,Investments,Neutral,51.8,Low,29.21,0,2021-08-01,0.991802036440383,0.059965420346532274,0.5058109098523715,0.18017838499275907,0.0,1
2021-09-17,1376,3227.8,3693.57,0.15,2950.17,normal,718.0,0.11,423.38,298.2,3,381.42,70,0,531.44,2402.28,Salary,1653.5,Transportation,Positive,64.8,Medium,0.0,0,2021-09-01,1.144299522894851,0.14388247684489533,0.6503951461594067,0.09238490612801288,0.10326594595472673,2
2021-10-17,1171,4467.41,3659.99,0.2,2175.13,normal,668.0,0.38,718.97,665.35,9,1671.3,60,0,554.37,1736.9,Salary,686.79,Rent,Positive,47.2,High,807.42,0,2021-10-01,0.8192644059981062,0.1514676269607294,0.474564138153383,0.14893416991052982,0.45664059191418555,3
2021-11-16,1989,3789.01,2175.04,0.07,2931.26,recession,655.0,0.38,78.16,290.48,3,839.21,70,0,428.48,1790.14,Mixed,1081.37,Rent,Positive,8.0,Low,1613.97,0,2021-11-01,0.574039128954529,0.1969986758864205,0.8230377372370163,0.07666382511526758,0.38583658231572754,1
2021-12-16,1964,3769.57,2147.3,0.22,2945.18,inflation,749.0,0.59,496.21,382.31,9,817.22,30,0,549.86,2624.53,Salary,1323.22,Transportation,Positive,88.5,Low,1622.27,0,2021-12-01,0.5696405690834764,0.25607041400828945,1.2222465421692357,0.10142005586844123,0.38058026358682995,1
2022-01-15,1003,4873.11,2797.07,0.21,1782.37,normal,557.0,0.37,975.59,459.27,2,469.76,89,0,477.07,2042.52,Freelance,777.64,Transportation,Positive,90.2,High,2076.04,1,2022-01-01,0.5739804765334664,0.17056062236554678,0.7302355679335876,0.09424576912895462,0.16794717329205203,3
2022-02-14,1510,3713.15,1267.44,0.15,2591.93,normal,709.0,0.38,584.87,466.19,1,696.89,87,0,791.73,1649.15,Salary,805.59,Investments,Neutral,72.0,Low,2445.71,0,2022-02-01,0.34133821687785304,0.6246686233667866,1.3011661301521176,0.12555108196544712,0.549840623619264,1
2022-03-16,1090,4952.95,2009.89,0.34,2031.86,recession,748.0,0.5,719.05,57.91,3,1463.54,25,0,378.73,2149.26,Salary,1214.33,Dining Out,Positive,10.0,High,2943.06,1,2022-03-01,0.40579654549309,0.18843319783669754,1.0693421032991857,0.011692021926326734,0.7281692032897322,3
2022-04-15,1064,3680.05,4142.07,0.22,2513.04,recession,718.0,0.28,671.9,536.57,8,1391.83,61,0,552.86,2082.58,Salary,832.71,Transportation,Neutral,18.2,Low,0.0,0,2022-04-01,1.125547207239032,0.13347432563911282,0.5027872537161371,0.14580508417005206,0.3360228098511131,1
2022-05-15,1297,4676.76,4266.38,0.38,3712.77,inflation,739.0,0.23,531.08,747.54,6,1610.98,85,0,577.82,1499.3,Freelance,1284.21,Utilities,Positive,20.6,Low,410.38,0,2022-05-01,0.9122512166542649,0.13543566208354624,0.3514220486688949,0.1598414286813948,0.3775988074198735,1
2022-06-14,1938,4482.67,1895.59,0.32,1964.54,normal,615.0,0.59,208.76,490.81,9,1252.3,81,0,514.88,1870.53,Freelance,1238.61,Education,Neutral,8.0,Low,2587.08,1,2022-06-01,0.42287074444471706,0.2716199178092309,0.9867798416324205,0.109490549159318,0.6606386402122822,1
2022-07-14,1173,3508.02,3608.42,0.24,2936.41,normal,687.0,0.18,237.86,265.16,5,206.29,32,0,502.46,3094.33,Salary,1143.7,Utilities,Positive,77.7,High,0.0,0,2022-07-01,1.028620133294565,0.13924654003691364,0.8575304426868269,0.07558679825086517,0.05716906568525836,3
2022-08-13,1703,3705.5,2522.48,0.16,2522.69,normal,696.0,0.3,52.17,906.99,4,166.82,91,0,458.16,1923.77,Salary,1372.15,Transportation,Positive,35.7,High,1183.02,0,2022-08-01,0.6807394413709351,0.18163077606165362,0.7626502489613396,0.24476858723519093,0.06613332910469062,3
2022-09-12,1751,4442.6,2505.46,0.39,2313.12,normal,652.0,0.26,213.09,584.42,7,1005.76,99,0,952.07,3124.05,Salary,646.58,Entertainment,Positive,25.7,Low,1937.14,0,2022-09-01,0.5639625444559492,0.3799980841841418,1.2468967774380753,0.1315490928735425,0.4014272828143335,1
2022-10-12,1458,2642.24,2988.1,0.22,2160.65,inflation,653.0,0.4,646.15,278.95,6,118.51,45,0,332.49,2270.21,Freelance,1172.69,Rent,Positive,9.5,Low,0.0,0,2022-10-01,1.1308965120503816,0.11127137645995784,0.7597503430273418,0.1055733014412014,0.03966065392724474,1
2022-11-11,1907,5292.79,3055.96,0.19,3496.25,normal,648.0,0.58,989.67,427.84,3,1315.72,62,0,496.26,2529.05,Salary,863.2,Dining Out,Positive,31.5,Low,2236.83,0,2022-11-01,0.5773816833843777,0.1623908689904318,0.8275795494705429,0.08083449371692435,0.43054228458487676,1
2022-12-11,1375,4606.56,2948.86,0.23,2139.64,normal,674.0,0.16,632.13,298.59,1,1814.02,21,0,626.58,1831.89,Salary,1274.18,Insurance,Positive,86.8,Medium,1657.7,0,2022-12-01,0.6401436212705359,0.21248211173131312,0.6212197255888716,0.06481843284359695,0.615159756651723,2
2023-01-10,1379,4695.16,2560.41,0.22,2371.98,normal,653.0,0.11,389.78,374.1,4,958.05,34,0,0.0,2604.25,Mixed,1876.51,Entertainment,Negative,51.1,Medium,2134.75,0,2023-01-01,0.545329658627182,0.0,1.0171222577634051,0.07967779585786215,0.3741783542479525,2
2023-02-09,1652,3652.14,3576.35,0.37,2269.9,normal,684.0,0.52,534.07,607.92,1,554.87,45,0,792.86,3244.5,Salary,952.61,Entertainment,Positive,63.1,Medium,75.79,0,2023-02-01,0.9792477834913229,0.2216953038712654,0.907209864806297,0.16645583137557704,0.15514980357067962,2
2023-03-11,1184,5359.27,3210.15,0.16,2102.22,normal,716.0,0.49,429.9,979.22,8,866.25,56,0,297.27,2032.03,Freelance,731.04,Entertainment,Positive,100.0,Medium,2149.12,1,2023-03-01,0.5989901609734162,0.09260314938554272,0.6330015731352118,0.18271518322458094,0.2698472034017102,2
2023-04-10,1888,3152.73,3443.3,0.09,3589.46,normal,726.0,0.31,565.58,455.96,7,1045.89,98,0,265.32,2329.92,Salary,782.48,Investments,Positive,27.3,Low,0.0,0,2023-04-01,1.0921645684850907,0.07705398890599134,0.6766532105828711,0.14462386566562946,0.3037464060639503,1
2023-05-10,1825,3305.34,1863.51,0.14,3610.13,normal,671.0,0.23,645.11,689.18,4,1923.36,67,0,237.07,2410.84,Mixed,1456.45,Groceries,Positive,97.5,Low,1441.83,0,2023-05-01,0.5637876890123255,0.12721691861057896,1.2937091832080323,0.20850502520164338,1.0321168118228503,1
2023-06-09,1436,5027.11,3672.37,0.05,2886.51,normal,688.0,0.6,251.19,165.75,9,1151.16,86,0,330.35,2616.53,Salary,1318.21,Utilities,Negative,28.6,Medium,1354.74,0,2023-06-01,0.730513157659172,0.08995553280306724,0.7124908437875269,0.03297122999098886,0.31346514648578444,2
2023-07-09,1239,3322.21,1825.45,0.18,3622.46,recession,637.0,0.51,435.77,718.74,5,512.92,55,0,728.83,2678.66,Salary,1611.63,Transportation,Positive,4.3,High,1496.76,0,2023-07-01,0.5494685766402485,0.39926045632583745,1.4673970801720122,0.21634393972686855,0.2809827713714426,3
2023-08-08,1794,2223.1,2972.23,0.14,2995.5,inflation,693.0,0.47,428.64,388.98,1,777.08,96,0,171.35,1420.16,Salary,1685.53,Entertainment,Neutral,78.5,Medium,0.0,0,2023-08-01,1.336975394719086,0.0576503164290785,0.477809590778641,0.17497188610498854,0.26144679247568325,2
2023-09-07,1020,4412.3,3701.57,0.1,2433.98,normal,682.0,0.18,510.98,436.64,2,692.67,46,0,534.73,1741.92,Freelance,574.99,Healthcare,Positive,76.0,High,710.73,0,2023-09-01,0.838920744283027,0.14446032359242159,0.4705895066147608,0.09895972621988532,0.18712870484686225,3
2023-10-07,1978,3766.28,3669.91,0.28,2631.72,normal,721.0,0.14,830.47,501.98,1,1167.39,27,0,497.03,2884.35,Mixed,1161.89,Healthcare,Positive,70.0,Medium,96.37,0,2023-10-01,0.9744124175579085,0.13543383897697764,0.7859457043905709,0.13328270866743844,0.3180977190176326,2
2023-11-06,1780,5169.94,2739.42,0.34,2583.07,inflation,742.0,0.15,626.79,0.0,4,882.85,21,0,661.37,2025.34,Salary,616.8,Groceries,Negative,1.6,Low,2430.52,0,2023-11-01,0.5298746213689134,0.24142701739784334,0.73933168334903,0.0,0.3222762482569303,1
2019-01-01,1153,4286.53,3065.76,0.07,2376.08,inflation,766.0,0.42,410.79,544.59,3,1378.15,45,0,0.0,1408.31,Mixed,1681.75,Investments,Positive,47.2,High,1220.77,0,2019-01-01,0.7152078721016767,0.0,0.4593673346902562,0.1270468187554969,0.44952964354678776,3
2019-01-31,1553,3633.32,4313.0,0.31,2619.63,normal,626.0,0.19,489.8,268.66,7,672.46,29,0,266.13,2140.62,Salary,1718.6,Groceries,Positive,41.7,Medium,0.0,0,2019-01-01,1.1870685763984454,0.06170415024345004,0.49631810804544396,0.07394339061794722,0.15591467655923952,2
2019-03-02,1453,4867.21,3799.02,0.07,2751.63,normal,641.0,0.6,226.61,720.47,6,417.11,75,0,269.4,1912.13,Freelance,1366.28,Education,Positive,80.7,Low,1068.19,0,2019-03-01,0.7805334062019104,0.07091302493801033,0.5033219093345126,0.14802525471471337,0.10979410479544725,1
2019-04-01,1206,4654.78,2294.7,0.26,3270.76,normal,656.0,0.42,418.7,351.82,9,0.0,38,0,454.74,1000.0,Salary,1033.92,Utilities,Positive,36.6,Low,2360.08,0,2019-04-01,0.49297711170023073,0.19816969538501766,0.4357868130910359,0.0755825194746046,0.0,1
2019-05-01,1113,4963.54,3842.59,0.24,2483.35,normal,652.0,0.44,231.12,421.61,8,1310.51,70,0,679.86,1305.15,Salary,795.05,Insurance,Neutral,38.7,Low,1120.95,0,2019-05-01,0.7741631980401085,0.17692754105954578,0.3396537231398614,0.08494139263509512,0.34104861564725875,1
2019-05-31,1269,4175.64,2722.13,0.27,3603.5,recession,682.0,0.23,775.25,294.82,6,683.49,69,0,492.24,2185.63,Salary,1305.12,Healthcare,Negative,17.3,Medium,1453.51,0,2019-05-01,0.6519072525409279,0.180828983185961,0.8029116904776774,0.07060474561983313,0.25108646537821483,2
2019-06-30,1101,6036.64,3101.61,0.06,2908.07,normal,766.0,0.15,687.32,618.31,9,721.26,92,0,212.44,1000.0,Salary,907.18,Rent,Neutral,86.2,Medium,2935.03,1,2019-06-01,0.5137974104800022,0.06849345984827235,0.32241319830668586,0.10242618410241458,0.23254374341068024,2
2019-07-30,1640,2021.44,3141.11,0.14,3395.31,inflation,706.0,0.54,926.88,609.51,1,1435.09,45,0,529.77,2056.03,Freelance,1726.27,Entertainment,Positive,4.1,High,0.0,0,2019-07-01,1.5538972217824918,0.16865693974423052,0.6545552368430269,0.30152267690359347,0.4568735256008226,3
2019-08-29,1064,3248.45,3543.08,0.18,3388.0,normal,645.0,0.32,370.96,506.02,6,864.63,31,0,572.56,2542.38,Mixed,1326.8,Investments,Neutral,41.2,Low,0.0,0,2019-08-01,1.0906986408902708,0.1615995122887431,0.7175621210923829,0.155772753159199,0.24403343983201056,1
2019-09-28,1082,3947.11,2107.58,0.23,2304.5,normal,606.0,0.14,383.28,504.7,8,573.9,23,0,451.65,1933.5,Salary,1326.35,Insurance,Neutral,34.9,High,1839.53,0,2019-09-01,0.5339552229352614,0.2142979151443836,0.9174028981106293,0.12786570427477317,0.2723028307347764,3
2019-10-28,1483,2604.03,2592.6,0.38,2828.63,normal,713.0,0.19,476.6,274.01,4,919.62,62,0,218.14,1898.95,Freelance,918.69,Dining Out,Neutral,99.2,Low,11.43,0,2019-10-01,0.9956106496468934,0.08413947388721746,0.7324500501427139,0.10522536222700966,0.35470955797269155,1
2019-11-27,1661,3056.74,2519.55,0.17,2937.24,normal,733.0,0.56,386.17,684.17,8,1255.9,96,0,778.0,2123.93,Freelance,1325.17,Utilities,Neutral,22.3,High,537.19,0,2019-11-01,0.8242604866622613,0.3087852989621162,0.8429798972038657,0.22382341972166425,0.4984620269492568,3
2019-12-27,1018,3520.91,3596.26,0.35,3052.57,normal,699.0,0.15,964.18,193.58,2,1026.24,95,0,566.36,1704.73,Salary,684.71,Rent,Negative,10.6,High,0.0,0,2019-12-01,1.021400717428165,0.1574858325037678,0.4740285741297904,0.05498010457523766,0.2853631272488641,3
2020-01-26,1689,4239.94,1037.77,0.08,2679.78,normal,661.0,0.17,128.07,469.52,9,1465.3,57,0,273.14,2573.4,Salary,1812.84,Dining Out,Positive,24.3,Low,3202.17,1,2020-01-01,0.24476053906423206,0.26319897472465,2.4797402121857446,0.11073741609551079,1.4119698969906627,1
2020-02-25,1370,5403.29,2570.28,0.22,3311.33,inflation,774.0,0.22,501.77,887.27,6,1409.17,83,0,705.39,2026.05,Salary,1039.54,Utilities,Positive,79.9,Low,2833.01,0,2020-02-01,0.47568796048333517,0.2744409169429011,0.788260422988935,0.1642092132756154,0.5482554429867563,1
2020-03-26,1998,4476.68,3057.81,0.28,2721.64,inflation,702.0,0.42,459.85,758.52,3,1358.44,90,0,388.93,2022.37,Salary,1346.97,Groceries,Positive,22.5,High,1418.87,0,2020-03-01,0.6830530661114933,0.12719233699935575,0.6613785683217728,0.16943806570940964,0.4442525860010923,3
2020-04-25,1298,3633.98,3113.24,0.23,2273.34,normal,668.0,0.53,265.03,274.19,1,1384.06,58,0,0.0,2414.06,Freelance,1492.58,Education,Neutral,92.9,Medium,520.74,0,2020-04-01,0.8567025685336738,0.0,0.7754172501959374,0.07545170859498401,0.44457221415631304,2
2020-05-25,1607,5324.06,4003.59,0.36,2537.78,recession,721.0,0.59,716.59,0.0,2,1589.36,42,0,385.69,1301.48,Salary,1424.81,Utilities,Positive,86.2,Medium,1320.47,0,2020-05-01,0.7519806313227123,0.09633603840553104,0.3250782422775559,0.0,0.3969837071228572,2
2020-06-24,1170,5477.33,3063.83,0.15,3248.17,normal,712.0,0.48,375.21,582.84,8,620.45,72,0,897.68,2998.03,Freelance,1018.0,Investments,Neutral,13.5,Low,2413.5,0,2020-06-01,0.5593656033140234,0.2929927574310585,0.978523612602527,0.10640950974288568,0.2025079720480575,1
2020-07-24,1949,6014.58,2156.62,0.19,1926.4,normal,730.0,0.13,226.59,318.33,4,845.92,43,0,353.94,3317.12,Salary,1046.03,Groceries,Positive,64.0,Low,3857.96,1,2020-07-01,0.35856535285921876,0.16411792527195335,1.5381105618977846,0.05292638887503367,0.39224341794103734,1
2020-08-23,1976,5965.66,2403.93,0.13,2411.57,normal,687.0,0.5,510.88,448.86,9,1312.68,55,0,316.28,3327.72,Salary,1309.0,Investments,Positive,61.5,Low,3561.73,1,2020-08-01,0.4029612817358012,0.131567890911965,1.3842832362007214,0.07524062718961523,0.5460558335725251,1
2020-09-22,1742,4344.08,2928.69,0.33,3398.67,recession,693.0,0.2,669.47,102.47,1,164.9,94,0,388.6,1522.24,Salary,1074.34,Insurance,Positive,45.3,Medium,1415.39,0,2020-09-01,0.6741795731202004,0.1326873107088835,0.5197682240182471,0.02358842378593396,0.056305037405802595,2
2020-10-22,1293,4088.17,3308.43,0.15,3603.25,recession,609.0,0.46,431.09,232.17,6,408.58,66,0,284.23,1503.7,Salary,1686.29,Groceries,Positive,84.3,Medium,779.74,0,2020-10-01,0.809269184011428,0.0859108398847792,0.4545056114229408,0.056790691189456406,0.12349664342301334,2
2020-11-21,1929,4565.25,3785.45,0.32,2447.14,normal,715.0,0.58,389.41,0.0,3,843.78,98,0,629.89,2152.34,Freelance,768.22,Healthcare,Neutral,72.4,High,779.8,0,2020-11-01,0.8291878867531898,0.16639765417585756,0.5685823349931977,0.0,0.2229008440211864,3
2020-12-21,1370,5054.55,2205.43,0.08,3332.75,recession,634.0,0.12,341.63,164.23,4,1155.65,68,0,473.92,2618.71,Mixed,1801.56,Education,Neutral,72.4,Low,2849.12,0,2020-12-01,0.4363256867574759,0.21488779965811658,1.187392027858513,0.03249151754359933,0.5240021220351587,1
2021-01-20,1587,2960.12,3608.82,0.26,2104.1,normal,716.0,0.19,691.54,81.7,1,840.9,90,0,738.79,2768.86,Salary,1099.73,Investments,Neutral,83.1,High,0.0,0,2021-01-01,1.219146521086983,0.204717885624664,0.767248020128463,0.02760023242300988,0.23301245282391472,3
2021-02-19,1305,5119.62,2825.89,0.21,2178.57,recession,701.0,0.21,609.7,711.62,2,1477.3,97,0,788.11,2791.94,Mixed,1838.38,Groceries,Neutral,27.5,High,2293.73,1,2021-02-01,0.5519726073419512,0.27888912873466415,0.9879860857995181,0.13899859755216207,0.5227733563585277,3
2021-03-21,1817,4624.19,3486.68,0.09,3333.08,normal,662.0,0.5,742.75,23.81,3,1188.34,25,0,493.62,2056.17,Salary,825.84,Dining Out,Negative,86.2,Low,1137.51,0,2021-03-01,0.7540088101916228,0.14157307237830832,0.5897214542200604,0.005149009880649368,0.34082278844057956,1
2021-04-20,1176,3027.25,1786.86,0.35,2487.53,normal,789.0,0.4,524.13,0.0,8,1565.65,99,0,450.17,1929.83,Salary,634.21,Transportation,Neutral,20.8,High,1240.39,0,2021-04-01,0.5902584854240647,0.25193355942827084,1.0800118643878087,0.0,0.8762018289065736,3
2021-05-20,1612,3046.87,1118.74,0.06,3262.97,normal,677.0,0.13,726.88,667.63,4,1747.81,79,0,812.07,2362.46,Salary,1359.5,Entertainment,Positive,74.7,Low,1928.13,0,2021-05-01,0.36717680767476135,0.7258791140032537,2.111714965049967,0.21911994932504505,1.5623022328691205,1
2021-06-19,1025,2778.19,3279.76,0.32,2622.53,recession,720.0,0.2,609.61,181.64,9,732.56,30,0,640.1,1852.62,Salary,1359.99,Investments,Positive,14.4,Medium,0.0,0,2021-06-01,1.180538408100238,0.19516671951606215,0.5648645022806547,0.06538069750449033,0.2233578066687806,2
2021-07-19,1703,5313.46,1716.99,0.32,3035.09,normal,761.0,0.29,198.7,170.1,4,2487.98,91,0,385.14,3071.28,Freelance,1682.46,Insurance,Positive,21.9,Low,3596.47,1,2021-07-01,0.3231397243980382,0.22431114916219663,1.7887582338860448,0.03201303858502746,1.4490358126721763,1
2021-08-18,1855,2899.28,2985.7,0.27,2815.68,normal,686.0,0.26,863.58,736.9,4,1562.99,22,0,482.54,1332.57,Salary,1186.89,Entertainment,Positive,67.3,Low,0.0,0,2021-08-01,1.0298074004580446,0.16161704122986237,0.4463174464949593,0.2541665516955934,0.5234919784305189,1
2021-09-17,1474,1698.62,4505.31,0.07,2409.78,recession,674.0,0.17,188.68,19.9,2,1061.41,53,0,524.4,1250.95,Mixed,1208.95,Dining Out,Positive,26.2,Medium,0.0,0,2021-09-01,2.652335425227538,0.11639598606977099,0.27766124861552255,0.011715392495084244,0.2355908916367575,2
2021-10-17,1205,4100.48,2745.66,0.11,2851.2,recession,745.0,0.52,535.24,305.6,7,1054.61,41,0,417.58,2604.21,Mixed,300.0,Transportation,Positive,19.4,Low,1354.82,0,2021-10-01,0.6695947791478071,0.1520872941296446,0.9484823321168682,0.07452786015295772,0.38410072623704317,1
2021-11-16,1276,4580.83,3049.53,0.18,2418.95,inflation,773.0,0.15,1023.57,297.51,3,866.77,84,0,545.69,1911.25,Salary,1162.53,Investments,Positive,50.9,Medium,1531.3,0,2021-11-01,0.6657156017577601,0.1789423288178834,0.6267359232406304,0.06494674545879241,0.28423068472846635,2
2021-12-16,1934,3372.74,2818.82,0.12,3076.84,inflation,747.0,0.58,636.99,329.37,6,1190.17,91,0,753.01,2052.95,Salary,1528.9,Insurance,Positive,63.4,Low,553.92,0,2021-12-01,0.8357655793212642,0.26713660325951993,0.7283012040499215,0.09765650480025144,0.4222227740685819,1
2022-01-15,1455,5700.56,2784.28,0.13,3037.45,normal,666.0,0.22,540.75,75.91,6,1272.79,25,0,398.34,2699.42,Mixed,1687.84,Education,Neutral,97.9,Low,2916.28,0,2022-01-01,0.4884221901006217,0.14306750757826078,0.9695217435028086,0.01331623559790617,0.45713433993707525,1
2022-02-14,1997,3484.62,1878.67,0.35,3007.27,inflation,727.0,0.19,603.83,475.26,2,1658.73,32,0,468.64,2826.34,Salary,1659.52,Transportation,Positive,72.9,Low,1605.95,0,2022-02-01,0.5391319569996155,0.2494530705232957,1.504436649331708,0.13638789882397506,0.8829278159549042,1
2022-03-16,1373,5903.16,3950.83,0.07,3177.92,recession,729.0,0.28,473.94,154.62,2,861.84,58,0,415.01,2607.33,Salary,961.07,Education,Neutral,12.5,Low,1952.33,0,2022-03-01,0.6692737449095061,0.10504375030056975,0.6599448723432798,0.026192751001158702,0.21814150444337013,1
2022-04-15,1833,5181.98,2570.98,0.15,3424.28,normal,673.0,0.11,617.75,328.09,4,958.09,68,0,523.82,2794.96,Salary,1239.92,Healthcare,Positive,89.7,Low,2611.0,0,2022-04-01,0.49613854163852433,0.20374331966798653,1.0871185306770181,0.0633136368723924,0.37265556324825555,1
2022-05-15,1718,6712.01,3051.14,0.33,3049.8,inflation,738.0,0.48,663.06,177.35,3,478.09,84,0,400.17,2530.5,Salary,1607.09,Insurance,Neutral,83.2,High,3660.87,1,2022-05-01,0.4545791797092078,0.13115425709734724,0.8293621400525706,0.026422785424932323,0.15669225273176582,3
2022-06-14,1784,2743.5,3528.19,0.38,3256.78,recession,718.0,0.24,815.83,383.06,4,1081.61,70,0,312.33,1722.86,Mixed,1018.42,Utilities,Positive,5.8,Low,0.0,0,2022-06-01,1.2860178603973027,0.08852414410788534,0.48831270424778705,0.13962456715873883,0.30656228831213733,1
2022-07-14,1764,4796.91,2050.75,0.17,2328.15,recession,674.0,0.45,399.45,538.89,2,610.58,36,0,627.72,2213.04,Salary,1986.16,Transportation,Positive,58.1,Medium,2746.16,1,2022-07-01,0.42751479598324754,0.3060928928440814,1.0791369011337315,0.11234106956353153,0.29773497500914303,2
2022-08-13,1479,4268.52,1838.84,0.31,3406.41,normal,580.0,0.46,248.24,357.15,4,910.69,63,0,422.13,1928.92,Salary,1229.73,Transportation,Positive,0.7,High,2429.68,0,2022-08-01,0.4307910001593057,0.2295632028887777,1.0489874051032173,0.08367068679542322,0.49525244175675975,3
2022-09-12,1868,5117.31,4416.02,0.36,3283.95,normal,672.0,0.17,508.74,540.66,1,0.0,81,0,666.53,2387.15,Salary,1944.15,Groceries,Positive,9.1,Medium,701.29,0,2022-09-01,0.8629572959230534,0.15093455192684813,0.5405659394658539,0.10565316543261986,0.0,2
2022-10-12,1888,4105.57,2607.75,0.33,2529.47,normal,698.0,0.4,61.39,459.11,4,1228.18,87,0,490.37,2615.95,Salary,702.63,Entertainment,Neutral,48.8,Low,1497.82,0,2022-10-01,0.6351736786852983,0.18804333237465248,1.00314447320487,0.11182612889318659,0.4709730610679705,1
2022-11-11,1072,4602.11,4009.33,0.06,3575.51,recession,720.0,0.15,70.27,580.62,3,899.79,52,0,701.75,1253.46,Salary,1642.09,Entertainment,Positive,27.5,Medium,592.78,0,2022-11-01,0.8711938654225997,0.17502924428769895,0.3126357770500308,0.12616386831257836,0.2244240309478142,2
2022-12-11,1578,3902.73,2532.39,0.08,3769.06,normal,655.0,0.3,673.03,124.09,7,902.4,78,0,369.75,1698.15,Salary,1003.65,Transportation,Positive,28.3,High,1370.34,0,2022-12-01,0.6488765556418199,0.14600831625460534,0.6705720682833214,0.0317956917337351,0.3563432172769597,3
2023-01-10,1728,4895.09,1339.63,0.19,2589.16,normal,714.0,0.57,891.08,447.1,6,552.08,94,0,450.26,1693.9,Salary,459.63,Rent,Positive,14.0,Low,3555.46,1,2023-01-01,0.273668104161517,0.3361077312392227,1.2644536177899868,0.09133642078082324,0.4121137926143786,1
2023-02-09,1459,4061.25,4247.81,0.38,3379.84,inflation,673.0,0.46,554.55,345.47,3,177.22,94,0,375.48,2866.68,Salary,490.45,Education,Positive,68.7,Low,0.0,0,2023-02-01,1.0459365958756541,0.08839378409109636,0.6748606929217643,0.0850649430594029,0.04172032176580402,1
2023-03-11,1950,3617.52,2908.4,0.17,2551.03,inflation,820.0,0.18,252.3,914.62,5,1280.25,62,0,383.37,2203.31,Salary,1308.24,Groceries,Positive,72.9,High,709.12,0,2023-03-01,0.8039762046927177,0.13181474350158162,0.7575677348370238,0.25283066852429287,0.44019048273965067,3
2023-04-10,1344,4172.12,2373.49,0.34,1864.69,normal,632.0,0.58,665.55,222.95,5,1170.57,77,0,513.69,2193.91,Freelance,1042.82,Healthcare,Negative,24.4,Low,1798.63,0,2023-04-01,0.5688930327986731,0.21642812904204362,0.9243392641216099,0.05343806026672291,0.4931851408685101,1
2023-05-10,1930,4209.95,3947.05,0.3,3521.72,recession,636.0,0.28,145.2,107.43,7,799.43,70,0,746.55,2882.91,Freelance,1550.14,Healthcare,Neutral,19.0,Low,262.9,0,2023-05-01,0.9375527025261583,0.18914125739476315,0.7303961186202353,0.025518117792372834,0.20253860478078564,1
2023-06-09,1993,4454.33,2760.33,0.21,3128.55,recession,630.0,0.47,172.88,271.03,6,1020.89,57,0,647.48,1360.5,Salary,1416.99,Dining Out,Positive,69.8,Low,1694.0,0,2023-06-01,0.6196958914135234,0.23456615694500296,0.4928758518003282,0.060846412367292046,0.3698434607456355,1
2023-07-09,1975,3561.18,4136.58,0.29,2836.7,recession,605.0,0.25,677.76,397.47,6,20.88,77,0,441.87,2538.2,Freelance,802.56,Dining Out,Negative,59.8,Low,0.0,0,2023-07-01,1.1615756575067815,0.10682012677139086,0.6135986733001658,0.11161188145502335,0.00504764805709064,1
2023-08-08,1426,3750.76,3956.7,0.39,1764.11,normal,665.0,0.59,112.4,487.28,5,1886.76,35,0,415.56,2190.62,Salary,1325.88,Rent,Positive,17.7,Low,0.0,0,2023-08-01,1.0549062056756495,0.10502691636970203,0.5536482422220538,0.12991500389254443,0.47685192205625904,1
2023-09-07,1317,3769.06,2503.37,0.3,2732.73,normal,614.0,0.13,647.69,533.04,4,1710.69,91,0,492.02,2838.84,Salary,1455.23,Education,Neutral,28.8,Low,1265.69,0,2023-09-01,0.6641894796049943,0.19654305995518043,1.1340073580813066,0.14142518293685957,0.683354837678809,1
2023-10-07,1502,3108.18,3185.75,0.4,2978.05,inflation,755.0,0.28,368.21,344.38,5,719.58,43,0,227.6,1570.88,Salary,1127.31,Utilities,Positive,82.8,Low,0.0,0,2023-10-01,1.0249567270878779,0.0714431452562191,0.4930958173114652,0.11079795893416726,0.22587459781841013,1
2023-11-06,1707,3192.26,2997.43,0.33,3083.63,normal,685.0,0.26,641.14,220.62,1,1617.45,67,0,513.13,1076.34,Salary,1246.56,Entertainment,Positive,86.4,High,194.83,0,2023-11-01,0.9389680038593347,0.17118998608808214,0.35908761839309006,0.0691109120184446,0.5396122678427854,3
2019-01-01,1359,6802.41,2881.49,0.12,2901.81,recession,657.0,0.38,468.66,189.62,7,1145.32,79,0,606.92,2246.1,Salary,1281.81,Dining Out,Positive,11.5,Low,3920.92,1,2019-01-01,0.4235984011548848,0.21062714081950656,0.7794925541993899,0.027875414742716185,0.3974749174906038,1
2019-01-31,1802,5017.84,1696.8,0.13,3292.51,normal,682.0,0.43,662.23,615.56,7,1248.41,51,0,482.81,2076.11,Freelance,1252.92,Investments,Positive,16.0,Low,3321.04,1,2019-01-01,0.3381534684246608,0.28454148986327205,1.223544318717586,0.12267429810436362,0.7357437529467233,1
2019-03-02,1643,3117.18,3741.47,0.15,3422.66,normal,674.0,0.48,316.54,275.23,6,576.59,81,0,624.03,2316.03,Freelance,1476.23,Healthcare,Positive,26.5,Low,0.0,0,2019-03-01,1.200273965571446,0.16678738570668747,0.6190160551868651,0.08829454827760991,0.15410787738509196,1
2019-04-01,1852,3232.93,2727.35,0.24,2978.26,normal,663.0,0.14,476.43,0.62,6,1340.01,98,0,313.98,2076.37,Freelance,881.98,Investments,Positive,90.4,Low,505.58,0,2019-04-01,0.8436155437946383,0.11512273818908465,0.7613140961006105,0.00019177649995514906,0.49132307917942325,1
2019-05-01,1193,4316.14,2878.56,0.17,2822.4,normal,639.0,0.55,407.55,313.41,8,449.99,91,0,495.1,2791.19,Salary,1332.18,Healthcare,Positive,97.2,Low,1437.58,0,2019-05-01,0.6669292469660391,0.17199572008226335,0.9696480184536713,0.07261349261145375,0.1563246901228392,1
2019-05-31,1009,3198.29,3076.64,0.38,2749.89,normal,734.0,0.25,577.04,786.77,8,659.27,38,0,648.9,2602.84,Salary,369.75,Rent,Negative,27.2,High,121.65,0,2019-05-01,0.9619640495389724,0.21091190389515835,0.8460008320765511,0.24599707968945905,0.21428246398668677,3
2019-06-30,1112,4830.77,2529.59,0.36,3016.71,normal,675.0,0.37,509.29,634.93,2,1463.39,82,0,282.24,2194.55,Freelance,1498.59,Rent,Negative,76.7,Medium,2301.18,0,2019-06-01,0.5236411586558665,0.1115753936408667,0.8675516585691753,0.13143453321106158,0.5785087701959606,2
2019-07-30,1997,4387.06,4041.03,0.07,2331.12,normal,742.0,0.58,731.5,302.76,2,1293.74,64,0,267.76,2642.72,Salary,1651.83,Investments,Positive,69.3,Low,346.03,0,2019-07-01,0.9211248535465665,0.06626033461765936,0.6539718834059632,0.0690120490715878,0.32015105059848603,1
2019-08-29,1361,2299.83,3381.44,0.17,2504.76,normal,740.0,0.47,508.06,742.51,7,729.88,66,0,699.82,1815.15,Salary,1349.08,Healthcare,Negative,83.4,Low,0.0,0,2019-08-01,1.4702999786940774,0.20695916532601497,0.5367979322418851,0.3228542979263685,0.2158488691208479,1
2019-09-28,1946,4335.41,3622.24,0.05,2914.92,inflation,671.0,0.49,292.96,258.66,1,943.66,97,0,592.32,2888.68,Mixed,1696.48,Utilities,Negative,31.1,Low,713.17,0,2019-09-01,0.835501140607232,0.16352312381288928,0.7974844295242722,0.05966217727965752,0.2605183532841557,1
2019-10-28,1362,4116.08,3280.24,0.08,2847.94,recession,657.0,0.14,325.4,612.46,3,1063.38,71,0,822.21,2047.76,Freelance,1043.64,Education,Positive,53.4,High,835.84,0,2019-10-01,0.796933004217605,0.25065543984586497,0.624271394775992,0.14879691356824942,0.32417749920737515,3
2019-11-27,1719,3380.05,2043.2,0.21,2381.25,normal,655.0,0.39,474.04,225.3,9,899.27,39,0,396.28,2706.53,Salary,1059.82,Rent,Neutral,11.2,Medium,1336.85,0,2019-11-01,0.604488099288472,0.19395066562255284,1.3246525058731402,0.0666558187009068,0.44012823022709474,2
2019-12-27,1242,3475.1,3307.57,0.27,2600.36,inflation,704.0,0.51,618.3,665.62,5,702.17,97,0,144.86,1000.0,Salary,1014.69,Entertainment,Positive,56.7,Low,167.53,0,2019-12-01,0.9517913153578315,0.043796503173024304,0.30233676082441185,0.19153981180397686,0.21229180334807726,1
2020-01-26,1958,3874.11,2638.1,0.36,2786.25,inflation,576.0,0.57,542.03,593.88,4,392.49,37,0,779.48,2333.41,Salary,784.48,Healthcare,Negative,84.1,High,1236.01,0,2020-01-01,0.6809564003087161,0.2954702247829878,0.8845039990902543,0.15329456313837242,0.14877752928243812,3
2020-02-25,1479,4511.12,4149.19,0.39,2661.05,normal,684.0,0.14,581.61,321.99,7,789.42,53,0,586.1,2044.63,Salary,1335.47,Education,Positive,95.4,High,361.93,0,2020-02-01,0.9197693699125715,0.14125648620574138,0.4927781084982853,0.07137695295181684,0.1902588216013246,3
2020-03-26,1226,4760.28,3543.35,0.07,2947.74,normal,632.0,0.22,111.38,686.84,2,949.81,69,0,682.25,2850.31,Salary,1535.29,Rent,Positive,69.8,Low,1216.93,0,2020-03-01,0.7443574747703917,0.19254377919200757,0.8044110799102544,0.14428563025704372,0.2680542424541747,1
2020-04-25,1570,6003.35,3555.37,0.36,4262.52,inflation,712.0,0.19,397.27,107.59,4,1168.22,91,0,342.13,2276.75,Freelance,1818.81,Transportation,Positive,31.1,Low,2447.98,0,2020-04-01,0.5922310043559013,0.09622908445534502,0.6403693567758068,0.017921660406273163,0.3285790227177481,1
2020-05-25,1240,6748.16,2264.1,0.13,2867.57,normal,622.0,0.31,599.46,349.02,2,826.83,78,0,416.16,2437.41,Salary,1195.3,Education,Neutral,49.1,Low,4484.06,1,2020-05-01,0.3355136807663126,0.18380813568305288,1.0765469723068768,0.05172076536418816,0.36519146680800324,1
2020-06-24,1709,3590.36,3109.52,0.27,3234.53,recession,785.0,0.3,496.52,218.33,7,1331.47,97,0,0.0,2192.51,Salary,1275.59,Education,Positive,1.9,Low,480.84,0,2020-06-01,0.8660747111710246,0.0,0.7050959633641206,0.060810058044318674,0.42819148936170215,1
2020-07-24,1685,4044.55,2092.14,0.3,3915.19,normal,733.0,0.28,635.06,887.61,5,1001.45,80,0,851.84,2380.43,Freelance,1406.48,Healthcare,Positive,48.3,Low,1952.41,0,2020-07-01,0.5172738623579879,0.40716204460504557,1.1377967057653886,0.219458283368978,0.4786725553739234,1
2020-08-23,1399,3317.78,2602.6,0.2,3113.63,normal,664.0,0.22,771.67,0.0,9,1376.96,59,1,397.4,2164.82,Salary,1824.75,Utilities,Positive,66.1,Low,715.18,0,2020-08-01,0.7844401979636986,0.1526934603857681,0.8317912856374395,0.0,0.5290709290709291,1
2020-09-22,1655,3829.03,3488.95,0.21,3042.72,inflation,747.0,0.53,258.94,335.92,5,128.65,51,0,83.77,1744.86,Mixed,959.2,Investments,Positive,55.9,Low,340.08,0,2020-09-01,0.9111837723914411,0.024010088995256453,0.5001103483856174,0.08772979057359175,0.03687355794723341,1
2020-10-22,1503,4266.37,2658.72,0.17,2807.27,normal,656.0,0.36,550.61,514.27,6,818.65,80,0,485.97,2290.01,Salary,1194.59,Groceries,Positive,77.0,Low,1607.65,0,2020-10-01,0.6231808305421236,0.18278344466510202,0.8613204850454356,0.12054041257556189,0.3079113257507372,1
2020-11-21,1111,5725.3,3630.85,0.32,1808.28,normal,702.0,0.2,466.54,225.96,7,737.75,93,0,0.0,2267.57,Salary,762.23,Education,Negative,81.1,Low,2094.45,1,2020-11-01,0.6341763750371159,0.0,0.6245286916286821,0.03946692749724905,0.20318933583045293,1
2020-12-21,1556,4065.92,3003.18,0.35,3100.27,normal,683.0,0.44,338.35,372.94,5,256.55,59,0,512.45,2665.7,Salary,300.0,Insurance,Positive,80.0,High,1062.74,0,2020-12-01,0.7386225011805446,0.17063579272637674,0.8876257833363301,0.09172339839445931,0.08542611498478281,3
2021-01-20,1280,4168.25,2175.41,0.2,2758.64,recession,654.0,0.54,396.52,606.66,9,353.3,74,0,416.75,2300.51,Salary,1417.37,Education,Positive,99.7,Low,1992.84,0,2021-01-01,0.5219000779703712,0.19157308277520102,1.0575064010922082,0.14554309362442272,0.16240616711332578,1
2021-02-19,1171,3353.2,2892.26,0.33,2418.31,normal,730.0,0.43,900.04,518.33,5,105.41,81,0,305.76,1759.46,Salary,1470.17,Utilities,Positive,16.6,Low,460.94,0,2021-02-01,0.8625372778241681,0.10571663681688367,0.6083339672090338,0.1545777168078254,0.036445547772330285,1
2021-03-21,1400,4950.54,2776.35,0.29,3313.1,inflation,767.0,0.59,196.78,366.2,9,1376.91,91,0,558.82,2649.05,Salary,1159.22,Entertainment,Positive,45.1,Low,2174.19,0,2021-03-01,0.5608176077761213,0.20127865722981614,0.9541484322941993,0.0739717283367067,0.4959425144524286,1
2021-04-20,1725,4947.25,3407.54,0.09,2457.66,inflation,771.0,0.45,491.53,172.2,2,1527.53,41,0,569.48,3025.66,Mixed,1167.4,Transportation,Positive,78.9,High,1539.71,0,2021-04-01,0.6887745717317701,0.16712349671610605,0.8879308826895649,0.034807216130173325,0.4482794039101522,3
2021-05-20,1480,4827.87,3453.24,0.16,1983.43,normal,636.0,0.6,771.44,435.15,8,278.03,55,0,317.74,1803.97,Salary,1576.44,Entertainment,Positive,87.6,Low,1374.63,0,2021-05-01,0.7152719522273797,0.09201213932422884,0.5223992540338929,0.09013291575788081,0.08051279378207132,1
2021-06-19,1809,3486.31,1466.9,0.35,2722.77,normal,694.0,0.52,410.72,631.06,5,1079.41,55,0,777.42,1644.0,Salary,1021.38,Entertainment,Neutral,26.2,Low,2019.41,0,2021-06-01,0.4207600586293245,0.529974776740064,1.1207307928284136,0.1810108682245698,0.7358442974981253,1
2021-07-19,1247,4364.97,3887.58,0.18,2965.72,normal,705.0,0.26,360.61,214.93,7,981.77,49,0,0.0,1688.98,Salary,1332.81,Transportation,Positive,77.0,Low,477.39,0,2021-07-01,0.8906315507323074,0.0,0.4344553681210419,0.0492397427702825,0.2525401406530541,1
2021-08-18,1163,4006.41,2542.71,0.09,3331.33,normal,617.0,0.27,565.96,554.22,2,939.87,62,0,373.62,3211.01,Freelance,1089.74,Rent,Positive,38.3,Low,1463.7,0,2021-08-01,0.6346604566182693,0.1469377160588506,1.2628298154331403,0.13833332085333255,0.3696331866394516,1
2021-09-17,1821,3180.89,3172.94,0.15,3242.5,normal,645.0,0.47,585.24,340.72,4,1422.93,22,0,692.93,1550.71,Salary,1377.93,Transportation,Neutral,4.6,Low,7.95,0,2021-09-01,0.9975006994897655,0.2183873631395488,0.48872969548746586,0.10711467545246772,0.4484578970922867,1
2021-10-17,1302,4171.22,2548.5,0.38,2874.13,inflation,599.0,0.21,0.0,869.82,5,226.45,24,0,595.74,1633.11,Salary,646.15,Investments,Negative,9.4,Medium,1622.72,0,2021-10-01,0.6109723294383896,0.23376103590347264,0.6408122424955855,0.20852891959666475,0.08885618991563664,2
2021-11-16,1791,5134.13,2294.03,0.2,3252.83,normal,680.0,0.48,1105.97,505.76,6,1068.61,45,0,607.18,2860.96,Mixed,946.33,Investments,Positive,68.3,Low,2840.1,0,2021-11-01,0.44681961695555045,0.2646783171972467,1.2471327750726886,0.09850938717952214,0.46582215576954084,1
2021-12-16,1670,4570.17,3163.22,0.39,2395.65,normal,620.0,0.47,107.82,242.79,4,43.48,50,0,532.75,1037.99,Salary,1510.66,Utilities,Positive,65.1,Low,1406.95,0,2021-12-01,0.6921449311513576,0.16842015414672393,0.3281434740549187,0.05312493845961966,0.01374548719342948,1
2022-01-15,1415,3898.71,3861.04,0.05,3391.25,inflation,624.0,0.2,226.0,184.07,8,1573.83,22,0,492.68,2012.61,Salary,2006.58,Healthcare,Positive,11.4,Low,37.67,0,2022-01-01,0.9903378296923854,0.12760292563661604,0.521261110996001,0.04721305252250103,0.40761815469407203,1
2022-02-14,1924,3878.41,2047.95,0.38,2301.7,recession,768.0,0.46,465.39,737.6,7,465.75,98,0,400.4,1603.36,Salary,842.51,Rent,Neutral,84.3,Low,1830.46,0,2022-02-01,0.5280385518807965,0.19551258575648817,0.7829097390072999,0.19018102779231696,0.22742254449571522,1
2022-03-16,1353,4224.28,3702.41,0.33,2943.29,normal,666.0,0.33,383.94,435.17,2,1702.58,72,0,408.52,2123.31,Freelance,1386.74,Dining Out,Positive,47.0,Low,521.87,0,2022-03-01,0.8764594203035784,0.1103389413922283,0.5734940214616966,0.10301637202079408,0.45985722812978574,1
2022-04-15,1117,4464.05,2124.06,0.29,2588.56,inflation,602.0,0.6,628.37,221.61,5,187.97,93,0,313.98,2489.17,Salary,426.65,Groceries,Positive,40.6,Medium,2339.99,0,2022-04-01,0.4758145630089268,0.1478206830315528,1.1718925077446023,0.04964326116418947,0.08849561688464544,2
2022-05-15,1502,4499.07,2834.68,0.07,2230.56,recession,691.0,0.23,179.29,188.26,9,123.89,56,0,392.34,2332.14,Salary,1581.66,Rent,Positive,22.7,Low,1664.39,0,2022-05-01,0.6300591011031169,0.1384071570688755,0.8227172026472124,0.04184420335758279,0.04370510957145075,1
2022-06-14,1251,4082.03,2842.12,0.36,2462.47,normal,665.0,0.42,458.68,0.0,5,1273.22,41,0,508.05,1432.87,Salary,1135.22,Entertainment,Negative,95.8,Low,1239.91,0,2022-06-01,0.6962516199048022,0.17875740644307772,0.5041553488241172,0.0,0.4479824919426344,1
2022-07-14,1975,3506.1,1785.56,0.31,3100.33,inflation,643.0,0.34,481.0,292.54,8,1186.76,28,0,876.53,3021.2,Salary,1451.27,Dining Out,Positive,73.5,Low,1720.54,0,2022-07-01,0.5092724109409316,0.490899213692063,1.692018190371648,0.08343743760873906,0.6646430251573736,1
2022-08-13,1602,5791.8,2095.54,0.1,2531.15,inflation,634.0,0.53,578.9,400.11,2,1295.62,46,0,500.96,1446.29,Salary,1471.42,Insurance,Neutral,0.1,Low,3696.26,1,2022-08-01,0.36181152664111327,0.23906009906754344,0.6901753247372993,0.06908215062674816,0.6182750031018257,1
2022-09-12,1336,4594.62,3771.01,0.34,2378.05,recession,689.0,0.1,357.54,218.58,2,2152.83,29,0,689.36,2960.52,Salary,751.3,Education,Positive,83.2,Low,823.61,0,2022-09-01,0.820744697058734,0.18280513708529014,0.7850734948992445,0.0475730310667694,0.5708894964479012,1
2022-10-12,1641,4460.61,2793.19,0.24,2424.43,recession,678.0,0.53,637.2,978.79,2,21.26,34,0,640.12,1509.18,Salary,685.73,Utilities,Positive,90.0,Low,1667.42,0,2022-10-01,0.6261901399135993,0.22917166393979643,0.5403069608583734,0.21942962957981085,0.007611369079797651,1
2022-11-11,1550,2687.96,3789.69,0.2,3631.85,normal,625.0,0.36,476.73,554.51,2,1289.46,92,0,559.46,1003.98,Salary,1134.09,Investments,Neutral,37.6,High,0.0,0,2022-11-01,1.4098758910102829,0.14762685074504775,0.26492404391915964,0.20629399247012603,0.34025474379170856,3
2022-12-11,1467,3904.36,3337.18,0.14,2056.6,normal,719.0,0.39,624.27,84.94,9,1070.12,86,0,330.17,3057.79,Salary,1191.83,Insurance,Positive,14.5,Medium,567.18,0,2022-12-01,0.8547316333534817,0.09893682690175538,0.9162796133262215,0.021755166019526886,0.32066595149197824,2
2023-01-10,1834,4357.92,3324.14,0.32,2326.49,inflation,692.0,0.22,772.48,88.59,3,1359.23,23,0,518.99,1840.62,Salary,1483.76,Investments,Negative,26.0,Medium,1033.78,0,2023-01-01,0.762781326871535,0.15612759992058098,0.5537131408424435,0.020328505341998017,0.40889673720120095,2
2023-02-09,1296,3498.12,2721.36,0.16,3446.86,recession,745.0,0.44,793.11,424.08,5,975.63,86,0,641.96,2528.08,Salary,1303.82,Dining Out,Positive,63.1,Low,776.76,0,2023-02-01,0.7779492984803267,0.23589675750360115,0.9289766881265249,0.12123083256149017,0.3585082458770614,1
2023-03-11,1677,4557.22,3593.32,0.26,2136.21,normal,670.0,0.4,505.12,594.26,2,241.06,45,0,734.9,2254.72,Freelance,300.0,Groceries,Neutral,74.2,Medium,963.9,0,2023-03-01,0.7884894738458973,0.2045183841127425,0.6274754266249596,0.13039967348515102,0.06708559215433081,2
2023-04-10,1496,5531.43,2702.48,0.11,3592.07,normal,687.0,0.3,662.43,437.28,4,1162.21,84,0,387.42,3190.88,Salary,1712.22,Rent,Positive,89.6,Medium,2828.95,0,2023-04-01,0.4885680556384154,0.14335721263432108,1.180722891566265,0.07905369859150345,0.4300531363784376,2
2023-05-10,1058,4337.74,3579.39,0.12,2480.08,normal,629.0,0.13,455.88,558.82,5,1419.74,96,0,662.51,1886.22,Freelance,1750.57,Healthcare,Negative,98.1,Low,758.35,0,2023-05-01,0.8251739385025382,0.18509019693299697,0.5269668854190239,0.12882745392762132,0.3966430034167833,1
2023-06-09,1140,5821.89,1317.78,0.4,2351.54,inflation,667.0,0.55,283.45,368.32,3,640.04,96,0,486.38,2117.72,Salary,1848.54,Investments,Positive,56.1,High,4504.11,1,2023-06-01,0.2263491752678254,0.36909043998239466,1.6070360758244926,0.06326467865246509,0.4856956396363581,3
2023-07-09,1353,4405.97,3392.62,0.15,2937.88,normal,677.0,0.55,608.56,277.5,5,512.58,33,0,682.62,2173.57,Mixed,1028.87,Rent,Positive,47.0,Medium,1013.35,0,2023-07-01,0.7700052428863564,0.20120732649103054,0.6406759377708084,0.06298272571079694,0.15108677069639395,2
2023-08-08,1798,3650.9,3311.91,0.07,2036.34,normal,727.0,0.59,691.54,809.59,2,548.06,87,0,635.1,2353.47,Mixed,2056.85,Insurance,Neutral,54.7,Low,338.99,0,2023-08-01,0.9071489221835711,0.19176245731315164,0.7106080781180648,0.2217508011723137,0.16548154992134448,1
2023-09-07,1224,3373.4,3374.24,0.37,2677.72,normal,756.0,0.38,475.08,230.82,3,2019.37,94,0,1030.86,1905.18,Salary,876.46,Groceries,Neutral,90.2,High,0.0,0,2023-09-01,1.0002490069366217,0.3055087960548153,0.5646249229456115,0.06842354894172052,0.5984666176679786,3
2023-10-07,1583,3661.73,2472.35,0.31,3060.18,normal,664.0,0.54,635.0,294.96,1,1219.51,86,0,278.5,2474.15,Salary,636.09,Healthcare,Neutral,19.9,Low,1189.38,0,2023-10-01,0.6751863190349916,0.11264586324751755,1.0007280522579733,0.08055208876678509,0.4932594495115983,1
2023-11-06,1834,3284.41,2811.95,0.17,2479.68,normal,609.0,0.27,347.2,207.8,2,1442.11,89,0,606.5,1970.58,Salary,1292.2,Groceries,Neutral,12.0,Low,472.46,0,2023-11-01,0.8561507241787718,0.21568662316186277,0.7007877095965434,0.06326859314153836,0.5128505129892068,1
2019-01-01,1235,2400.4,1700.57,0.27,3172.36,normal,599.0,0.42,479.42,248.1,4,309.59,48,0,76.45,2245.34,Salary,787.57,Utilities,Neutral,2.6,Medium,699.83,0,2019-01-01,0.7084527578736877,0.04495551491558713,1.3203455312042434,0.1033577737043826,0.1820507241689551,2
2019-01-31,1923,5153.27,3231.29,0.38,2391.14,normal,663.0,0.36,689.43,791.17,6,1456.19,39,0,298.44,1342.62,Salary,640.91,Education,Positive,82.7,Low,1921.98,0,2019-01-01,0.6270368135184067,0.0923593982588997,0.4155058815519498,0.15352776004362276,0.4506528352453664,1
2019-03-02,1371,3598.81,2170.71,0.32,3540.89,normal,634.0,0.17,193.44,243.45,3,1459.11,45,0,661.59,2832.13,Salary,673.24,Transportation,Positive,36.7,Low,1428.1,0,2019-03-01,0.6031743826431515,0.30478046353497246,1.304702148145077,0.06764736121106699,0.672180991472836,1
2019-04-01,1733,6108.45,2366.21,0.16,2579.08,recession,707.0,0.11,475.88,325.84,8,521.19,58,0,662.9,2904.61,Salary,1369.92,Entertainment,Neutral,79.0,Medium,3742.24,1,2019-04-01,0.387366680581817,0.2801526491731503,1.2275368627467553,0.053342500961782446,0.22026362833391797,2
2019-05-01,1220,5941.69,2357.02,0.13,3184.69,normal,736.0,0.43,339.69,124.97,4,915.45,32,0,765.73,2208.88,Salary,1749.7,Dining Out,Neutral,81.8,Low,3584.67,1,2019-05-01,0.39669185029848414,0.32487208424196656,0.9371494514259532,0.02103273647733221,0.38839297078514395,1
2019-05-31,1512,6568.53,3630.21,0.22,2822.82,normal,724.0,0.45,634.16,439.86,1,1098.11,38,0,727.24,3002.07,Salary,1249.93,Dining Out,Positive,48.7,Medium,2938.32,1,2019-05-01,0.552667035090043,0.20033000845681104,0.826968687761865,0.06696475467113647,0.30249214232785426,2
2019-06-30,1070,5075.63,1684.02,0.31,3846.76,normal,700.0,0.41,382.81,194.9,2,723.72,25,0,744.47,1694.69,Salary,1255.78,Utilities,Positive,41.8,Medium,3391.61,0,2019-06-01,0.33178541383040133,0.44207907269509866,1.0063360292633106,0.03839917409267421,0.42975736630206296,2
2019-07-30,1627,3542.86,2872.43,0.08,1539.01,normal,689.0,0.49,206.75,355.32,2,686.12,35,0,321.89,3259.13,Salary,482.93,Education,Negative,64.3,Medium,670.43,0,2019-07-01,0.8107658784146141,0.11206191273590653,1.1346246905929824,0.10029185460334306,0.23886395839063093,2
2019-08-29,1856,3839.81,3850.24,0.39,3066.87,recession,738.0,0.37,36.38,269.63,2,1677.24,89,0,434.05,1000.0,Salary,1415.55,Dining Out,Neutral,24.5,High,0.0,0,2019-08-01,1.0027162802326157,0.11273323221409576,0.2597240691489362,0.07021962024162653,0.4356195977393617,3
2019-09-28,1048,3642.81,2100.88,0.2,2936.39,normal,650.0,0.55,527.31,376.91,1,498.42,38,0,843.03,2424.02,Salary,1045.58,Groceries,Neutral,47.5,Low,1541.93,0,2019-09-01,0.5767196202931254,0.4012747039335897,1.1538117360344236,0.1034668291785737,0.23724344084383686,1
2019-10-28,1939,3051.32,1429.9,0.16,3323.75,normal,652.0,0.21,844.54,674.72,3,1551.25,38,0,601.41,2366.74,Salary,1042.6,Rent,Positive,89.9,High,1621.42,0,2019-10-01,0.46861686089954513,0.42059584586334703,1.6551786838240434,0.22112397257580327,1.0848660745506677,3
2019-11-27,1349,4959.68,3802.55,0.07,2342.41,normal,696.0,0.33,1020.47,492.43,1,1189.52,65,0,449.1,1872.0,Freelance,1513.29,Groceries,Positive,96.1,Medium,1157.13,0,2019-11-01,0.7666926092005936,0.11810495588486673,0.49230121891888334,0.09928664752564681,0.31282165914978105,2
2019-12-27,1144,5209.06,2367.65,0.16,3119.57,recession,672.0,0.57,757.5,403.08,1,0.0,48,0,459.2,2119.27,Salary,1511.43,Education,Positive,63.0,Low,2841.41,0,2019-12-01,0.454525384618338,0.19394758515827928,0.8950942918083331,0.07738056386372973,0.0,1
2020-01-26,1182,3503.81,2708.25,0.24,2741.25,normal,782.0,0.5,508.9,78.58,4,590.89,87,0,386.19,2282.18,Salary,1514.94,Healthcare,Positive,74.9,Low,795.56,0,2020-01-01,0.7729443091948479,0.1425976183882581,0.8426770054463214,0.022427015163493453,0.21818148250715405,1
2020-02-25,1790,3236.55,1999.26,0.06,2890.69,normal,738.0,0.51,408.68,269.96,3,709.63,48,0,906.36,1825.72,Freelance,1257.6,Education,Positive,90.0,Low,1237.29,0,2020-02-01,0.6177133058349168,0.4533477386633054,0.9131978832167902,0.08340980364894716,0.3549463301421526,1
2020-03-26,1714,4685.03,2951.98,0.09,1814.53,inflation,729.0,0.6,582.24,541.42,6,690.53,41,0,743.8,2361.16,Salary,1086.03,Utilities,Positive,83.3,Medium,1733.05,0,2020-03-01,0.6300877475704532,0.25196647673764727,0.7998563675905663,0.115563827766311,0.23392096152412956,2
2020-04-25,1176,5323.58,4325.15,0.31,2673.2,normal,679.0,0.5,678.56,524.21,8,80.93,99,1,639.84,2987.39,Salary,678.98,Education,Positive,98.2,Low,998.43,0,2020-04-01,0.8124513954895014,0.1479347537079639,0.6907020565760725,0.09846945100853186,0.018711489774921104,1
2020-05-25,1858,3967.93,3930.95,0.33,3717.77,normal,703.0,0.22,433.48,533.5,8,1197.12,38,0,933.12,2354.67,Freelance,1624.31,Utilities,Negative,19.8,Medium,36.98,0,2020-05-01,0.9906802791379888,0.2373777331179486,0.5990078734148234,0.13445297674102114,0.30453707119144224,2
2020-06-24,1154,4587.59,3315.82,0.27,2841.99,normal,615.0,0.19,786.35,703.23,1,630.76,70,0,11.55,2305.5,Mixed,794.47,Dining Out,Neutral,79.7,Medium,1271.77,0,2020-06-01,0.7227803705213413,0.0034833012648454982,0.6953031226061728,0.15328963573466678,0.19022745504882652,2
2020-07-24,1977,3416.77,1657.71,0.39,2732.74,recession,646.0,0.44,683.93,355.08,2,981.95,59,0,514.99,1696.89,Salary,776.69,Investments,Positive,55.2,Medium,1759.06,0,2020-07-01,0.4851687412380699,0.3106635056795217,1.02363501456829,0.10392271063021508,0.5923533066700448,2
2020-08-23,1334,1244.83,2212.0,0.35,2508.27,inflation,682.0,0.36,426.04,399.7,5,876.12,61,0,648.84,2020.35,Salary,1114.76,Education,Negative,69.9,High,0.0,0,2020-08-01,1.7769494629788807,0.2933273056057866,0.9133589511754069,0.3210880200509307,0.3960759493670886,3
2020-09-22,1115,4251.65,2278.15,0.34,2934.39,inflation,652.0,0.41,225.67,159.53,2,999.14,69,0,300.99,2528.86,Salary,1278.13,Utilities,Positive,89.6,Low,1973.5,0,2020-09-01,0.5358272670610235,0.13212036081908565,1.1100498211267915,0.03752190326108688,0.43857515966902966,1
2020-10-22,1045,3951.81,3257.29,0.36,1788.06,normal,708.0,0.41,393.0,67.54,7,1100.02,71,0,293.5,2767.74,Salary,867.53,Transportation,Positive,13.0,High,694.52,0,2020-10-01,0.8242526842130568,0.09010557856377541,0.8497063509850212,0.017090902649671925,0.33771018239088324,3
2020-11-21,1085,2735.13,3130.58,0.13,3899.79,recession,740.0,0.15,364.5,407.41,5,621.56,54,0,528.33,1035.48,Salary,1278.11,Insurance,Positive,88.0,Medium,0.0,0,2020-11-01,1.1445817931871611,0.16876425454708074,0.33076298960575995,0.14895452866956965,0.1985446786218528,2
2020-12-21,1802,5106.27,1807.26,0.17,3833.62,normal,679.0,0.14,831.4,726.62,7,1277.37,88,0,284.45,2085.65,Salary,951.69,Rent,Negative,90.7,High,3299.01,0,2020-12-01,0.3539295806919728,0.15739295950776314,1.1540398171818111,0.14229956504454327,0.7067992430530194,3
2021-01-20,1215,2131.01,2020.26,0.38,2514.53,normal,647.0,0.53,256.46,41.67,2,1685.92,39,0,718.85,2449.94,Salary,1547.39,Dining Out,Positive,90.4,Medium,110.75,0,2021-01-01,0.9480293382011346,0.35582053795056084,1.212685495926267,0.019554108145902645,0.8345064496648946,2
2021-02-19,1173,4643.6,2515.23,0.34,3965.35,recession,649.0,0.29,549.16,44.41,8,1070.01,22,0,505.47,1705.18,Salary,1359.35,Entertainment,Positive,9.5,High,2128.37,0,2021-02-01,0.5416551813248341,0.20096372896315645,0.677941977473233,0.009563700577138425,0.4254123877339249,3
2021-03-21,1334,1967.29,4420.19,0.3,2976.92,inflation,614.0,0.52,213.07,540.19,5,1104.52,36,0,376.7,2463.5,Salary,853.17,Utilities,Positive,21.1,Low,0.0,0,2021-03-01,2.2468421025878236,0.08522258092977904,0.5573289835957278,0.27458585160296656,0.24988066123854405,1
2021-04-20,1198,3363.76,3213.84,0.26,2592.7,normal,649.0,0.49,543.25,220.61,2,1741.18,89,0,414.45,3281.33,Salary,882.74,Dining Out,Negative,85.2,Low,149.92,0,2021-04-01,0.955430827407425,0.12895788215965948,1.0209998008612748,0.06558434608890051,0.5417755706569088,1
2021-05-20,1914,5544.6,3234.95,0.28,2594.4,normal,694.0,0.22,177.33,246.07,8,1259.34,40,0,170.47,1000.0,Freelance,1228.11,Transportation,Negative,7.7,High,2309.65,0,2021-05-01,0.5834415467301518,0.052696332246248014,0.30912378862115336,0.044380117591891206,0.38929195196216326,3
2021-06-19,1158,3367.43,2730.8,0.2,3056.91,normal,684.0,0.23,271.27,303.36,5,1314.25,35,0,574.79,2215.08,Mixed,1051.34,Insurance,Negative,42.8,High,636.63,0,2021-06-01,0.8109448451786675,0.21048410722132704,0.8111469166544601,0.09008650513893385,0.4812692251354914,3
2021-07-19,1743,4724.07,2816.32,0.36,2871.98,normal,707.0,0.43,338.6,295.61,8,1255.05,99,0,479.04,2639.03,Salary,1284.38,Rent,Positive,62.8,Medium,1907.75,0,2021-07-01,0.5961639010429567,0.1700943074650608,0.9370490569253495,0.06257527936715587,0.4456347290080672,2
2021-08-18,1205,1748.43,3125.37,0.27,2301.86,normal,607.0,0.26,483.25,872.87,6,712.72,21,0,609.9,2562.16,Salary,1358.62,Utilities,Negative,22.6,High,0.0,0,2021-08-01,1.7875293835040578,0.1951448948444504,0.8197941363742532,0.49923073843390925,0.2280433996614801,3
2021-09-17,1970,4403.25,3628.64,0.07,3384.63,normal,571.0,0.31,371.07,761.04,4,1357.22,78,0,97.24,2064.08,Salary,1415.28,Healthcare,Positive,45.6,Low,774.61,0,2021-09-01,0.8240822120024981,0.02679791877948763,0.5688301953348913,0.17283597342871743,0.3740299395916928,1
2021-10-17,1353,2997.58,3846.24,0.2,2829.67,inflation,700.0,0.33,555.05,681.13,6,1042.85,35,0,591.4,2536.34,Salary,939.69,Investments,Positive,23.1,Low,0.0,0,2021-10-01,1.2831150461372174,0.1537605557635509,0.6594336286867175,0.22722662948111477,0.27113492657764465,1
2021-11-16,1501,3893.02,3806.73,0.1,1665.95,inflation,718.0,0.14,763.87,756.29,7,1362.25,36,0,489.95,2046.04,Salary,630.11,Utilities,Positive,12.2,High,86.29,0,2021-11-01,0.9778346887506357,0.1287062649570629,0.5374796741560341,0.19426820309168716,0.3578530654919051,3
2021-12-16,1701,4641.31,3614.52,0.3,1501.54,inflation,668.0,0.18,959.17,673.59,8,1289.37,43,0,686.51,2691.27,Salary,1663.28,Insurance,Positive,88.9,Low,1026.79,0,2021-12-01,0.778771510629542,0.18993116651726924,0.7445718933634341,0.14512928462007493,0.3567195644234919,1
2022-01-15,1844,5336.88,2202.31,0.18,2721.06,inflation,616.0,0.18,544.68,55.79,9,1314.49,75,0,604.45,2840.97,Salary,1199.81,Healthcare,Positive,50.6,Low,3134.57,1,2022-01-01,0.41265870695987167,0.2744618150941512,1.289995504720044,0.010453673307250678,0.5968687423659703,1
2022-02-14,1964,4736.52,2417.53,0.07,2122.13,normal,608.0,0.55,931.82,657.29,7,1704.18,41,0,481.38,2958.11,Salary,1406.13,Education,Neutral,2.3,Medium,2318.99,1,2022-02-01,0.5104021517907662,0.19912059002370186,1.2236083936910813,0.13877065862700882,0.704926102261399,2
2022-03-16,1692,5223.8,3800.74,0.26,3225.8,normal,705.0,0.38,550.16,421.83,6,874.04,47,0,533.73,1000.0,Mixed,1831.74,Investments,Positive,42.0,Low,1423.06,0,2022-03-01,0.7275814541138634,0.14042791666885923,0.26310665817709183,0.08075156016692829,0.22996574351310534,1
2022-04-15,1977,5355.45,3311.72,0.16,1852.48,normal,673.0,0.51,551.56,330.08,6,740.2,87,0,262.87,1913.16,Salary,1551.97,Dining Out,Positive,60.5,Low,2043.73,1,2022-04-01,0.6183831424063337,0.07937567185631636,0.5776937663812158,0.06163440980683229,0.22350923387242885,1
2022-05-15,1179,3052.14,2586.62,0.2,2530.32,inflation,709.0,0.36,405.98,85.53,6,837.85,41,0,598.99,2131.42,Freelance,1220.86,Dining Out,Positive,31.9,Low,465.52,0,2022-05-01,0.8474775075848421,0.23157247682303547,0.8240174436136735,0.02802296093888223,0.3239169263362999,1
2022-06-14,1019,4741.53,1856.36,0.2,3381.87,recession,702.0,0.4,329.26,593.16,1,839.81,81,0,472.39,1894.11,Salary,733.9,Investments,Negative,53.0,Low,2885.17,0,2022-06-01,0.3915107570763024,0.2544711155163869,1.0203354952703139,0.1250988604943974,0.45239608696589023,1
2022-07-14,1202,5149.06,2468.15,0.29,3702.48,normal,642.0,0.22,194.01,572.51,3,1474.59,66,0,599.06,2590.47,Mixed,770.55,Entertainment,Neutral,62.8,Medium,2680.91,0,2022-07-01,0.47933991835402967,0.2427162044446245,1.049559386585094,0.1111872846694348,0.5974474809067519,2
2022-08-13,1474,4056.19,3141.52,0.35,2682.86,normal,711.0,0.34,492.86,463.65,4,1560.78,28,0,645.66,2701.24,Freelance,1033.96,Groceries,Positive,36.9,Low,914.67,0,2022-08-01,0.7745002083235746,0.20552471415111156,0.8598512821818737,0.11430677557017792,0.49682319386793655,1
2022-09-12,1965,4811.4,3982.71,0.19,2707.33,normal,605.0,0.39,537.06,337.75,8,1764.95,94,0,253.62,2071.88,Mixed,1122.9,Healthcare,Positive,77.3,Low,828.69,0,2022-09-01,0.8277653073949371,0.06368025791483688,0.5202186450934163,0.07019786340773995,0.44315302896771297,1
2022-10-12,1314,4734.04,3175.1,0.2,3004.97,normal,582.0,0.47,522.23,156.51,5,673.57,56,0,513.04,1000.0,Salary,980.23,Utilities,Positive,47.7,Medium,1558.94,0,2022-10-01,0.670695642622369,0.16158231236811438,0.3149507102138515,0.03306055715625554,0.212141349878744,2
2022-11-11,1723,3402.86,4083.54,0.11,2831.13,inflation,700.0,0.27,793.68,885.55,3,1054.61,70,0,512.2,1548.21,Salary,1440.2,Groceries,Positive,11.5,Low,0.0,0,2022-11-01,1.2000317380086163,0.12543038638044443,0.37913428055069864,0.2602369771310015,0.2582587656787983,1
2022-12-11,1919,3638.69,2319.25,0.29,2692.62,inflation,683.0,0.21,537.68,418.74,9,1232.7,28,0,331.36,2878.0,Salary,1168.37,Groceries,Positive,23.2,High,1319.44,0,2022-12-01,0.6373859823178122,0.14287377384930475,1.2409184003449392,0.11507987764827451,0.5315080306133448,3
2023-01-10,1228,5214.48,2769.89,0.15,2702.97,normal,689.0,0.24,651.11,173.09,8,1542.01,53,0,361.45,2010.9,Salary,890.51,Utilities,Positive,89.2,Low,2444.59,0,2023-01-01,0.5311919884628956,0.13049254663542595,0.7259855084497941,0.033194105644282844,0.5567044178649694,1
2023-02-09,1488,4522.94,3201.18,0.34,2109.84,normal,716.0,0.57,726.36,393.16,7,1469.32,33,0,612.7,1953.95,Salary,1226.24,Groceries,Positive,58.6,Low,1321.76,0,2023-02-01,0.7077653030993115,0.19139817192410302,0.6103842957909271,0.08692576067778923,0.45899324624044885,1
2023-03-11,1274,4340.96,1998.13,0.08,2824.47,normal,681.0,0.53,826.33,261.96,3,899.64,27,0,644.42,3165.29,Freelance,1892.79,Dining Out,Negative,66.8,High,2342.83,0,2023-03-01,0.4602968007076776,0.32251154829765827,1.5841261579576904,0.060346098558844125,0.4502409753119166,3
2023-04-10,1399,5291.55,2355.52,0.33,3047.1,normal,706.0,0.28,629.08,209.67,6,1666.57,30,0,756.81,2911.65,Salary,1581.18,Healthcare,Positive,86.6,Low,2936.03,0,2023-04-01,0.4451474520698094,0.3212921138432278,1.2360964882488792,0.039623550755449724,0.7075168115745143,1
2023-05-10,1448,4736.65,2455.46,0.2,3009.34,normal,712.0,0.18,380.85,454.5,4,1390.19,95,0,529.9,2950.98,Salary,1650.98,Healthcare,Positive,8.5,Medium,2281.19,0,2023-05-01,0.5183959127231271,0.2158047779234848,1.2018033280933105,0.09595389146337602,0.5661627556547449,2
2023-06-09,1756,6148.28,3945.64,0.26,3289.0,normal,761.0,0.36,695.02,373.6,7,1334.54,53,0,459.14,2733.34,Freelance,971.39,Investments,Neutral,35.5,Low,2202.64,0,2023-06-01,0.6417469601254334,0.11636641964294765,0.6927494652325099,0.06076496190804583,0.3382315669954684,1
2023-07-09,1659,4462.55,4639.18,0.1,2682.7,normal,680.0,0.22,689.91,0.0,2,913.65,32,0,301.58,3260.77,Salary,1265.32,Insurance,Neutral,15.6,Low,0.0,0,2023-07-01,1.039580508901861,0.0650071779926625,0.7028763703930435,0.0,0.19694213201470948,1
2023-08-08,1683,2970.75,2041.94,0.33,1940.09,recession,619.0,0.44,577.04,363.51,7,731.09,50,0,338.43,1324.33,Salary,1263.22,Transportation,Positive,84.7,Low,928.81,0,2023-08-01,0.6873483127156442,0.16573944386220946,0.6485646003310577,0.12236303963645544,0.35803696484715514,1
2023-09-07,1025,4736.89,4031.38,0.17,2267.59,normal,732.0,0.57,546.05,487.96,6,438.51,36,0,421.71,3366.02,Salary,1483.22,Dining Out,Positive,31.0,Low,705.51,0,2023-09-01,0.8510605059437732,0.10460685918965713,0.8349547797528389,0.10301273620455614,0.10877416666253242,1
2023-10-07,1514,4197.9,2379.33,0.19,2995.86,inflation,657.0,0.31,735.43,222.66,1,1026.72,54,0,552.89,2730.31,Mixed,1060.23,Groceries,Positive,92.3,Medium,1818.57,0,2023-10-01,0.566790538126206,0.2323721383750888,1.147512114754994,0.05304080611734439,0.4315164352990128,2
2023-11-06,1259,4053.15,2630.87,0.37,3306.3,normal,686.0,0.32,376.17,50.44,9,1663.81,85,0,612.62,2412.82,Salary,1050.02,Transportation,Negative,47.1,Low,1422.28,0,2023-11-01,0.6490926810011965,0.23285833203465015,0.917118671770175,0.012444641821792926,0.632418173455929,1
2019-01-01,1065,4716.88,1939.61,0.32,2532.38,recession,614.0,0.23,739.9,406.37,6,1147.64,83,0,603.27,2407.03,Freelance,1415.09,Insurance,Positive,73.8,Low,2777.27,1,2019-01-01,0.4112061362595614,0.31102644346028324,1.2409865900876982,0.08615228710503553,0.5916859574862988,1
2019-01-31,1802,1913.61,2501.29,0.31,2154.94,normal,763.0,0.55,538.39,276.41,1,230.62,50,0,409.38,2721.97,Salary,1835.18,Rent,Positive,28.6,Low,0.0,0,2019-01-01,1.30710541855446,0.16366754754546653,1.0882264751388282,0.14444427025360446,0.09220042458091625,1
2019-03-02,1098,4662.97,3417.66,0.08,3560.39,normal,732.0,0.25,744.83,576.0,4,438.31,69,0,338.79,2004.38,Mixed,982.79,Transportation,Positive,31.4,Medium,1245.31,0,2019-03-01,0.7329363045440995,0.09912922877056232,0.5864772973320928,0.12352642200142827,0.12824856773347848,2
2019-04-01,1535,2366.06,3126.68,0.14,2052.41,normal,655.0,0.18,550.22,427.83,7,1673.15,78,0,980.53,2688.2,Salary,669.75,Rent,Positive,76.9,Medium,0.0,0,2019-04-01,1.3214711376719102,0.3136010080980465,0.8597617920605882,0.1808195903738705,0.5351203193163356,2
2019-05-01,1714,3493.46,1900.88,0.25,3496.57,recession,673.0,0.57,874.23,822.52,8,824.87,44,0,145.02,2374.61,Salary,799.9,Rent,Negative,71.2,Low,1592.58,0,2019-05-01,0.5441253084334728,0.07629098101931737,1.2492161525188334,0.23544566132144062,0.4339411220066495,1
2019-05-31,1398,3385.86,3183.63,0.19,3148.88,normal,681.0,0.39,365.82,184.79,5,649.75,29,0,383.86,2559.81,Salary,1401.25,Utilities,Positive,25.4,Medium,202.23,0,2019-05-01,0.9402721908171041,0.12057305654237459,0.80405386304313,0.054576976012002856,0.20409092765176856,2
2019-06-30,1970,3126.67,3495.54,0.24,2871.7,inflation,696.0,0.46,756.21,284.29,8,1478.9,31,0,627.1,2897.38,Salary,690.46,Healthcare,Positive,56.1,Medium,0.0,0,2019-06-01,1.117975353970838,0.17940003547377517,0.8288790859209164,0.09092421010212143,0.423081984471641,2
2019-07-30,1198,3713.23,2825.5,0.23,3133.33,recession,699.0,0.56,337.9,113.5,8,1626.79,63,0,460.15,2712.54,Salary,517.21,Entertainment,Positive,14.0,Low,887.73,0,2019-07-01,0.7609278175604528,0.1628561316581136,0.9600212351796142,0.030566380213452978,0.5757529640771545,1
2019-08-29,1529,5363.63,3374.67,0.07,2877.08,normal,689.0,0.37,730.61,48.38,8,604.51,21,0,557.0,2468.79,Freelance,1399.46,Transportation,Positive,43.4,Low,1988.96,0,2019-08-01,0.6291765091924685,0.1650531755697594,0.7315648641200473,0.009020010701707612,0.1791315891627922,1
2019-09-28,1122,5339.91,4261.75,0.25,2114.91,normal,635.0,0.32,639.38,327.54,7,1435.96,90,0,424.66,3797.5,Freelance,1461.61,Groceries,Positive,90.3,Low,1078.16,0,2019-09-01,0.7980939753666261,0.09964451223089107,0.8910658766938464,0.06133811244009731,0.33694139731331024,1
2019-10-28,1204,3751.46,3980.38,0.28,3905.73,normal,686.0,0.33,958.87,318.98,7,2199.26,36,0,571.15,2152.58,Salary,731.48,Insurance,Negative,90.0,Low,0.0,0,2019-10-01,1.0610215755998997,0.1434913249488742,0.5407976122882739,0.08502822900950564,0.5525251357910551,1
2019-11-27,1991,3777.55,2864.03,0.06,3206.0,inflation,672.0,0.55,417.88,771.31,9,813.97,88,0,375.95,3620.2,Salary,1441.06,Healthcare,Neutral,12.0,Low,913.52,0,2019-11-01,0.7581713015049437,0.13126608310667134,1.2640230723840182,0.2041826051276621,0.2842044252329759,1
2019-12-27,1568,3377.81,2269.94,0.39,2407.85,normal,691.0,0.13,290.4,446.36,7,842.38,49,0,164.67,3227.58,Salary,1354.04,Utilities,Positive,35.3,Low,1107.87,0,2019-12-01,0.6720152998540475,0.07254376767667867,1.4218789923962747,0.13214479203981278,0.37110231988510706,1
2020-01-26,1288,4198.06,3631.02,0.09,2389.09,inflation,662.0,0.16,165.72,722.5,1,585.57,31,0,778.69,2816.41,Salary,984.92,Dining Out,Negative,22.3,Medium,567.04,0,2020-01-01,0.8649280858301215,0.2144548914630049,0.7756525714537512,0.17210330485986383,0.16126873440520847,2
2020-02-25,1554,4263.07,2589.71,0.11,2880.11,normal,699.0,0.34,528.94,463.76,8,530.99,89,0,223.14,1821.92,Mixed,1130.86,Transportation,Positive,74.1,Low,1673.36,0,2020-02-01,0.6074753639982454,0.08616408787084268,0.7035227882658677,0.10878545273711199,0.20503840198323364,1
2020-03-26,1510,4561.17,3149.25,0.38,3389.86,normal,672.0,0.46,286.31,220.48,2,1523.43,62,0,586.84,3344.51,Salary,660.57,Education,Negative,84.7,Medium,1411.92,0,2020-03-01,0.6904478456185584,0.18634278002699056,1.0620020639834882,0.04833847455806295,0.4837437485115504,2
2020-04-25,1966,3475.29,3536.74,0.05,2613.46,inflation,786.0,0.57,734.61,0.0,2,783.53,95,0,821.66,2274.12,Salary,789.9,Groceries,Positive,38.7,Medium,0.0,0,2020-04-01,1.017681977619134,0.23232129022772385,0.642998919909295,0.0,0.2215401754157784,2
2020-05-25,1973,5243.49,3053.65,0.39,2875.91,normal,687.0,0.45,682.81,435.91,4,288.9,96,0,483.98,1467.65,Salary,1602.31,Education,Neutral,84.1,Medium,2189.84,0,2020-05-01,0.5823697575469774,0.15849229610466165,0.4806215512583302,0.08313356180711702,0.09460809195552862,2
2020-06-24,1580,4659.76,3162.29,0.12,1787.0,normal,614.0,0.51,419.61,249.97,2,2585.36,20,0,350.43,2249.99,Mixed,1093.07,Education,Positive,89.1,High,1497.47,0,2020-06-01,0.6786379556028637,0.11081526362224843,0.7115065348212846,0.05364439370267996,0.8175594268710333,3
2020-07-24,1894,4149.28,3650.56,0.22,2296.33,normal,707.0,0.16,799.45,585.32,9,1436.62,89,0,499.07,1960.73,Salary,1245.96,Healthcare,Neutral,9.9,Low,498.72,0,2020-07-01,0.8798056530289593,0.13671053208274894,0.5371038963884993,0.14106543785909847,0.39353414270687237,1
2020-08-23,1023,4894.23,2102.93,0.19,4137.33,normal,668.0,0.11,772.32,252.11,7,1814.43,60,0,652.42,1384.22,Salary,1204.4,Rent,Positive,47.4,Low,2791.3,0,2020-08-01,0.4296753524047705,0.3102433271673332,0.6582339878169983,0.051511678037198916,0.8628104596919537,1
2020-09-22,1563,4467.85,3495.78,0.24,2684.26,normal,602.0,0.27,607.77,707.03,1,846.05,99,0,490.12,1907.68,Mixed,1571.64,Entertainment,Positive,7.9,Low,972.07,0,2020-09-01,0.782430027865752,0.14020333087322429,0.5457093981886731,0.15824837449780094,0.24202037885679303,1
2020-10-22,1649,5628.2,3138.22,0.12,2629.63,normal,652.0,0.37,494.45,104.85,3,961.68,30,0,195.16,2614.26,Mixed,1279.94,Insurance,Neutral,80.5,Low,2489.98,0,2020-10-01,0.5575885718346896,0.0621881193797758,0.8330391113433732,0.018629401940229558,0.3064412310163086,1
2020-11-21,1827,4809.73,2759.85,0.2,1845.43,recession,729.0,0.28,80.54,478.65,6,1156.02,56,0,630.28,3421.58,Salary,1235.91,Dining Out,Positive,74.3,Medium,2049.88,1,2020-11-01,0.573805598235244,0.22837473051071616,1.239770277370147,0.099517020705944,0.4188705907929779,2
2020-12-21,1635,2330.7,3520.19,0.31,2233.94,recession,679.0,0.3,462.89,107.15,8,1328.5,79,0,418.68,3027.58,Freelance,1330.0,Utilities,Positive,26.3,High,0.0,0,2020-12-01,1.5103574033552154,0.1189367619361455,0.860061530769646,0.04597331273866221,0.3773944020067099,3
2021-01-20,1578,3615.39,2572.65,0.09,2324.56,recession,689.0,0.17,522.41,737.38,5,1089.88,54,0,146.75,1704.72,Salary,2340.69,Healthcare,Positive,57.8,Low,1042.74,0,2021-01-01,0.7115829827487491,0.057042349328513396,0.6626319165063261,0.20395586644870956,0.4236409927506657,1
2021-02-19,1216,3270.71,1664.66,0.21,2844.21,recession,636.0,0.29,538.49,445.29,8,793.09,50,0,570.46,2114.13,Salary,1961.73,Utilities,Neutral,54.5,Low,1606.05,0,2021-02-01,0.5089598282941624,0.34268859707087335,1.2700070885345958,0.13614475144540483,0.47642761885309914,1
2021-03-21,1505,3194.13,2422.39,0.36,2661.82,normal,631.0,0.47,711.23,245.59,4,931.34,70,0,445.98,3092.43,Salary,982.03,Healthcare,Positive,1.1,Low,771.74,0,2021-03-01,0.7583880430665001,0.18410743109078226,1.2766028591597554,0.07688791627141037,0.38447153431115555,1
2021-04-20,1243,3381.03,1078.69,0.33,3309.37,normal,622.0,0.39,589.76,697.88,5,1150.27,45,0,510.56,1817.64,Salary,763.13,Investments,Positive,95.8,Medium,2302.34,0,2021-04-01,0.3190418304481179,0.47331485412861896,1.6850438958366167,0.20641047254830627,1.0663582678990255,2
2021-05-20,1082,2672.62,2790.32,0.37,2300.87,inflation,649.0,0.28,694.19,0.0,4,59.57,71,0,579.22,1276.35,Salary,813.88,Insurance,Positive,28.0,Low,0.0,0,2021-05-01,1.044039182525013,0.20758192608733048,0.4574206542618767,0.0,0.021348805871727973,1
2021-06-19,1738,3378.97,2155.12,0.11,1781.78,inflation,618.0,0.37,74.03,736.44,4,1320.48,77,0,375.98,2196.67,Freelance,713.05,Entertainment,Positive,98.3,Low,1223.85,0,2021-06-01,0.6378038277936767,0.17445896284197634,1.0192796688815473,0.2179480729334679,0.6127176212925499,1
2021-07-19,1458,1824.81,3444.88,0.19,2481.8,normal,659.0,0.49,575.36,591.95,9,988.74,86,0,93.3,2337.57,Salary,1193.08,Healthcare,Neutral,59.0,Medium,0.0,0,2021-07-01,1.8878020177443133,0.02708367200018578,0.6785635493834329,0.32438993648653835,0.2870172545923225,2
2021-08-18,1013,4507.73,1978.96,0.17,2710.3,normal,701.0,0.4,428.49,403.48,3,910.89,37,0,302.85,2078.15,Freelance,623.09,Transportation,Positive,7.3,Medium,2528.77,0,2021-08-01,0.4390147590916049,0.15303492743663338,1.0501222864534907,0.08950846656742974,0.4602872215709261,2
2021-09-17,1573,4829.08,3534.87,0.2,2578.3,normal,704.0,0.37,516.67,308.19,8,625.5,76,0,500.92,2987.57,Salary,1747.6,Dining Out,Positive,92.0,Low,1294.21,0,2021-09-01,0.7319965707753858,0.14170818163044185,0.8451711095457543,0.06381960953225045,0.17695134474535132,1
2021-10-17,1417,4034.1,2383.82,0.36,2916.37,recession,774.0,0.14,400.84,231.11,7,1005.34,88,0,396.71,1948.51,Salary,763.91,Rent,Positive,45.9,Low,1650.28,0,2021-10-01,0.5909174289184701,0.16641776644209713,0.8173897358021998,0.05728911033439925,0.42173486253156695,1
2021-11-16,1106,4463.04,4826.88,0.1,3272.08,normal,693.0,0.27,927.7,513.25,3,1409.3,37,0,219.93,1539.67,Salary,732.21,Groceries,Neutral,26.6,High,0.0,0,2021-11-01,1.0815229081522908,0.0455635938743039,0.318978304826306,0.11500008962500896,0.2919691394855476,3
2021-12-16,1823,3834.31,2677.87,0.39,2859.29,normal,689.0,0.17,528.67,496.63,2,1267.03,24,0,470.94,1928.98,Salary,1252.35,Insurance,Positive,96.0,Medium,1156.44,0,2021-12-01,0.6983968432390704,0.17586365282855404,0.7203411666735129,0.12952265205473737,0.4731484351368812,2
2022-01-15,1780,4351.44,3157.5,0.37,1632.69,normal,627.0,0.46,846.5,0.0,8,640.74,33,0,666.32,3328.91,Salary,311.86,Insurance,Negative,86.4,Medium,1193.94,0,2022-01-01,0.7256218631073852,0.211027711797308,1.0542866191607283,0.0,0.20292636579572446,2
2022-02-14,1047,4356.51,3613.41,0.38,2880.88,inflation,704.0,0.36,668.37,688.19,3,519.78,55,0,593.81,1245.93,Salary,1270.69,Insurance,Negative,12.7,Low,743.1,0,2022-02-01,0.8294276840865739,0.1643350740713066,0.3448072596245652,0.15796819013384567,0.14384750139065314,1
2022-03-16,1426,2608.4,3356.88,0.33,1956.45,recession,680.0,0.48,573.49,297.97,3,1138.62,37,0,251.74,2403.73,Salary,760.39,Transportation,Neutral,93.9,Low,0.0,0,2022-03-01,1.2869498543168225,0.07499225471270943,0.7160607468840113,0.11423477994172673,0.3391899621076714,1
2022-04-15,1959,5249.07,3704.76,0.22,2202.8,normal,718.0,0.23,122.03,260.63,4,1304.61,68,0,515.11,2478.86,Salary,727.35,Groceries,Neutral,91.7,Low,1544.31,0,2022-04-01,0.7057935977230253,0.13904004577894383,0.6691013722886233,0.04965260512814651,0.3521442684546367,1
2022-05-15,1017,2867.05,1458.15,0.15,2886.58,normal,746.0,0.36,881.78,249.87,4,1684.49,60,0,411.2,2178.48,Mixed,659.55,Utilities,Positive,27.2,High,1408.9,0,2022-05-01,0.508588967754312,0.28200116586085106,1.4940026746219524,0.08715229940182417,1.1552240853135822,3
2022-06-14,1089,3070.6,1927.12,0.34,2938.17,normal,713.0,0.38,734.5,0.0,4,1193.8,55,0,675.76,1645.61,Salary,1399.4,Utilities,Neutral,42.4,Medium,1143.48,0,2022-06-01,0.6276037256562236,0.3506579766698493,0.8539219145668148,0.0,0.6194736186641205,2
2022-07-14,1566,3684.26,4741.72,0.2,1949.74,normal,673.0,0.3,146.32,94.38,9,843.4,60,0,498.44,2632.08,Salary,933.22,Investments,Positive,56.5,Low,0.0,0,2022-07-01,1.2870210028608187,0.10511797406848147,0.5550897142808938,0.02561708457057862,0.17786794665226963,1
2022-08-13,1655,4411.69,2921.08,0.39,2702.22,inflation,629.0,0.42,800.1,391.09,3,1538.68,24,0,346.55,2361.76,Salary,1306.63,Groceries,Positive,98.9,High,1490.61,0,2022-08-01,0.6621226786106912,0.1186376271789886,0.8085228751009902,0.08864856778241445,0.5267503799964397,3
2022-09-12,1472,4295.61,3373.02,0.16,3986.5,recession,716.0,0.39,773.56,0.0,7,1332.02,59,0,358.32,2212.73,Salary,1051.85,Education,Negative,71.1,Medium,922.59,0,2022-09-01,0.7852249156697186,0.10623121119945923,0.6560085620601123,0.0,0.3949042697641876,2
2022-10-12,1312,4059.88,4273.15,0.06,2692.4,normal,638.0,0.35,656.68,297.14,1,613.68,81,0,606.31,1428.63,Salary,1022.24,Entertainment,Neutral,71.0,High,0.0,0,2022-10-01,1.0525311092938707,0.1418883025402806,0.3343271357195512,0.07318935535040444,0.14361302551981558,3
2022-11-11,1034,3911.2,3136.87,0.36,3648.78,inflation,624.0,0.16,347.2,275.6,6,1160.4,29,0,562.36,1748.16,Salary,2108.19,Healthcare,Neutral,6.0,Low,774.33,0,2022-11-01,0.8020223972182451,0.17927424470889775,0.557294373053394,0.07046430762937207,0.36992288491394293,1
2022-12-11,1437,4735.2,4510.77,0.2,2734.84,recession,746.0,0.35,675.37,846.17,4,796.87,74,0,302.43,3122.57,Salary,1542.74,Entertainment,Positive,8.9,Low,224.43,0,2022-12-01,0.9526039026862647,0.06704620275474031,0.6922476650327992,0.17869783747254603,0.17665941735003113,1
2023-01-10,1127,5027.58,3752.07,0.33,3211.06,normal,680.0,0.45,332.74,438.56,4,959.24,84,0,647.67,1632.29,Freelance,1374.14,Investments,Negative,27.5,Low,1275.51,0,2023-01-01,0.746297423412457,0.17261671557300368,0.4350371928029061,0.08723083471570815,0.25565621110480347,1
2023-02-09,1465,4164.6,3162.5,0.27,1969.59,normal,771.0,0.56,407.26,578.75,2,349.99,68,0,377.36,3212.89,Salary,367.31,Utilities,Negative,50.6,Low,1002.1,0,2023-02-01,0.759376650818806,0.11932332015810278,1.0159335968379446,0.13896892858857993,0.11066877470355732,1
2023-03-11,1665,5103.05,2589.94,0.29,2987.13,normal,718.0,0.19,384.96,117.39,2,1936.57,75,0,683.37,2902.72,Freelance,1190.71,Entertainment,Neutral,80.2,Medium,2513.11,0,2023-03-01,0.507527850991074,0.2638555333328185,1.120767276462003,0.02300388983059151,0.747727746588724,2
2023-04-10,1009,4699.14,3197.81,0.28,3340.53,inflation,652.0,0.18,593.01,390.47,3,1200.31,77,0,6.65,2402.66,Mixed,1345.41,Groceries,Positive,89.3,Low,1501.33,0,2023-04-01,0.6805096251654558,0.002079548190793074,0.7513454520437424,0.0830939278250914,0.37535375772794505,1
2023-05-10,1507,4737.21,4143.0,0.06,3069.22,inflation,758.0,0.59,39.08,837.0,5,530.18,71,1,587.47,2665.13,Mixed,1051.04,Dining Out,Positive,81.6,Low,594.21,0,2023-05-01,0.8745654087532535,0.14179821385469468,0.6432850591358918,0.17668627736579126,0.12797006999758628,1
2023-06-09,1639,2916.65,2782.99,0.09,3034.0,normal,633.0,0.56,292.5,479.27,2,1296.35,23,0,242.31,2895.38,Salary,1054.44,Rent,Neutral,92.2,Low,133.66,0,2023-06-01,0.9541734524197281,0.087068225182268,1.0403846222947264,0.16432208184046765,0.4658119504561641,1
2023-07-09,1793,6342.43,1223.08,0.37,3950.61,normal,610.0,0.48,1.42,112.71,4,1107.9,53,0,616.54,2704.38,Salary,1355.08,Dining Out,Positive,99.5,High,5119.35,1,2023-07-01,0.19284091428679542,0.504088040030088,2.2111227393138635,0.017770791321307447,0.9058279098668935,3
2023-08-08,1819,4214.54,4802.08,0.08,2808.24,inflation,747.0,0.45,491.23,293.27,7,394.34,61,0,586.9,1809.31,Salary,1376.76,Entertainment,Positive,67.8,Low,0.0,0,2023-08-01,1.1394078594579717,0.122217872255356,0.3767763135974411,0.0695852928196197,0.08211858194782261,1
2023-09-07,1639,5908.32,2688.55,0.32,3037.53,recession,645.0,0.12,492.64,357.58,2,976.7,30,0,259.21,1954.44,Salary,1322.88,Rent,Neutral,96.5,Low,3219.77,1,2023-09-01,0.4550447504535977,0.09641256439344627,0.7269494709043908,0.06052143418095161,0.36328132264603596,1
2023-10-07,1728,3257.15,3760.08,0.31,3867.5,normal,727.0,0.4,0.0,83.95,4,1661.76,70,0,246.4,1222.91,Freelance,747.08,Utilities,Positive,96.3,Low,0.0,0,2023-10-01,1.1544079947193098,0.0655305206272207,0.32523510138082173,0.025774066284942356,0.44194804365864554,1
2023-11-06,1777,2370.23,2163.91,0.09,3943.01,normal,668.0,0.3,0.0,594.87,2,1146.28,56,0,683.55,1742.87,Mixed,968.74,Dining Out,Neutral,2.7,Low,206.32,0,2023-11-01,0.912953595220717,0.31588652023420566,0.8054262885240144,0.2509756437139012,0.5297262825163709,1
2019-01-01,1997,4077.03,2092.29,0.32,3866.26,normal,598.0,0.52,851.89,34.88,1,1514.95,28,0,610.22,2537.79,Freelance,1219.77,Healthcare,Neutral,46.6,Medium,1984.74,0,2019-01-01,0.5131897484198056,0.2916517308786067,1.212924594582969,0.008555247324645637,0.724063107886574,2
2019-01-31,1689,3097.89,3115.16,0.24,2274.36,normal,754.0,0.34,799.66,644.77,4,1540.51,98,0,831.96,1000.0,Mixed,1360.87,Transportation,Negative,16.0,Low,0.0,0,2019-01-01,1.0055747621768365,0.26706814417236996,0.32101079880327177,0.20813198661024115,0.49452034566442815,1
2019-03-02,1795,3643.19,2620.77,0.36,3156.53,normal,662.0,0.45,355.39,302.54,2,1024.65,31,0,369.29,2810.98,Salary,1314.64,Insurance,Positive,88.1,Low,1022.42,0,2019-03-01,0.7193613289452375,0.14090896950132978,1.07257790649313,0.08304260826363709,0.3909728820155909,1
2019-04-01,1696,3795.48,3221.45,0.39,3042.96,normal,698.0,0.18,331.65,592.86,2,0.0,56,0,302.12,2396.24,Salary,1583.57,Transportation,Positive,59.2,High,574.03,0,2019-04-01,0.8487595771812787,0.09378385509630757,0.7438389545080631,0.15620158715103227,0.0,3
2019-05-01,1880,3468.99,4647.99,0.17,2857.45,inflation,695.0,0.23,752.29,241.65,6,1732.52,29,0,590.77,3001.66,Salary,708.91,Healthcare,Positive,34.1,High,0.0,0,2019-05-01,1.3398683766744788,0.12710225280174872,0.6457974307173638,0.06966004514282256,0.3727460687307847,3
2019-05-31,1906,3215.39,3117.77,0.2,3782.17,inflation,685.0,0.26,333.57,76.26,8,1070.4,51,0,530.47,2178.84,Salary,1087.8,Entertainment,Positive,97.0,Low,97.62,0,2019-05-01,0.9696397637611612,0.17014404526312077,0.6988456492942071,0.02371718516260858,0.34332231049756723,1
2019-06-30,1753,2803.73,3559.36,0.21,2237.13,recession,693.0,0.18,471.72,383.84,8,1284.75,40,0,608.8,3164.79,Salary,435.27,Groceries,Negative,74.3,Medium,0.0,0,2019-06-01,1.2695088328762043,0.17104198507596868,0.8891458014924031,0.13690333947990713,0.3609497212982109,2
2019-07-30,1571,4782.44,1302.77,0.18,2990.7,normal,686.0,0.52,469.98,384.66,5,776.04,79,0,770.32,2489.88,Salary,465.54,Entertainment,Neutral,9.9,Medium,3479.67,1,2019-07-01,0.2724069721732003,0.591293935230317,1.9112199390529412,0.0804317461379547,0.5956845797800072,2
2019-08-29,1094,4157.98,3327.52,0.14,3434.96,normal,767.0,0.46,629.48,448.39,7,826.59,28,0,562.43,2066.85,Salary,1403.3,Education,Neutral,50.8,Low,830.46,0,2019-08-01,0.8002732095873478,0.169023777467904,0.6211382651343944,0.10783842154122916,0.24841022743664953,1
2019-09-28,1585,2420.64,3221.73,0.35,2484.69,inflation,713.0,0.15,648.54,615.17,6,1191.82,61,0,724.04,3108.26,Salary,1084.42,Insurance,Neutral,12.9,Medium,0.0,0,2019-09-01,1.3309414039262344,0.2247363993879065,0.9647797922234328,0.2541352700112367,0.36993168266738674,2
2019-10-28,1948,4490.71,1950.14,0.35,2392.69,recession,723.0,0.53,331.27,86.95,7,846.84,63,0,712.28,2943.2,Mixed,1151.45,Insurance,Negative,39.1,Low,2540.57,1,2019-10-01,0.4342609520543522,0.36524557211277137,1.5092249787194765,0.01936219439687711,0.4342457464592286,1
2019-11-27,1422,5059.65,4360.86,0.13,2259.07,normal,572.0,0.39,432.38,148.48,7,1352.42,61,0,514.5,2146.4,Salary,1357.95,Entertainment,Positive,11.8,Medium,698.79,0,2019-11-01,0.861889656399158,0.11798131561205819,0.49219649335222876,0.029345903372762938,0.3101269015744601,2
2019-12-27,1211,2921.37,4232.77,0.18,3422.24,recession,760.0,0.56,1054.19,316.36,5,1348.9,38,0,488.34,2750.29,Freelance,1367.9,Utilities,Positive,1.5,Low,0.0,0,2019-12-01,1.4488989754806822,0.11537125806504958,0.6497612674442503,0.10829165768115645,0.3186802023261363,1
2020-01-26,1378,3484.28,4214.47,0.37,2420.75,normal,650.0,0.44,285.67,0.0,6,1335.17,85,0,377.32,2106.27,Salary,1203.17,Healthcare,Positive,53.4,High,0.0,0,2020-01-01,1.2095669693595235,0.0895296442969104,0.4997710269618718,0.0,0.31680614644308774,3
2020-02-25,1896,6002.52,985.01,0.13,3742.75,normal,736.0,0.4,486.01,741.82,2,700.45,34,0,411.36,1860.28,Salary,1061.63,Dining Out,Positive,39.6,Low,5017.51,1,2020-02-01,0.16409941158046953,0.41762012568400325,1.8885899635536696,0.12358476106701852,0.7111095318829251,1
2020-03-26,1620,3718.28,2430.39,0.36,2898.54,inflation,632.0,0.11,463.01,158.28,2,986.41,85,0,673.05,2778.06,Salary,944.76,Entertainment,Positive,25.0,Low,1287.89,0,2020-03-01,0.65363286250632,0.2769308629479219,1.1430511152531075,0.042568069107221614,0.4058649023407766,1
2020-04-25,1280,4932.71,2546.71,0.38,2468.31,normal,652.0,0.21,568.75,519.62,1,779.76,63,0,384.75,2779.89,Salary,826.62,Transportation,Positive,94.3,Low,2386.0,0,2020-04-01,0.5162902339687515,0.15107727224536754,1.0915612692454186,0.1053416884430668,0.30618327175061155,1
2020-05-25,1416,4194.8,3032.93,0.08,1981.65,inflation,670.0,0.36,332.28,358.07,4,1586.8,53,0,641.93,2897.79,Salary,1111.7,Education,Positive,4.5,Low,1161.87,0,2020-05-01,0.7230213597787737,0.21165341765223727,0.9554424269600683,0.08536044626680651,0.5231904462021874,1
2020-06-24,1389,3491.32,3861.52,0.31,2837.67,recession,657.0,0.23,675.53,644.93,9,674.16,91,0,556.85,2129.27,Salary,300.0,Entertainment,Positive,43.2,Medium,0.0,0,2020-06-01,1.1060343938682218,0.14420487269261845,0.5514072178831134,0.18472382938258308,0.17458410159729845,2
2020-07-24,1170,3521.84,3783.64,0.3,2766.43,normal,670.0,0.42,724.14,128.71,9,1660.34,34,0,494.68,2287.14,Salary,1297.15,Investments,Negative,63.3,Medium,0.0,0,2020-07-01,1.074336142470981,0.13074182533221979,0.6044813988645854,0.03654623719419395,0.4388208180482287,2
2020-08-23,1075,4761.61,3243.26,0.13,3195.2,normal,708.0,0.16,558.53,216.96,8,1419.61,68,0,298.76,3444.71,Salary,745.5,Groceries,Negative,76.8,Low,1518.35,0,2020-08-01,0.6811267617465522,0.0921171907278479,1.0621134290806165,0.0455644204376251,0.4377108218274205,1
2020-09-22,1021,2953.33,1946.2,0.06,3272.99,inflation,650.0,0.36,209.71,386.85,7,945.26,59,0,206.05,2477.93,Salary,1430.46,Transportation,Positive,37.9,Medium,1007.13,0,2020-09-01,0.6589849424209283,0.10587298324940911,1.2732144692220737,0.1309877324917974,0.4856952009043264,2
2020-10-22,1915,4538.15,3883.63,0.19,3095.08,recession,633.0,0.46,144.17,197.87,1,759.11,61,0,549.9,2476.36,Mixed,1442.51,Entertainment,Positive,87.0,Medium,654.52,0,2020-10-01,0.8557738285424679,0.14159433313678182,0.6376405579316259,0.0436014675583663,0.19546403751129743,2
2020-11-21,1371,3996.1,3169.23,0.06,2855.71,normal,661.0,0.17,387.51,331.47,5,783.5,28,0,505.84,2576.18,Salary,1086.03,Insurance,Positive,0.8,Low,826.87,0,2020-11-01,0.7930807537348915,0.15960974747809403,0.8128725273962445,0.08294837466529867,0.2472209337914888,1
2020-12-21,1438,4411.62,3391.53,0.27,2610.46,normal,750.0,0.22,735.89,240.63,6,814.07,64,0,366.84,2363.35,Salary,1093.08,Insurance,Positive,75.5,Low,1020.09,0,2020-12-01,0.7687720157221157,0.10816357219308098,0.6968388898225873,0.05454458906252125,0.24003031080367856,1
2021-01-20,1970,2377.35,3709.72,0.38,3182.65,recession,720.0,0.38,677.47,25.62,7,1614.01,80,0,982.18,2967.04,Freelance,571.49,Entertainment,Negative,91.9,Low,0.0,0,2021-01-01,1.5604433507897448,0.26475852624995955,0.7998016022772608,0.010776705154899363,0.4350759626063423,1
2021-02-19,1205,4841.4,3051.78,0.11,2390.0,normal,623.0,0.54,765.42,175.4,9,1346.77,54,0,749.29,2426.49,Salary,1410.63,Groceries,Positive,47.6,Low,1789.62,0,2021-02-01,0.6303507249969018,0.24552556213095306,0.7951064624579752,0.03622918990374686,0.4413063851260575,1
2021-03-21,1164,4033.04,3821.44,0.33,2051.4,inflation,712.0,0.28,791.34,604.2,7,895.79,51,0,593.81,1302.5,Salary,1613.08,Transportation,Positive,7.2,High,211.6,0,2021-03-01,0.9475333743280503,0.15538906799531066,0.34084010216044214,0.14981254835062385,0.23441163540445487,3
2021-04-20,1355,2966.28,2983.76,0.4,2893.95,normal,688.0,0.36,853.81,154.93,1,0.0,65,0,448.78,1501.02,Salary,300.0,Investments,Positive,58.6,High,0.0,0,2021-04-01,1.0058929028952088,0.15040753948038715,0.5030632490548838,0.05223040306377011,0.0,3
2021-05-20,1626,1399.55,3514.61,0.26,3216.5,normal,707.0,0.42,430.8,295.8,4,1039.41,45,0,225.26,2899.09,Salary,617.94,Investments,Positive,27.0,Low,0.0,0,2021-05-01,2.511242899503412,0.06409245976082695,0.8248681930569821,0.21135364938730308,0.29573978336145407,1
2021-06-19,1203,4606.57,2854.43,0.37,2574.56,inflation,682.0,0.41,736.5,541.14,1,1681.64,65,0,107.81,2513.05,Salary,1715.64,Healthcare,Neutral,48.7,Low,1752.14,0,2021-06-01,0.6196432486644076,0.037769362009227765,0.8804034430691943,0.11747135070128101,0.589133382146348,1
2021-07-19,1627,3623.08,3018.66,0.19,2862.7,inflation,681.0,0.27,483.56,477.69,2,614.9,54,0,315.48,2145.12,Salary,1437.99,Transportation,Neutral,58.8,Low,604.42,0,2021-07-01,0.8331750885986509,0.10450994812267696,0.7106199439486395,0.13184638484383454,0.2036996548137253,1
2021-08-18,1039,4758.33,3731.48,0.24,2468.49,normal,606.0,0.33,462.31,45.94,3,771.66,93,0,279.81,2984.23,Salary,760.04,Rent,Negative,75.1,Low,1026.85,0,2021-08-01,0.7841994985635717,0.07498633250077717,0.7997443373674789,0.009654647744061466,0.20679730294682003,1
2021-09-17,1838,3322.2,2672.82,0.18,3327.51,normal,685.0,0.27,293.65,254.59,6,750.49,35,0,335.25,3385.68,Salary,1261.58,Dining Out,Positive,33.2,Medium,649.38,0,2021-09-01,0.8045331406899043,0.12542932183985453,1.2667070734280645,0.0766329540665824,0.2807858366818566,2
2021-10-17,1494,4624.72,2742.81,0.29,2507.11,normal,671.0,0.2,106.11,640.12,3,838.77,46,0,734.99,2431.17,Salary,1500.3,Dining Out,Positive,19.9,Low,1881.91,0,2021-10-01,0.5930759051358785,0.2679697098960555,0.8863792971441697,0.13841270390423635,0.3058068185546939,1
2021-11-16,1123,4034.14,2674.18,0.18,3259.26,inflation,765.0,0.43,535.65,307.25,9,1949.54,94,0,484.32,2712.45,Mixed,1841.13,Transportation,Positive,56.0,Low,1359.96,0,2021-11-01,0.6628872572592919,0.18110972335444886,1.0143109289576617,0.07616245345972128,0.7290234763553688,1
2021-12-16,1699,3939.2,4184.22,0.29,2081.92,inflation,577.0,0.38,680.05,344.16,5,1769.05,79,0,416.59,2163.71,Salary,1352.37,Insurance,Positive,11.4,Low,0.0,0,2021-12-01,1.0622004467912267,0.0995621645133382,0.5171119109415853,0.08736799350121853,0.42279086663703147,1
2022-01-15,1037,3343.7,3396.81,0.32,2910.13,normal,587.0,0.29,439.42,113.67,1,1126.45,75,0,695.22,1440.32,Salary,1424.58,Utilities,Neutral,38.5,Medium,0.0,0,2022-01-01,1.0158836019977868,0.20466849779646198,0.4240213612183195,0.03399527469569639,0.331619961081132,2
2022-02-14,1387,5179.98,3081.0,0.22,2750.05,normal,699.0,0.29,723.93,89.44,7,767.81,77,0,546.82,1876.39,Salary,1014.02,Transportation,Positive,76.9,Low,2098.98,0,2022-02-01,0.5947899412739046,0.1774813372281727,0.6090197987666343,0.017266475932339508,0.2492080493346316,1
2022-03-16,1237,4806.25,2769.27,0.19,3270.08,recession,649.0,0.44,475.72,542.84,2,430.11,69,0,661.63,1839.33,Salary,1267.28,Transportation,Positive,21.6,Low,2036.98,0,2022-03-01,0.5761810143042913,0.23891855976484777,0.6641930905978832,0.11294460338101431,0.15531529969992092,1
2022-04-15,1926,3654.72,4292.35,0.19,3112.6,normal,704.0,0.22,335.96,596.06,9,629.96,69,0,919.34,1956.68,Salary,1507.88,Entertainment,Positive,98.0,Medium,0.0,0,2022-04-01,1.1744675378688383,0.21418104301839316,0.45585285449695384,0.16309320549864284,0.1467634279590434,2
2022-05-15,1469,2487.34,4185.8,0.11,2764.81,recession,720.0,0.56,442.28,476.08,4,1130.23,28,0,759.8,3540.13,Salary,1568.04,Dining Out,Positive,70.4,Medium,0.0,0,2022-05-01,1.6828419114395297,0.1815184671986239,0.8457475273543886,0.19140125596018234,0.27001528978928757,2
2022-06-14,1484,3969.53,4137.86,0.2,2581.55,recession,637.0,0.52,421.39,729.71,7,979.68,85,0,618.81,3444.24,Salary,1333.51,Dining Out,Positive,48.2,Medium,0.0,0,2022-06-01,1.0424055240796768,0.14954831724611273,0.8323722890576288,0.1838278083299534,0.23676006438110522,2
2022-07-14,1088,5067.08,3680.16,0.09,2633.27,recession,737.0,0.51,450.41,165.89,2,389.59,83,0,451.16,2501.6,Salary,808.6,Utilities,Positive,4.1,Medium,1386.92,0,2022-07-01,0.726288118600851,0.12259249597843573,0.6797530542150342,0.03273877657349006,0.1058622451197774,2
2022-08-13,1279,4398.39,2229.6,0.32,2899.53,normal,727.0,0.25,334.13,464.69,5,1389.12,82,0,459.42,1350.72,Salary,1154.53,Rent,Positive,49.5,Medium,2168.79,0,2022-08-01,0.5069127567132519,0.20605489773950486,0.6058127018299246,0.10565002193984616,0.6230355220667384,2
2022-09-12,1916,4384.75,2273.57,0.27,3330.21,recession,754.0,0.15,531.35,495.52,3,1276.66,61,0,765.61,2376.96,Salary,888.85,Transportation,Positive,77.4,Medium,2111.18,0,2022-09-01,0.5185175893722561,0.33674353549703767,1.0454747379671616,0.11300986373225383,0.561522187572848,2
2022-10-12,1460,4214.59,2935.05,0.34,3561.01,normal,716.0,0.21,145.65,749.6,8,1480.97,25,0,512.89,1520.38,Mixed,1507.2,Utilities,Positive,56.7,Low,1279.54,0,2022-10-01,0.6964022597690405,0.1747465971618882,0.5180082111037291,0.17785834446529794,0.5045808418936645,1
2022-11-11,1753,3356.03,3909.6,0.1,2722.37,inflation,710.0,0.57,188.45,21.28,7,1544.29,38,0,492.75,3499.0,Freelance,1305.98,Groceries,Positive,13.3,Low,0.0,0,2022-11-01,1.1649478699534865,0.12603591160220995,0.894976468180888,0.006340825320393441,0.39499948843871496,1
2022-12-11,1371,4383.74,3357.35,0.25,2613.38,normal,634.0,0.49,547.52,842.03,8,587.6,97,0,611.47,1000.0,Freelance,1165.56,Rent,Neutral,70.5,Low,1026.39,0,2022-12-01,0.7658643076459827,0.1821287622678601,0.2978539622023322,0.1920802784836692,0.1750189881900904,1
2023-01-10,1581,4778.43,1018.42,0.35,2133.72,normal,696.0,0.32,206.7,311.57,3,759.6,26,0,561.15,2206.78,Freelance,725.97,Healthcare,Neutral,58.9,Medium,3760.01,1,2023-01-01,0.21312857988921044,0.5510005695096326,2.1668663223424525,0.06520342455576413,0.7458612360322854,2
2023-02-09,1875,3083.29,1030.32,0.3,2081.86,inflation,703.0,0.48,29.32,206.94,2,1646.81,28,0,380.16,1930.69,Salary,876.66,Insurance,Positive,94.4,Medium,2052.97,0,2023-02-01,0.334162534176156,0.36897274633123694,1.8738741361906983,0.06711661893626614,1.5983480860315242,2
2023-03-11,1799,5198.85,3231.39,0.34,3158.46,recession,676.0,0.13,468.64,395.51,1,124.2,82,0,339.77,1614.93,Salary,676.88,Dining Out,Negative,12.8,Medium,1967.46,0,2023-03-01,0.6215586139242332,0.10514670157424513,0.4997632597736578,0.07607643998191907,0.038435472041443465,2
2023-04-10,1854,3734.67,2114.44,0.2,2996.83,normal,747.0,0.56,738.32,220.09,7,724.11,72,0,325.4,1803.56,Salary,1689.43,Utilities,Neutral,47.7,Low,1620.23,0,2023-04-01,0.5661651497990452,0.15389417528991126,0.8529728911674013,0.05893157896146112,0.3424594691738711,1
2023-05-10,1280,3970.14,2028.28,0.1,1858.01,normal,759.0,0.47,177.92,0.0,1,1337.76,32,0,654.66,1278.11,Mixed,1004.55,Dining Out,Negative,22.1,Low,1941.86,1,2023-05-01,0.5108837471726438,0.3227660875224328,0.6301447531898948,0.0,0.6595539077444929,1
2023-06-09,1035,4539.13,2054.24,0.28,2903.91,recession,722.0,0.37,234.02,200.67,3,961.32,91,0,271.68,2101.08,Salary,1373.14,Education,Negative,41.5,Low,2484.89,0,2023-06-01,0.45256249545617766,0.1322532907547317,1.0228016200638679,0.04420891228054715,0.4679686891502454,1
2023-07-09,1309,3224.41,2870.57,0.29,3700.82,recession,629.0,0.26,534.85,420.45,2,36.93,53,0,434.01,2192.07,Salary,1573.99,Transportation,Positive,43.1,Medium,353.84,0,2023-07-01,0.8902620944606922,0.15119296864385817,0.763635793588033,0.130395948406065,0.012865040741037493,2
2023-08-08,1152,4001.96,1599.82,0.36,3159.82,normal,758.0,0.51,512.79,390.54,5,267.73,27,0,236.77,2706.4,Salary,1337.23,Rent,Neutral,93.0,High,2402.14,0,2023-08-01,0.39975911803216424,0.14799789976372343,1.6916903151604556,0.09758718228068247,0.16735007688364942,3
2023-09-07,1903,4628.71,3113.18,0.24,2391.52,normal,619.0,0.2,621.29,0.0,3,481.99,41,0,266.14,2322.96,Salary,1301.13,Transportation,Positive,94.9,Low,1515.53,0,2023-09-01,0.6725804813868227,0.0854881503799973,0.7461695115605266,0.0,0.1548224002466931,1
2023-10-07,1811,4854.04,3668.64,0.15,2842.35,normal,643.0,0.43,377.64,851.14,5,1611.73,73,0,387.9,1973.57,Salary,1389.02,Dining Out,Neutral,11.2,Low,1185.4,0,2023-10-01,0.7557910524017107,0.10573400497186969,0.5379568450433948,0.17534672149384842,0.4393262898512801,1
2023-11-06,1871,5061.65,2452.19,0.13,1593.19,recession,661.0,0.15,444.09,365.03,8,713.16,76,0,356.85,2260.37,Salary,687.92,Rent,Negative,45.2,Low,2609.46,1,2023-11-01,0.4844645520729407,0.14552298149817103,0.921776045086229,0.07211679985775389,0.29082575167503333,1
2019-01-01,1571,3743.0,2666.98,0.38,2531.55,normal,605.0,0.22,521.94,63.79,1,400.83,74,0,645.28,1994.8,Salary,722.44,Dining Out,Positive,63.4,Low,1076.02,0,2019-01-01,0.7125247127972215,0.24195157069044387,0.7479621144515519,0.01704247929468341,0.1502935905031159,1
2019-01-31,1255,2206.66,2136.8,0.33,3112.42,recession,688.0,0.53,130.3,253.69,2,1088.53,55,0,667.28,2447.72,Salary,1229.2,Investments,Negative,99.6,Low,69.86,0,2019-01-01,0.9683412940824596,0.31228004492699357,1.1455073006364656,0.11496560412569223,0.5094206289779108,1
2019-03-02,1317,3936.26,3042.8,0.11,3555.77,inflation,689.0,0.12,229.36,332.26,7,640.44,60,0,622.49,2325.45,Salary,530.13,Utilities,Positive,46.3,Low,893.46,0,2019-03-01,0.7730180425073547,0.20457802024451163,0.764246746417773,0.08441007453775919,0.2104771920599448,1
2019-04-01,1889,2734.52,3524.01,0.35,3048.16,inflation,689.0,0.52,741.06,349.17,5,1510.03,43,1,98.41,2283.62,Salary,1305.13,Education,Neutral,90.1,Low,0.0,0,2019-04-01,1.288712461419189,0.027925573423457934,0.6480174573851947,0.1276896859412255,0.428497648985105,1
2019-05-01,1743,2783.07,2220.01,0.18,4014.67,normal,708.0,0.41,789.61,563.93,8,1195.76,99,0,694.82,2106.4,Salary,996.25,Rent,Negative,42.4,Low,563.06,0,2019-05-01,0.7976838527237907,0.31298057215958486,0.9488245548443475,0.20262875170225683,0.5386282043774577,1
2019-05-31,1500,6058.97,2063.44,0.07,2635.5,inflation,737.0,0.54,546.9,579.38,5,315.95,32,0,300.7,2140.7,Freelance,1165.11,Dining Out,Positive,19.4,High,3995.53,1,2019-05-01,0.34055953404621575,0.1457275229713488,1.0374423293141548,0.09562351356748754,0.15311809405652696,3
2019-06-30,1330,4484.84,3329.86,0.08,2740.46,normal,700.0,0.56,493.39,295.12,3,844.22,89,0,948.92,1762.46,Salary,1053.74,Rent,Negative,67.4,High,1154.98,0,2019-06-01,0.7424701884571133,0.28497294180536115,0.529289519679506,0.0658039082776643,0.25353017844594067,3
2019-07-30,1747,3546.98,3456.1,0.07,3220.98,recession,661.0,0.11,546.36,362.76,5,761.59,61,0,513.28,3206.74,Salary,1758.08,Education,Positive,59.6,High,90.88,0,2019-07-01,0.9743782034293963,0.14851422123202454,0.9278493099158011,0.10227291949771354,0.2203611006625966,3
2019-08-29,1705,3207.33,3144.3,0.07,2011.84,normal,655.0,0.51,60.63,956.98,5,656.3,86,0,184.1,1307.69,Mixed,859.69,Healthcare,Positive,19.2,Low,63.03,0,2019-08-01,0.980348140041717,0.05855039277422637,0.41589224946729003,0.29837278982829957,0.20872690264923827,1
2019-09-28,1881,5100.75,2667.75,0.29,2814.12,normal,810.0,0.18,661.33,631.11,6,1151.68,62,0,590.17,2289.87,Salary,1090.94,Utilities,Positive,23.7,High,2433.0,0,2019-09-01,0.5230113218644317,0.2212238777996439,0.8583525442788866,0.12372886340244083,0.43170461999812576,3
2019-10-28,1224,3875.08,4045.05,0.17,2859.62,normal,743.0,0.51,806.09,329.4,5,1496.24,27,0,401.19,2628.33,Salary,1810.13,Investments,Neutral,11.2,High,0.0,0,2019-10-01,1.0438623202617754,0.09918047984573737,0.6497645270144992,0.08500469667722989,0.36989406805849123,3
2019-11-27,1418,3489.19,2068.6,0.33,2375.64,normal,728.0,0.55,546.22,369.52,6,1613.28,29,0,706.54,2679.0,Salary,1072.74,Groceries,Positive,91.6,Low,1420.59,0,2019-11-01,0.5928596608381888,0.34155467465918976,1.2950787972541817,0.10590423565354709,0.7798897805278933,1
2019-12-27,1509,5090.21,4712.13,0.31,3024.71,recession,653.0,0.44,364.46,469.84,1,842.3,77,0,484.99,2145.13,Salary,1550.02,Healthcare,Positive,4.5,Low,378.08,0,2019-12-01,0.9257240860396723,0.10292373088178806,0.45523574264716804,0.09230267513521052,0.1787514351259409,1
2020-01-26,1713,3127.19,3533.41,0.25,2085.02,normal,678.0,0.27,607.26,331.38,8,1449.52,62,0,365.33,2050.11,Salary,1397.11,Education,Positive,70.8,Low,0.0,0,2020-01-01,1.1298993665239399,0.10339303958499013,0.5802072219187697,0.1059673380894669,0.410232608160389,1
2020-02-25,1592,2399.9,1800.87,0.06,2876.9,inflation,585.0,0.12,545.84,628.23,3,1575.54,75,0,745.29,2133.95,Freelance,1653.27,Utilities,Positive,81.4,Low,599.03,0,2020-02-01,0.7503937664069336,0.41384997251328526,1.1849550495038508,0.26177340722530107,0.8748771427143548,1
2020-03-26,1546,3573.59,1348.89,0.26,2959.77,recession,695.0,0.17,480.7,592.71,6,1662.35,59,0,604.5,1348.61,Freelance,1017.07,Education,Negative,50.8,Medium,2224.7,0,2020-03-01,0.37746076074759555,0.448146253586282,0.99979242191728,0.16585842248271346,1.2323836636048897,2
2020-04-25,1632,4830.58,3774.05,0.18,2819.09,normal,688.0,0.15,385.07,90.72,4,856.02,33,0,665.36,2102.46,Salary,1074.78,Entertainment,Positive,77.0,Low,1056.53,0,2020-04-01,0.7812829929325258,0.17629867118877598,0.5570832394907328,0.018780353497923646,0.22681734476225804,1
2020-05-25,1477,1932.33,3059.31,0.3,2764.94,recession,716.0,0.55,638.65,632.51,6,826.66,89,0,598.05,2039.09,Freelance,1190.09,Insurance,Negative,69.5,Low,0.0,0,2020-05-01,1.5832233624691434,0.1954852564794022,0.6665195746753353,0.3273302179234396,0.270211256786661,1
2020-06-24,1927,2406.12,4245.84,0.18,2080.12,inflation,661.0,0.14,704.22,592.87,8,770.35,59,0,620.58,2234.27,Salary,1018.76,Transportation,Positive,65.2,Low,0.0,0,2020-06-01,1.7646002693132514,0.14616189022666892,0.5262256703031674,0.24640084451315813,0.18143641776421154,1
2020-07-24,1404,2532.15,3592.7,0.22,2413.89,normal,696.0,0.49,849.92,521.18,5,2187.52,26,0,319.52,1519.82,Mixed,995.72,Transportation,Negative,84.2,Low,0.0,0,2020-07-01,1.4188337973658747,0.0889358977927464,0.4230300331227211,0.2058250893509468,0.6088791159851922,1
2020-08-23,1660,5423.3,1573.17,0.25,2987.38,recession,616.0,0.32,812.67,378.59,7,1348.09,77,1,466.81,2284.49,Freelance,1245.95,Rent,Negative,9.6,Medium,3850.13,1,2020-08-01,0.2900761528958383,0.2967320759994152,1.4521571095304384,0.06980805044898862,0.8569258249267402,2
2020-09-22,1181,3009.56,2847.89,0.29,3127.71,normal,633.0,0.45,275.56,613.74,8,523.56,39,0,585.08,1944.23,Freelance,1400.37,Healthcare,Neutral,4.9,Medium,161.67,0,2020-09-01,0.946281183960446,0.20544332821843542,0.6826913960862253,0.2039301426122091,0.18384137027764413,2
2020-10-22,1361,4021.8,3627.67,0.18,2354.42,inflation,680.0,0.27,626.55,477.73,6,2253.72,97,0,664.45,2471.39,Freelance,1139.3,Entertainment,Positive,92.1,Low,394.13,0,2020-10-01,0.9020015913272664,0.183161643699675,0.6812609746752047,0.11878512109005918,0.6212582732166927,1
2020-11-21,1113,4117.26,2728.61,0.33,2853.85,normal,639.0,0.15,533.05,629.07,3,1240.49,94,0,746.39,1949.89,Salary,931.95,Entertainment,Positive,2.2,Low,1388.65,0,2020-11-01,0.66272472469555,0.27354220647142685,0.7146092699213152,0.15278850497661067,0.45462341631819864,1
2020-12-21,1461,2220.05,2819.01,0.37,3538.14,inflation,620.0,0.18,226.85,229.59,3,1642.28,62,0,149.71,1624.4,Salary,1559.45,Rent,Positive,78.1,Low,0.0,0,2020-12-01,1.2697957253215018,0.05310729653318009,0.5762306625375575,0.10341658971644782,0.5825733147452474,1
2021-01-20,1462,3844.67,2516.9,0.39,3275.03,inflation,673.0,0.29,509.86,380.98,8,670.32,25,0,622.93,2642.72,Salary,916.63,Transportation,Negative,10.4,Medium,1327.77,0,2021-01-01,0.654646562643868,0.24749890738607014,1.0499900671460922,0.09909303009100912,0.2663276252532878,2
2021-02-19,1701,2769.28,4288.41,0.22,3359.43,normal,763.0,0.47,487.91,402.89,8,1014.57,23,0,835.9,2541.33,Salary,1811.58,Rent,Neutral,4.6,Low,0.0,0,2021-02-01,1.5485649699560895,0.1949207281952985,0.5926042519255389,0.14548546914721514,0.23658418854540497,1
2021-03-21,1722,4773.45,2418.8,0.28,2730.76,normal,689.0,0.24,270.37,535.3,2,796.25,38,0,564.98,2156.35,Salary,1884.13,Healthcare,Neutral,52.9,Low,2354.65,0,2021-03-01,0.5067194586724487,0.23357863403340498,0.8914957830329088,0.11214111386942358,0.32919216140234825,1
2021-04-20,1369,5728.95,3384.51,0.23,3399.42,normal,669.0,0.15,504.6,396.79,2,1484.63,97,0,408.29,1952.16,Freelance,975.52,Insurance,Positive,75.8,High,2344.44,0,2021-04-01,0.5907731783311079,0.12063489249551633,0.5767925046757137,0.06926051021565907,0.4386543399192202,3
2021-05-20,1549,4668.2,2212.88,0.1,2906.03,recession,769.0,0.13,797.65,162.04,9,153.74,78,0,686.09,3188.51,Freelance,1279.32,Groceries,Positive,3.1,High,2455.32,0,2021-05-01,0.474032817788441,0.31004392465926756,1.4408869889013414,0.034711451951501646,0.06947507320776544,3
2021-06-19,1422,2952.33,2515.94,0.06,2913.37,recession,660.0,0.38,682.79,809.82,1,1469.5,20,0,932.38,1415.17,Salary,924.39,Education,Positive,33.3,High,436.39,0,2021-06-01,0.8521879329207779,0.3705891237469892,0.5624816172086775,0.2742986048307608,0.5840759318584704,3
2021-07-19,1642,3609.85,2078.61,0.05,2425.41,normal,818.0,0.23,479.3,425.36,4,748.6,31,0,604.87,2467.21,Salary,1502.81,Investments,Positive,16.5,Low,1531.24,0,2021-07-01,0.5758161696469383,0.29099734919008374,1.186951857250759,0.11783315096195134,0.3601445196549617,1
2021-08-18,1666,4936.35,3975.13,0.08,2817.55,normal,686.0,0.41,861.0,1074.46,2,1912.78,58,0,629.2,2205.07,Salary,1018.82,Rent,Neutral,38.2,Low,961.22,0,2021-08-01,0.8052771784820768,0.15828413158814933,0.5547164495249213,0.21766284805574967,0.48118677879717137,1
2021-09-17,1352,2516.74,1724.5,0.23,2638.64,inflation,753.0,0.39,518.13,777.85,5,666.38,30,0,478.8,2346.23,Salary,1115.65,Transportation,Negative,88.2,Medium,792.24,0,2021-09-01,0.6852118216422833,0.27764569440417514,1.3605276891852711,0.309070464171905,0.386419251957089,2
2021-10-17,1891,3456.96,3226.27,0.33,2735.93,normal,662.0,0.25,509.75,588.2,3,1685.99,70,0,498.34,2333.71,Freelance,989.38,Insurance,Positive,13.1,Low,230.69,0,2021-10-01,0.9332679579746367,0.15446320363763727,0.7233461551575039,0.17014949551050634,0.5225818049946223,1
2021-11-16,1707,3626.94,1452.29,0.1,2077.59,normal,799.0,0.36,462.26,354.03,1,1071.84,71,0,302.03,2100.75,Salary,1131.13,Rent,Neutral,94.4,High,2174.65,1,2021-11-01,0.40041743177444344,0.20796810554365863,1.4465086174248944,0.09761120944928782,0.7380344146141611,3
2021-12-16,1505,3257.18,4136.18,0.16,2506.21,normal,747.0,0.31,586.96,106.42,8,1637.71,20,0,261.82,1829.9,Mixed,300.0,Dining Out,Neutral,27.4,High,0.0,0,2021-12-01,1.2698653436408183,0.0632999530968188,0.4424130477880556,0.032672434437151156,0.39594746843706025,3
2022-01-15,1421,3416.92,2254.36,0.16,3047.88,recession,629.0,0.38,737.98,523.75,4,842.98,32,0,419.83,1872.43,Freelance,1968.57,Education,Positive,46.7,Low,1162.56,0,2022-01-01,0.6597637638575091,0.18623023829379512,0.830581628488795,0.15328131767790876,0.37393317837435014,1
2022-02-14,1895,5189.22,1731.26,0.34,2264.17,inflation,688.0,0.14,380.23,963.23,1,768.31,96,0,535.57,1579.9,Salary,1034.42,Dining Out,Negative,10.6,Low,3457.96,1,2022-02-01,0.3336262482608176,0.3093527257604288,0.9125723461525133,0.18562134578992603,0.44378660628675065,1
2022-03-16,1038,3019.22,3564.12,0.2,3178.94,normal,676.0,0.51,945.73,283.07,8,775.77,97,0,289.51,1000.0,Salary,617.71,Insurance,Negative,87.6,Medium,0.0,0,2022-03-01,1.1804770768609112,0.08122902708101859,0.28057416697529824,0.09375600320612609,0.21766102151442712,2
2022-04-15,1394,3686.26,2667.71,0.25,2523.25,recession,744.0,0.12,813.39,341.52,1,1317.39,62,0,114.65,2570.64,Mixed,1068.07,Healthcare,Positive,89.1,Low,1018.55,0,2022-04-01,0.7236901358015984,0.04297693527407402,0.9636129864190635,0.09264674765209181,0.49382803977943635,1
2022-05-15,1884,3467.2,3449.19,0.26,2899.26,inflation,638.0,0.22,671.16,512.16,2,943.31,69,0,532.67,1877.8,Salary,2348.4,Utilities,Positive,42.9,Low,18.01,0,2022-05-01,0.9948056068297185,0.15443335971633917,0.5444176748743907,0.14771573604060914,0.2734873984906601,1
2022-06-14,1685,3782.02,3344.12,0.15,2385.55,normal,594.0,0.5,218.3,135.52,7,210.88,29,0,546.67,2079.81,Salary,724.76,Rent,Negative,88.8,Low,437.9,0,2022-06-01,0.8842153135097117,0.1634720045931366,0.6219304331184288,0.03583270315862952,0.06305993804050095,1
2022-07-14,1427,3410.52,2290.39,0.09,2518.6,recession,753.0,0.52,730.3,591.32,8,621.06,53,0,548.67,1116.46,Salary,944.59,Transportation,Positive,80.9,Medium,1120.13,0,2022-07-01,0.6715662127769372,0.23955308921188095,0.4874541017032034,0.1733811852737999,0.27115906024738146,2
2022-08-13,1949,3414.17,2806.78,0.29,1734.43,inflation,749.0,0.53,917.82,438.75,5,1061.82,69,0,153.8,2223.35,Salary,1484.99,Transportation,Positive,74.1,Low,607.39,0,2022-08-01,0.8220973179425747,0.054795887101946,0.7921354719643149,0.1285085394107499,0.378305389093552,1
2022-09-12,1178,4339.83,2955.24,0.08,2582.82,normal,617.0,0.24,239.71,396.24,5,599.38,96,0,397.03,2384.13,Salary,1260.07,Rent,Positive,95.0,Low,1384.59,0,2022-09-01,0.6809575490284181,0.13434780254733963,0.8067466601697325,0.09130311555982608,0.20281939876287544,1
2022-10-12,1131,5362.52,2620.39,0.3,2221.57,recession,668.0,0.16,371.56,349.05,6,601.49,47,0,203.03,2676.7,Salary,1828.14,Education,Neutral,69.9,Medium,2742.13,1,2022-10-01,0.4886489933837076,0.07748083300577395,1.0214891676429845,0.06509066632851719,0.22954216738729732,2
2022-11-11,1874,3030.58,2997.62,0.35,2788.29,recession,648.0,0.21,452.72,692.94,5,0.0,60,0,433.04,1634.03,Freelance,916.83,Entertainment,Positive,99.0,Low,32.96,0,2022-11-01,0.9891241940486639,0.14446127260960362,0.5451091199017888,0.22864930145384715,0.0,1
2022-12-11,1083,3959.45,3862.75,0.24,3308.23,inflation,640.0,0.54,513.93,537.76,2,1470.98,68,0,584.46,3169.27,Salary,633.3,Dining Out,Neutral,39.4,High,96.7,0,2022-12-01,0.9755774160552603,0.15130671153970618,0.8204698725001618,0.13581684324843096,0.38081159795482494,3
2023-01-10,1044,4077.02,3147.04,0.12,2490.08,normal,696.0,0.3,415.54,337.85,4,1728.57,49,0,463.44,3050.77,Salary,1045.68,Dining Out,Negative,86.1,High,929.98,0,2023-01-01,0.7718971209363702,0.14726218923178605,0.9694093497381666,0.08286689788129566,0.5492685189892724,3
2023-02-09,1075,4692.43,3028.96,0.32,3522.17,recession,744.0,0.47,897.37,52.22,9,1449.24,59,0,389.68,2521.52,Salary,1811.31,Entertainment,Neutral,72.9,Medium,1663.47,0,2023-02-01,0.6454992402657045,0.12865141830859436,0.8324705509481802,0.011128562386652543,0.4784612540277851,2
2023-03-11,1529,5458.64,1993.64,0.16,2894.65,inflation,720.0,0.31,425.21,392.84,1,483.62,74,0,318.23,1644.99,Mixed,910.63,Investments,Positive,76.1,High,3465.0,1,2023-03-01,0.3652265033048525,0.1596225998675789,0.8251188780321421,0.0719666437061246,0.24258140888023916,3
2023-04-10,1540,2611.3,3249.69,0.13,1960.78,inflation,714.0,0.11,327.48,550.11,9,1414.14,78,0,636.52,2522.21,Salary,1048.27,Insurance,Positive,8.9,High,0.0,0,2023-04-01,1.2444721020181517,0.19587099077142742,0.7761386470709514,0.2106651859227205,0.4351615077130434,3
2023-05-10,1595,2529.91,3380.55,0.27,2887.55,recession,740.0,0.25,456.37,212.81,5,1502.16,91,0,614.82,1520.28,Mixed,1522.67,Education,Positive,72.9,Medium,0.0,0,2023-05-01,1.336233304742066,0.18186981408350714,0.4497138039668101,0.08411761683221933,0.44435372942272705,2
2023-06-09,1984,4376.63,2224.34,0.13,3019.67,inflation,660.0,0.14,779.2,777.94,5,1066.5,70,0,424.02,2735.93,Salary,1043.83,Healthcare,Positive,8.4,Low,2152.29,0,2023-06-01,0.5082312189972651,0.1906273321524587,1.2299963135132217,0.17774863308070366,0.47946806693221355,1
2023-07-09,1551,2644.66,2935.91,0.07,2925.37,normal,652.0,0.46,478.86,59.36,6,1470.41,58,0,429.12,1658.34,Salary,1568.88,Investments,Positive,12.5,High,0.0,0,2023-07-01,1.1101275778360924,0.14616251860581558,0.5648470150651757,0.02244522925442212,0.5008361972948763,3
2023-08-08,1797,4602.82,2194.77,0.16,1583.86,normal,635.0,0.54,680.48,655.68,5,1689.36,35,0,857.37,1000.0,Salary,1131.17,Rent,Negative,34.6,Medium,2408.05,1,2023-08-01,0.4768315945442142,0.39064229964871033,0.45562860800903965,0.14245180128703708,0.7697207452261512,2
2023-09-07,1864,6243.76,2682.7,0.09,3283.75,inflation,655.0,0.51,486.07,564.23,9,1276.92,40,0,496.04,2494.95,Freelance,1253.07,Utilities,Positive,74.7,High,3561.06,1,2023-09-01,0.4296609735159583,0.18490326909456892,0.9300145375927238,0.0903670224351993,0.475983151302792,3
2023-10-07,1223,4291.0,3549.45,0.09,1847.11,normal,736.0,0.4,485.58,932.51,9,1565.97,66,0,592.51,2230.04,Salary,1323.82,Entertainment,Negative,57.2,Low,741.55,0,2023-10-01,0.8271848054066651,0.1669300877600755,0.6282776204764119,0.21731764157539035,0.44118666272239365,1
2023-11-06,1506,4418.16,2315.04,0.12,3166.28,recession,696.0,0.21,652.11,0.0,5,438.74,37,0,722.9,3358.05,Salary,1663.98,Education,Neutral,56.3,Low,2103.12,0,2023-11-01,0.5239828344831332,0.3122624231114797,1.4505364918100767,0.0,0.1895172437625268,1
2019-01-01,1653,5651.4,3416.37,0.11,2165.29,normal,704.0,0.41,521.18,268.36,3,679.87,22,1,660.94,1000.0,Salary,984.35,Insurance,Positive,84.5,Medium,2235.03,1,2019-01-01,0.6045174646990127,0.19346265187904121,0.29270834248046906,0.04748557879463496,0.1990036208021965,2
2019-01-31,1627,6483.49,2616.04,0.32,2914.5,inflation,587.0,0.23,418.56,499.94,4,462.01,71,0,515.09,1555.36,Salary,427.74,Dining Out,Negative,62.0,Medium,3867.45,1,2019-01-01,0.403492563418776,0.1968968364398098,0.5945474839834253,0.07710970480404844,0.17660662680998762,2
2019-03-02,1473,4151.46,3541.05,0.23,3630.87,normal,732.0,0.5,315.71,285.31,8,1815.24,68,0,1001.6,2338.68,Salary,948.78,Education,Positive,96.3,Medium,610.41,0,2019-03-01,0.852964980994638,0.282853955747589,0.6604481721523277,0.06872521956131096,0.5126276104545262,2
2019-04-01,1671,4009.15,1662.58,0.2,2948.71,normal,754.0,0.11,562.58,169.76,2,1000.97,81,0,689.78,2253.94,Freelance,1277.47,Entertainment,Positive,57.3,Medium,2346.57,0,2019-04-01,0.41469638202611525,0.4148852987525412,1.355688147337271,0.04234314006709651,0.6020582468212057,2
2019-05-01,1990,3468.96,3629.29,0.23,2927.97,inflation,614.0,0.33,614.43,333.98,3,721.71,64,0,622.27,2088.99,Salary,896.98,Investments,Positive,50.6,Medium,0.0,0,2019-05-01,1.046218463170518,0.17145777824312744,0.5755919201827354,0.0962766938794336,0.19885707672850614,2
2019-05-31,1769,4500.52,3317.74,0.06,2879.86,normal,628.0,0.35,471.32,492.98,6,1553.79,92,0,263.34,2975.82,Salary,1636.5,Utilities,Positive,24.4,Low,1182.78,0,2019-05-01,0.7371903691129024,0.07937330833639766,0.8969418941809787,0.10953845333428136,0.468327837624407,1
2019-06-30,1370,4415.73,3042.43,0.14,2352.14,recession,602.0,0.33,544.96,947.07,9,1603.17,24,0,927.38,1000.0,Salary,916.7,Transportation,Neutral,36.9,Medium,1373.3,0,2019-06-01,0.6889981950889208,0.30481555861597476,0.3286846369513843,0.21447642858598695,0.5269373494213507,2
2019-07-30,1532,3091.74,2857.83,0.38,3234.68,normal,651.0,0.15,415.92,102.65,3,795.84,97,0,540.81,2250.6,Salary,1405.57,Utilities,Positive,19.2,Low,233.91,0,2019-07-01,0.9243435735217063,0.18923798826382254,0.7875206012953885,0.03320136880850266,0.27847702627518084,1
2019-08-29,1565,4791.07,2547.23,0.2,3765.74,normal,641.0,0.1,957.01,256.62,9,1194.3,30,0,479.48,3235.56,Mixed,1733.3,Insurance,Neutral,13.1,Low,2243.84,0,2019-08-01,0.531662029567508,0.1882358483529167,1.2702268738983131,0.053562147912679214,0.4688622542919171,1
2019-09-28,1825,4575.27,3696.96,0.34,2896.57,normal,698.0,0.14,476.15,0.0,3,1173.53,60,0,331.97,2235.36,Freelance,1211.81,Dining Out,Positive,70.9,High,878.31,0,2019-09-01,0.8080310014490948,0.08979539946334286,0.6046481433393924,0.0,0.3174310785077469,3
2019-10-28,1245,3679.31,3920.06,0.39,1791.06,inflation,764.0,0.29,640.01,31.11,6,1649.6,60,0,480.3,2672.64,Salary,1785.77,Entertainment,Negative,28.8,Medium,0.0,0,2019-10-01,1.065433464426754,0.12252363484232384,0.6817854828752621,0.0084553897334011,0.42080988556297605,2
2019-11-27,1270,4848.8,3679.83,0.32,2734.17,normal,700.0,0.33,371.01,743.26,1,212.7,31,0,331.58,1000.0,Salary,1602.78,Insurance,Neutral,87.3,Low,1168.97,0,2019-11-01,0.7589156079854809,0.09010742344075677,0.2717516841810627,0.15328741131826432,0.057801583225312037,1
2019-12-27,1190,4254.03,2610.84,0.33,2544.98,normal,559.0,0.46,588.76,411.87,5,1725.53,28,0,692.08,2794.27,Salary,843.64,Rent,Positive,26.0,Medium,1643.19,0,2019-12-01,0.6137333305124788,0.26507943803526834,1.0702570820119195,0.09681878124977963,0.6609098987299107,2
2020-01-26,1931,4071.27,1710.97,0.37,1997.19,normal,653.0,0.29,455.06,343.64,5,950.38,29,0,477.6,2523.62,Mixed,1777.84,Transportation,Positive,4.1,Low,2360.3,1,2020-01-01,0.4202546134252948,0.2791399030959047,1.47496449382514,0.08440609441279993,0.5554626907543674,1
2020-02-25,1466,5357.48,3249.94,0.22,2967.63,inflation,670.0,0.52,826.78,0.0,6,809.59,36,0,280.07,1782.45,Freelance,1890.56,Dining Out,Negative,37.9,Low,2107.54,0,2020-02-01,0.6066172902185356,0.08617697557493369,0.5484562791928467,0.0,0.24910921432395675,1
2020-03-26,1544,4521.67,3115.2,0.38,3880.88,normal,721.0,0.1,384.85,147.02,3,572.84,67,0,548.89,1578.26,Salary,1121.71,Entertainment,Neutral,13.4,Low,1406.47,0,2020-03-01,0.688948994508666,0.17619735490498203,0.5066319979455572,0.032514535558764796,0.18388546481766824,1
2020-04-25,1190,2783.2,2110.1,0.3,3384.5,recession,721.0,0.52,95.28,669.29,2,1392.78,90,0,395.3,3054.2,Mixed,716.94,Entertainment,Positive,74.7,High,673.1,0,2020-04-01,0.7581560793331418,0.18733709302876642,1.44741955357566,0.240474992814027,0.660054025875551,3
2020-05-25,1423,1434.02,2808.08,0.16,2953.07,normal,609.0,0.14,475.21,259.06,4,1339.73,90,0,716.03,1857.39,Salary,1869.73,Investments,Positive,95.6,Low,0.0,0,2020-05-01,1.9581874729780617,0.2549891740976041,0.661444830631606,0.18065298949805442,0.47709823081963476,1
2020-06-24,1497,4568.68,2370.76,0.28,2226.14,inflation,688.0,0.21,780.27,526.41,9,1037.98,68,0,494.93,3062.57,Salary,1690.15,Insurance,Negative,67.2,High,2197.92,0,2020-06-01,0.5189157480935412,0.20876427812178372,1.2918093775835597,0.11522146440547378,0.43782584487674836,3
2020-07-24,1146,4345.89,1641.88,0.11,2895.24,normal,700.0,0.31,377.95,452.38,9,1010.3,96,0,598.01,1171.16,Salary,2002.68,Utilities,Positive,7.8,Medium,2704.01,0,2020-07-01,0.37780063462259744,0.36422272029624575,0.7133042609691329,0.10409375294818782,0.615331205691037,2
2020-08-23,1773,4223.06,1983.91,0.12,2605.99,recession,701.0,0.2,255.99,441.63,6,1255.52,91,0,676.71,2196.88,Mixed,2409.17,Utilities,Negative,89.2,Low,2239.15,0,2020-08-01,0.4697802067694989,0.341099142602235,1.1073486196450444,0.10457582890131799,0.6328512886169231,1
2020-09-22,1494,4296.24,3242.82,0.06,2822.19,inflation,624.0,0.33,806.83,265.82,2,1208.44,86,0,586.42,1587.63,Freelance,421.82,Rent,Positive,39.6,Low,1053.42,0,2020-09-01,0.7548042008826323,0.18083643248777295,0.4895831405998483,0.0618727072975439,0.37265096428417244,1
2020-10-22,1341,3490.11,3264.64,0.11,2749.1,normal,756.0,0.29,465.16,148.78,5,364.78,50,0,595.51,2263.58,Freelance,1105.95,Healthcare,Neutral,27.0,Low,225.47,0,2020-10-01,0.9353974516562514,0.182412149578514,0.6933628210154872,0.04262902888447642,0.11173666928053322,1
2020-11-21,1491,1798.64,3894.69,0.17,3000.14,inflation,755.0,0.23,368.18,1292.3,5,1613.78,78,0,808.24,1903.94,Salary,1839.67,Insurance,Positive,77.4,High,0.0,0,2020-11-01,2.1653527109371526,0.2075235769727501,0.48885533893583316,0.7184873015167015,0.4143539023645014,3
2020-12-21,1294,3248.23,2204.01,0.16,2452.6,normal,773.0,0.38,350.46,257.38,9,971.13,41,0,198.69,1887.39,Salary,1240.88,Transportation,Positive,95.4,Medium,1044.22,0,2020-12-01,0.678526459025377,0.09014931874174799,0.8563436645024296,0.07923699984299142,0.44061959791470995,2
2021-01-20,1667,3897.86,4084.01,0.28,3073.01,normal,811.0,0.11,658.08,252.46,3,1270.27,83,0,251.43,1776.82,Salary,2033.67,Utilities,Neutral,74.4,Medium,0.0,0,2021-01-01,1.047756974339766,0.06156449176177335,0.4350674949375736,0.06476887317656355,0.31103498767143073,2
2021-02-19,1043,3755.29,2668.89,0.08,2390.84,normal,628.0,0.27,608.93,391.27,3,808.28,80,0,1028.47,1034.02,Salary,951.03,Investments,Neutral,4.4,High,1086.4,0,2021-02-01,0.7107014371726285,0.38535496030184835,0.3874344765052138,0.10419168692697502,0.3028524967308507,3
2021-03-21,1843,3735.57,3111.95,0.19,2803.2,normal,670.0,0.31,621.03,341.57,7,1541.24,70,0,437.4,1657.14,Salary,1286.53,Investments,Positive,32.6,High,623.62,0,2021-03-01,0.833058944150424,0.14055495750253058,0.5325085557287232,0.09143718361588726,0.4952650267517152,3
2021-04-20,1189,4472.3,1589.72,0.32,2483.32,recession,567.0,0.15,929.23,98.37,9,1452.67,43,0,498.59,3726.45,Salary,979.45,Utilities,Positive,44.6,Low,2882.58,1,2021-04-01,0.35545915971647696,0.3136338474699947,2.344092041365775,0.021995393868926502,0.9137898497848678,1
2021-05-20,1164,2888.28,2936.03,0.39,2773.58,normal,632.0,0.19,686.65,791.5,2,854.66,92,0,356.08,1933.95,Salary,1064.8,Entertainment,Neutral,27.6,Low,0.0,0,2021-05-01,1.0165323306604623,0.12127941471987683,0.6586955855355701,0.2740385281205423,0.2910937558539933,1
2021-06-19,1607,4780.73,2471.27,0.31,3268.53,normal,708.0,0.55,773.02,554.79,7,1056.31,62,0,303.86,2900.41,Salary,1163.46,Groceries,Positive,99.5,Low,2309.46,0,2021-06-01,0.516923147720118,0.12295702209794965,1.1736516042358787,0.11604713087750197,0.42743609561075885,1
2021-07-19,1962,5559.19,3200.27,0.35,2564.72,recession,683.0,0.54,580.96,0.0,5,962.83,83,0,757.95,1693.81,Salary,1133.31,Dining Out,Positive,60.9,High,2358.92,0,2021-07-01,0.5756719953806221,0.23683939167632734,0.529270967762095,0.0,0.3008589900227168,3
2021-08-18,1209,4766.46,2159.97,0.34,3431.69,inflation,597.0,0.55,475.76,162.42,9,1077.63,74,0,409.07,2551.6,Salary,347.97,Rent,Negative,55.0,Low,2606.49,0,2021-08-01,0.45316020694603537,0.1893868896327264,1.181312703417177,0.034075603277904355,0.4989097070792651,1
2021-09-17,1518,3072.79,3061.53,0.36,2147.31,inflation,630.0,0.51,433.6,250.3,1,1069.37,93,0,163.86,2568.99,Salary,928.37,Healthcare,Positive,10.6,High,11.26,0,2021-09-01,0.9963355777648327,0.05352225847860383,0.8391196558583452,0.08145691700376531,0.3492926739244756,3
2021-10-17,1288,3815.91,2120.03,0.31,3238.16,recession,740.0,0.15,466.0,67.97,1,1045.23,31,0,748.46,1773.15,Freelance,397.07,Insurance,Positive,45.0,High,1695.88,0,2021-10-01,0.5555765204105968,0.35304217393150095,0.8363796738725395,0.017812264964320437,0.4930260420843101,3
2021-11-16,1689,6976.51,3296.28,0.4,3042.72,normal,712.0,0.57,484.4,54.57,5,866.95,99,0,419.32,1611.65,Salary,1218.28,Rent,Positive,43.2,Medium,3680.23,1,2021-11-01,0.4724826596679429,0.12721006710594973,0.4889299452716395,0.007821962557209837,0.26300860363804046,2
2021-12-16,1817,4674.79,4273.94,0.16,2409.76,inflation,691.0,0.28,436.77,417.71,9,314.81,57,0,850.33,1914.88,Salary,565.38,Dining Out,Positive,21.3,High,400.85,0,2021-12-01,0.9142528327475672,0.1989569343509736,0.44803623822515065,0.08935374637149476,0.07365802982727881,3
2022-01-15,1268,4559.96,3047.25,0.35,2380.08,inflation,662.0,0.54,176.77,352.88,7,828.16,20,0,375.28,2766.02,Mixed,977.29,Insurance,Negative,99.0,Medium,1512.71,0,2022-01-01,0.6682624408986043,0.12315366313889571,0.907710230535729,0.07738664374248896,0.2717729100008204,2
2022-02-14,1607,3471.52,581.14,0.22,2915.97,normal,706.0,0.39,565.95,307.02,4,1370.02,53,0,380.02,3168.79,Freelance,1577.7,Utilities,Positive,24.3,High,2890.38,0,2022-02-01,0.16740217541595612,0.6539216023677599,5.452713631827098,0.08843964603401391,2.3574698007364834,3
2022-03-16,1424,2653.08,3376.93,0.12,2898.49,normal,687.0,0.27,163.16,0.0,5,0.0,42,0,676.93,1413.37,Salary,1124.0,Investments,Negative,96.7,Low,0.0,0,2022-03-01,1.272833838406682,0.2004572200193667,0.41853695516341766,0.0,0.0,1
2022-04-15,1807,3857.46,2393.07,0.15,3866.06,inflation,645.0,0.6,154.16,528.52,5,197.4,21,0,354.15,3080.48,Freelance,1304.86,Entertainment,Positive,46.2,High,1464.39,0,2022-04-01,0.6203745469816927,0.1479898206070027,1.2872502684835796,0.1370124382365598,0.08248818463312815,3
2022-05-15,1453,3443.27,2705.76,0.19,3225.82,inflation,719.0,0.32,629.74,241.87,9,688.1,88,0,578.68,3056.18,Salary,1189.81,Utilities,Positive,41.5,Low,737.51,0,2022-05-01,0.7858111620639683,0.21386967062858492,1.1295088995328484,0.07024427361200254,0.25430932529123057,1
2022-06-14,1303,3434.44,2700.14,0.16,3125.6,normal,706.0,0.23,584.24,130.48,9,430.07,98,0,277.06,1804.5,Salary,300.0,Utilities,Positive,90.0,Medium,734.3,0,2022-06-01,0.7861951293369516,0.10260949432251662,0.6682986808091432,0.037991637646894394,0.15927692638159505,2
2022-07-14,1177,4176.62,3215.97,0.21,2350.36,inflation,792.0,0.56,473.08,0.0,9,1132.63,29,1,412.53,2369.3,Salary,1213.03,Utilities,Positive,98.1,High,960.65,0,2022-07-01,0.7699934396713132,0.12827545033069337,0.7367295092926863,0.0,0.3521892306209325,3
2022-08-13,1560,4082.93,3438.61,0.16,2727.08,inflation,676.0,0.54,620.24,687.19,8,1156.6,49,0,415.21,2571.39,Salary,1240.75,Transportation,Positive,88.6,High,644.32,0,2022-08-01,0.8421917593492909,0.12074937256624042,0.7477992560947592,0.1683080532852633,0.33635684186342735,3
2022-09-12,1150,4149.05,879.94,0.16,2799.44,normal,656.0,0.2,973.69,409.42,5,1510.46,23,0,686.7,1860.2,Freelance,657.92,Insurance,Positive,82.4,Low,3269.11,1,2022-09-01,0.21208228389631362,0.7803941177807577,2.1140077732572675,0.09867801062893915,1.7165488556037911,1
2022-10-12,1649,3474.62,3989.72,0.15,2315.22,inflation,812.0,0.19,736.69,727.95,3,88.84,65,0,671.23,2511.43,Freelance,2126.91,Insurance,Positive,19.3,Low,0.0,0,2022-10-01,1.148246426947407,0.1682398764825602,0.629475251396088,0.20950492427948958,0.022267226772806115,1
2022-11-11,1595,5707.28,2239.11,0.39,2923.4,recession,664.0,0.3,263.12,0.0,7,1205.13,61,0,314.47,2034.51,Salary,1574.51,Education,Neutral,59.6,High,3468.17,1,2022-11-01,0.3923252407451536,0.1404441943450746,0.9086244088052842,0.0,0.5382183099535083,3
2022-12-11,1267,4901.55,3268.16,0.14,2718.06,normal,678.0,0.41,391.75,822.76,7,1212.51,88,0,382.55,2243.09,Salary,685.52,Dining Out,Positive,2.4,High,1633.39,0,2022-12-01,0.6667605145311176,0.11705363262508568,0.6863464457064526,0.16785710642551846,0.37100692744541275,3
2023-01-10,1751,4544.82,2127.35,0.3,2503.12,normal,709.0,0.29,427.59,161.0,6,863.8,82,0,521.71,2642.95,Salary,1527.09,Insurance,Negative,69.5,Low,2417.47,0,2023-01-01,0.46808234429526363,0.24523938233012907,1.2423672644369756,0.03542494532236701,0.4060450795590758,1
2023-02-09,1637,3612.34,3638.4,0.18,2382.27,inflation,770.0,0.32,430.79,610.12,5,705.17,69,0,508.0,1471.98,Freelance,593.5,Healthcare,Negative,72.4,Low,0.0,0,2023-02-01,1.0072141603503546,0.13962181178540017,0.4045679419525066,0.16889883012119566,0.1938132145998241,1
2023-03-11,1208,4442.69,2431.42,0.26,1738.87,normal,642.0,0.22,727.5,864.53,2,779.22,53,0,231.65,2839.27,Salary,1549.64,Rent,Positive,13.0,Low,2011.27,1,2023-03-01,0.5472855409672969,0.09527354385503121,1.1677414844000624,0.19459606679736827,0.3204793906441503,1
2023-04-10,1793,2943.37,2528.99,0.07,2459.96,normal,679.0,0.47,553.71,730.82,5,455.0,63,0,480.6,2645.2,Salary,621.11,Dining Out,Negative,11.6,Low,414.38,0,2023-04-01,0.8592157968587028,0.19003633861739275,1.0459511504592742,0.24829362261625282,0.17991372049711546,1
2023-05-10,1161,4547.95,2299.35,0.3,2629.86,recession,695.0,0.44,420.01,0.0,7,542.98,81,1,847.38,2394.54,Salary,1025.88,Rent,Negative,22.3,Low,2248.6,0,2023-05-01,0.5055794368891479,0.3685302368060539,1.0413986561419533,0.0,0.2361449974992933,1
2023-06-09,1304,2774.17,2898.15,0.34,2875.4,normal,638.0,0.43,645.61,809.62,5,1270.61,84,0,554.37,2406.78,Salary,661.78,Healthcare,Positive,0.5,Low,0.0,0,2023-06-01,1.0446908444687961,0.19128409502613736,0.8304539102530926,0.291842244707426,0.4384210617117816,1
2023-07-09,1591,3730.02,4492.34,0.31,2924.68,recession,726.0,0.45,428.84,347.77,5,1355.17,52,0,469.43,2242.68,Mixed,816.87,Utilities,Neutral,6.3,Medium,0.0,0,2023-07-01,1.2043742392802184,0.1044956525997587,0.49922312202549224,0.09323542501112594,0.30166238530476325,2
2023-08-08,1120,3620.67,3033.36,0.16,2898.03,recession,639.0,0.29,611.0,322.29,2,943.0,34,0,479.69,2088.64,Salary,1124.87,Transportation,Negative,57.1,Medium,587.31,0,2023-08-01,0.8377896908583218,0.15813817021388824,0.6885565841179417,0.08901391178980686,0.3108763878998866,2
2023-09-07,1146,3717.41,4470.21,0.2,3481.11,recession,717.0,0.49,356.72,301.37,6,1397.1,74,0,915.12,2033.97,Mixed,883.59,Transportation,Positive,67.4,Low,0.0,0,2023-09-01,1.2025065838850169,0.20471521472145604,0.4550054695416994,0.08106988467777297,0.3125356526874576,1
2023-10-07,1194,2527.45,2186.44,0.08,2687.78,normal,744.0,0.22,652.43,349.25,4,1800.38,57,0,704.94,1917.09,Salary,1421.32,Insurance,Negative,57.9,Medium,341.01,0,2023-10-01,0.8650774496033552,0.3224145185781453,0.8768088765298842,0.13818275336801916,0.8234298677301916,2
2023-11-06,1371,3751.63,4124.7,0.18,2508.1,normal,591.0,0.47,807.68,313.76,7,425.34,70,0,764.69,2006.19,Salary,919.07,Rent,Positive,67.5,Medium,0.0,0,2023-11-01,1.099442109163217,0.18539287705772542,0.4863844643246782,0.08363298086431764,0.10312022692559458,2
2019-01-01,1620,2530.03,2429.15,0.08,2791.76,inflation,679.0,0.32,301.92,483.91,8,511.17,66,0,727.22,2539.15,Salary,1271.9,Rent,Positive,44.4,Low,100.88,0,2019-01-01,0.9601269550163436,0.2993722083856493,1.0452833295597226,0.19126650672126416,0.21043163246403063,1
2019-01-31,1227,3209.62,3255.14,0.3,3255.29,normal,677.0,0.45,598.17,0.0,9,299.11,47,0,456.84,1170.54,Salary,472.97,Education,Negative,14.8,Medium,0.0,0,2019-01-01,1.014182364267421,0.14034419410532264,0.3595974366693906,0.0,0.09188852092383124,2
2019-03-02,1773,4523.31,2253.18,0.4,2626.34,normal,686.0,0.5,224.37,308.4,2,895.96,83,0,560.83,2474.42,Salary,1837.08,Rent,Positive,29.4,Medium,2270.13,0,2019-03-01,0.4981263720593989,0.24890599064433383,1.0981901135284355,0.06818016010399464,0.39764244312482805,2
2019-04-01,1675,3071.93,2547.39,0.08,2520.47,normal,634.0,0.42,342.68,456.0,6,1430.27,58,0,316.27,1250.25,Salary,905.44,Transportation,Neutral,36.9,Low,524.54,0,2019-04-01,0.8292474112365842,0.12415452679016561,0.4907964622613734,0.14844088244198272,0.5614648718884819,1
2019-05-01,1579,3655.22,3146.22,0.36,3762.18,normal,704.0,0.4,578.86,0.0,2,1292.24,29,0,374.67,3015.8,Salary,999.03,Groceries,Positive,59.9,Medium,509.0,0,2019-05-01,0.8607470959340341,0.11908576005492306,0.9585470818950996,0.0,0.4107277939877059,2
2019-05-31,1954,3393.87,1795.98,0.25,1835.81,inflation,557.0,0.56,388.77,454.03,1,1012.83,79,0,736.27,2560.57,Salary,1571.43,Utilities,Positive,63.2,Low,1597.89,0,2019-05-01,0.5291834984840316,0.4099544538357888,1.4257230035969222,0.13377943174016682,0.5639428055991715,1
2019-06-30,1017,2088.09,1889.04,0.35,3916.17,normal,680.0,0.19,607.85,787.56,1,903.35,32,0,401.47,2910.03,Salary,1583.61,Groceries,Positive,72.2,Low,199.05,0,2019-06-01,0.9046736491243192,0.2125259391013425,1.5404808791767248,0.37716765081964854,0.4782058611781646,1
2019-07-30,1551,2370.31,4077.64,0.12,2504.04,normal,739.0,0.44,803.12,878.93,7,1154.28,73,0,704.41,2360.9,Freelance,1349.82,Utilities,Negative,58.1,Medium,0.0,0,2019-07-01,1.720298188844497,0.17274943349584562,0.5789868649512954,0.3708080377672119,0.28307550445846125,2
2019-08-29,1829,2925.98,3851.42,0.08,3612.55,recession,812.0,0.55,452.95,363.97,1,464.0,80,0,488.6,2102.23,Salary,1631.4,Rent,Negative,7.4,Low,0.0,0,2019-08-01,1.316283775008715,0.12686230013865016,0.5458324462146429,0.12439251122700772,0.12047504556760882,1
2019-09-28,1192,3884.71,1642.92,0.08,2196.84,inflation,752.0,0.5,281.29,369.17,7,1081.9,93,0,556.0,1051.5,Salary,1890.47,Insurance,Positive,56.4,Medium,2241.79,1,2019-09-01,0.42291960017607494,0.33842183429503564,0.6400189905777518,0.09503154675638593,0.6585226304384876,2
2019-10-28,1812,3822.42,3772.83,0.28,1993.38,normal,755.0,0.28,726.3,26.02,9,1257.03,70,0,338.15,1387.28,Salary,1344.55,Healthcare,Positive,15.7,Medium,49.59,0,2019-10-01,0.9870265433939756,0.08962768001738747,0.36770275893692533,0.006807205906206016,0.333179602579496,2
2019-11-27,1522,5263.61,1126.55,0.18,2626.09,normal,660.0,0.28,417.03,615.24,8,903.41,57,0,485.23,1683.85,Freelance,1230.79,Transportation,Negative,19.8,Low,4137.06,1,2019-11-01,0.21402611515670805,0.4307221161954641,1.4946961963516932,0.11688555953043635,0.8019262349651591,1
2019-12-27,1164,4562.57,1738.88,0.11,2093.61,normal,679.0,0.31,270.53,592.38,3,948.69,20,0,441.47,2432.27,Freelance,1215.94,Insurance,Neutral,10.3,Medium,2823.69,1,2019-12-01,0.38111853626355324,0.2538818089804932,1.3987566709606183,0.12983472034401664,0.5455753128450497,2
2020-01-26,1036,5227.74,1996.97,0.07,3143.79,normal,694.0,0.12,660.31,461.61,2,742.12,78,0,186.08,1094.29,Salary,1482.74,Utilities,Neutral,65.8,Medium,3230.77,1,2020-01-01,0.38199489645621243,0.0931811694717497,0.547975182401338,0.08830010673828462,0.3716230088584205,2
2020-02-25,1104,3372.16,2710.54,0.07,3037.42,normal,789.0,0.56,488.08,997.72,4,741.1,73,0,497.05,1127.81,Freelance,1275.86,Transportation,Negative,71.6,High,661.62,0,2020-02-01,0.8037993452267983,0.18337674411740834,0.4160831421045253,0.29586970962231923,0.2734141536372826,3
2020-03-26,1669,3119.24,2985.71,0.38,2459.62,normal,615.0,0.38,354.25,1171.69,7,641.3,58,1,362.6,1815.86,Salary,534.39,Healthcare,Positive,59.0,Low,133.53,0,2020-03-01,0.9571914953642555,0.12144515039973743,0.6081836481104996,0.3756331670535131,0.21478978199490237,1
2020-04-25,1087,3672.17,2924.18,0.33,2655.87,normal,653.0,0.13,577.11,568.87,3,947.03,69,0,391.13,2511.88,Salary,1185.81,Insurance,Neutral,75.8,Medium,747.99,0,2020-04-01,0.7963084497722055,0.13375715585223893,0.8590032077368699,0.15491385202754773,0.3238617321779097,2
2020-05-25,1337,1940.34,4399.11,0.38,2491.45,normal,633.0,0.59,831.11,371.32,7,1540.28,91,0,325.17,2237.63,Salary,1240.29,Insurance,Neutral,4.6,Medium,0.0,0,2020-05-01,2.267185132502551,0.07391722416579719,0.5086551597936856,0.1913685230423534,0.3501344590155736,2
2020-06-24,1801,5216.2,2160.1,0.32,2570.2,normal,651.0,0.14,439.95,322.63,9,0.0,88,0,226.42,2596.43,Salary,1100.58,Transportation,Neutral,38.3,Low,3056.1,1,2020-06-01,0.4141137226333346,0.10481922133234572,1.201995277996389,0.06185153943483762,0.0,1
2020-07-24,1859,3910.61,3453.1,0.39,2853.33,normal,704.0,0.21,441.82,66.77,2,1193.46,27,0,222.51,2211.43,Salary,463.73,Healthcare,Positive,48.8,Low,457.51,0,2020-07-01,0.8830080217664251,0.06443775158553185,0.640418754162926,0.017074062614272453,0.3456198777909705,1
2020-08-23,1695,3533.21,2639.74,0.26,3156.5,recession,731.0,0.53,387.66,519.38,5,1731.88,62,0,486.83,2470.12,Salary,2129.32,Education,Positive,86.3,Low,893.47,0,2020-08-01,0.7471223052125404,0.18442346594740391,0.9357436717252458,0.14699947073624267,0.6560797654314441,1
2020-09-22,1295,5057.29,3549.91,0.37,2770.46,normal,690.0,0.11,0.0,436.45,8,934.99,50,0,361.84,1533.41,Salary,1269.62,Rent,Neutral,18.7,High,1507.38,0,2020-09-01,0.7019391808656414,0.10192934468761179,0.43195742990667374,0.08630116129389455,0.26338414213318084,3
2020-10-22,1218,5178.3,3616.94,0.25,2578.88,normal,592.0,0.44,444.85,358.61,7,1614.76,38,0,50.53,2444.37,Freelance,769.02,Utilities,Negative,61.3,Medium,1561.36,0,2020-10-01,0.6984801962033872,0.01397037274602288,0.6758115976488412,0.0692524573701794,0.4464436789109026,2
2020-11-21,1610,3575.88,2938.49,0.11,2632.21,inflation,718.0,0.58,636.39,217.53,2,1220.4,76,0,644.43,2526.53,Mixed,1168.39,Groceries,Positive,5.0,Low,637.39,0,2020-11-01,0.8217529671018042,0.21930651457040862,0.8598055463860692,0.06083257827443874,0.41531534903981304,1
2020-12-21,1943,2406.72,2468.81,0.32,2786.92,inflation,591.0,0.37,588.35,464.21,6,985.78,31,0,405.85,1989.75,Salary,1227.94,Rent,Neutral,0.2,Low,0.0,0,2020-12-01,1.0257985972610026,0.16439094138471572,0.8059550957748876,0.19288076718521474,0.3992935867887768,1
2021-01-20,1764,4401.14,4136.39,0.08,2268.12,recession,696.0,0.55,562.2,581.28,9,747.9,84,0,458.8,2676.1,Salary,1040.44,Groceries,Positive,65.8,Low,264.75,0,2021-01-01,0.9398451310342321,0.11091797436895456,0.6469651072553603,0.13207487151056316,0.18080983659664585,1
2021-02-19,1789,4017.66,2519.23,0.25,2651.87,normal,653.0,0.47,587.24,697.94,5,0.0,46,0,490.3,1582.47,Freelance,1321.33,Entertainment,Neutral,22.7,High,1498.43,0,2021-02-01,0.6270391222751552,0.19462296019021685,0.6281562223377778,0.1737180348760224,0.0,3
2021-03-21,1104,1566.74,3182.21,0.07,3533.57,normal,727.0,0.22,358.7,652.28,3,1901.75,53,0,465.49,1871.63,Salary,1024.91,Utilities,Positive,45.7,Low,0.0,0,2021-03-01,2.0311027994434303,0.14627884394807383,0.5881541444467838,0.4163294484087979,0.5976192645991308,1
2021-04-20,1124,4716.63,3242.59,0.15,2632.95,inflation,722.0,0.57,637.74,602.56,6,787.82,48,0,458.0,2415.08,Freelance,1670.3,Investments,Negative,61.7,Medium,1474.04,0,2021-04-01,0.6874802560302589,0.14124511578707144,0.7447996817358963,0.12775222987599194,0.2429601028807219,2
2021-05-20,1988,2569.01,3005.39,0.33,3074.57,recession,633.0,0.34,544.4,179.75,4,1045.05,56,0,201.06,2195.44,Salary,1352.61,Dining Out,Positive,65.5,High,0.0,0,2021-05-01,1.1698630990147953,0.06689980335330856,0.7305008667760258,0.0699685871211089,0.347725253627649,3
2021-06-19,1318,3174.77,3053.05,0.38,2685.02,normal,639.0,0.41,50.65,548.88,4,394.28,90,0,304.19,2050.05,Salary,951.26,Transportation,Neutral,34.6,Medium,121.72,0,2021-06-01,0.9616602147557146,0.09963479143807012,0.6714760649186879,0.17288811472957097,0.12914298815938158,2
2021-07-19,1376,5232.44,2626.44,0.19,3542.76,normal,643.0,0.59,405.37,514.61,8,147.91,85,0,843.53,2852.1,Salary,789.23,Investments,Negative,18.0,Medium,2606.0,0,2021-07-01,0.5019531996544634,0.32116857799911663,1.0859185818065518,0.09834990941128806,0.05631577344237827,2
2021-08-18,1635,4738.71,3476.76,0.19,3029.09,normal,654.0,0.38,444.23,537.72,9,535.8,61,0,998.72,1191.26,Salary,1558.8,Groceries,Positive,14.0,Medium,1261.95,0,2021-08-01,0.7336933469235298,0.2872559509428318,0.3426350970443746,0.11347392011750033,0.15410899803265107,2
2021-09-17,1346,3888.45,908.09,0.22,2399.63,normal,677.0,0.3,230.28,406.68,1,458.03,98,0,669.41,2302.28,Freelance,1312.26,Transportation,Positive,8.6,Medium,2980.36,1,2021-09-01,0.2335352132597822,0.7371626160402602,2.535299364600425,0.10458666049454153,0.5043883315530399,2
2021-10-17,1440,4530.31,3798.56,0.12,2272.88,recession,682.0,0.15,434.77,0.0,3,801.18,35,0,406.72,1691.77,Salary,1160.89,Dining Out,Positive,63.3,Low,731.75,0,2021-10-01,0.8384768371259361,0.10707215365822839,0.4453714039004254,0.0,0.21091676845962679,1
2021-11-16,1003,3465.95,3552.34,0.09,3266.59,recession,680.0,0.27,580.76,171.01,7,904.01,92,0,621.01,1646.25,Freelance,1385.61,Utilities,Positive,12.9,Low,0.0,0,2021-11-01,1.0249253451434672,0.17481716277158155,0.4634269242245956,0.049340007790071985,0.25448296052742697,1
2021-12-16,1893,4150.37,4561.67,0.1,3145.24,inflation,567.0,0.51,396.46,401.01,9,1752.97,96,0,561.57,2699.14,Salary,1098.27,Transportation,Neutral,45.9,Low,0.0,0,2021-12-01,1.099099598349063,0.12310623083212947,0.5916999695287033,0.09662030132253269,0.3842825105717862,1
2022-01-15,1903,5708.64,3088.06,0.36,3827.28,normal,658.0,0.51,761.11,608.42,4,33.89,74,0,359.77,1108.42,Freelance,1132.04,Transportation,Positive,61.9,Low,2620.58,0,2022-01-01,0.5409449536141707,0.11650356534523293,0.35893732634728603,0.10657879985425599,0.010974527697000707,1
2022-02-14,1572,5251.15,3146.78,0.24,2918.64,normal,702.0,0.44,553.0,607.88,9,986.26,72,0,189.89,2117.24,Salary,804.71,Transportation,Negative,36.6,High,2104.37,0,2022-02-01,0.5992554011978329,0.06034422489020522,0.6728274617227769,0.11576130942745876,0.31341879635691083,3
2022-03-16,1491,4405.94,3244.75,0.39,2223.09,recession,694.0,0.18,662.79,510.18,9,541.48,70,0,39.76,1649.31,Salary,1163.8,Groceries,Positive,45.3,Low,1161.19,0,2022-03-01,0.7364489757009856,0.012253640496186146,0.5083011017797981,0.11579367853397914,0.1668788042222051,1
2022-04-15,1929,2950.32,4466.05,0.13,2430.62,normal,650.0,0.17,276.26,235.36,9,1287.4,46,0,508.28,3055.92,Salary,1984.93,Dining Out,Positive,1.8,Medium,0.0,0,2022-04-01,1.5137510507334797,0.11380974238980754,0.6842556621623135,0.07977439735350741,0.2882636781943776,2
2022-05-15,1755,4559.29,4482.47,0.37,2271.52,inflation,638.0,0.21,522.48,585.75,8,712.07,67,0,677.31,1955.0,Salary,1296.84,Groceries,Neutral,74.9,High,76.82,0,2022-05-01,0.9831508853352168,0.15110195941077129,0.4361434655446662,0.12847395098798278,0.15885661253728414,3
2022-06-14,1180,3659.5,3344.1,0.06,3616.31,recession,673.0,0.51,200.84,494.03,7,1742.31,87,0,541.14,1660.11,Salary,1052.77,Investments,Positive,70.8,Low,315.4,0,2022-06-01,0.9138133624812133,0.16181932358482104,0.49642953260967077,0.13499931684656374,0.521010137256661,1
2022-07-14,1325,5191.64,3392.09,0.37,3237.67,normal,661.0,0.22,600.42,0.0,6,1124.84,36,0,470.56,2666.06,Salary,764.61,Education,Neutral,25.9,High,1799.55,0,2022-07-01,0.6533754266474563,0.1387227343614114,0.7859638158185661,0.0,0.3316067675091168,3
2022-08-13,1615,4252.39,4533.39,0.05,2815.98,normal,632.0,0.29,499.31,423.77,7,986.2,41,1,217.59,2445.76,Salary,903.47,Investments,Positive,32.7,Medium,0.0,0,2022-08-01,1.0660804865028843,0.04799719415272015,0.5394991386137085,0.09965454720757032,0.21754139837957906,2
2022-09-12,1947,3170.92,4245.07,0.06,3367.66,normal,716.0,0.32,296.1,186.74,9,0.0,89,0,512.26,3578.13,Salary,1739.09,Insurance,Negative,6.7,Medium,0.0,0,2022-09-01,1.3387502680610042,0.12067174392883981,0.8428906943819537,0.05889142583225058,0.0,2
2022-10-12,1740,1147.83,3373.13,0.22,3110.87,normal,663.0,0.41,891.92,12.52,8,1451.49,66,0,672.85,2003.59,Freelance,474.7,Entertainment,Positive,32.9,Low,0.0,0,2022-10-01,2.9387017241229105,0.19947348605004847,0.5939854082113645,0.01090753857278517,0.4303095344679867,1
2022-11-11,1044,2721.83,2296.99,0.22,3346.71,normal,668.0,0.41,655.49,746.71,1,403.28,26,0,650.63,1748.83,Freelance,1424.74,Groceries,Positive,22.1,Low,424.84,0,2022-11-01,0.8439138373814675,0.2832533010592123,0.7613572544939247,0.27434116017532323,0.17556889668653325,1
2022-12-11,1173,2994.04,1795.21,0.13,2499.65,recession,648.0,0.12,465.18,283.97,3,2025.24,37,0,467.5,2854.72,Salary,1254.25,Insurance,Positive,2.1,Low,1198.83,0,2022-12-01,0.5995945277952198,0.2604152160471477,1.590187220436606,0.09484509224993655,1.1281354270531023,1
2023-01-10,1886,3558.81,3637.59,0.23,2868.84,recession,666.0,0.21,751.13,563.36,4,1006.25,34,0,321.25,2834.57,Salary,950.39,Transportation,Positive,52.9,Low,0.0,0,2023-01-01,1.022136613081339,0.08831396611492774,0.7792439499778699,0.15830010593428703,0.2766254580642678,1
2023-02-09,1824,4633.24,3468.96,0.19,3173.0,normal,686.0,0.45,500.51,392.36,8,214.48,25,0,292.74,2400.22,Salary,1283.99,Healthcare,Positive,20.7,Low,1164.28,0,2023-02-01,0.7487114848356659,0.08438840459388405,0.6919134265024676,0.08468372024760212,0.06182832895161662,1
2023-03-11,1753,5429.93,2853.01,0.19,2998.79,normal,672.0,0.39,440.22,463.15,9,1278.85,69,0,712.93,2358.33,Salary,1280.85,Investments,Positive,23.8,Low,2576.92,0,2023-03-01,0.5254229796700879,0.24988696148979495,0.8266111930908058,0.08529575887718625,0.448245887676524,1
2023-04-10,1661,4410.87,2966.3,0.34,3034.19,normal,580.0,0.3,261.98,0.0,8,324.28,29,0,716.17,3150.67,Salary,674.96,Dining Out,Positive,51.0,Medium,1444.57,0,2023-04-01,0.6724977158701119,0.24143545831507263,1.0621548730742,0.0,0.10932137679937969,2
2023-05-10,1478,3870.58,2692.09,0.09,2357.92,recession,702.0,0.53,675.74,261.88,7,911.0,82,0,739.19,1991.7,Salary,1084.94,Healthcare,Positive,5.9,Low,1178.49,0,2023-05-01,0.6955262518795633,0.27457848734626256,0.7398341065863325,0.06765911052090384,0.3383987905307772,1
2023-06-09,1259,5208.09,2593.68,0.16,2931.37,inflation,754.0,0.41,550.98,448.71,1,1748.03,92,0,579.3,2205.41,Salary,1075.27,Transportation,Neutral,47.6,Medium,2614.41,0,2023-06-01,0.4980098270191183,0.22335060608864624,0.8503015021128281,0.08615634522444889,0.673957465840042,2
2023-07-09,1708,4772.57,3599.06,0.35,2110.13,normal,796.0,0.11,388.87,508.79,8,1169.34,83,0,581.25,2752.12,Salary,873.5,Utilities,Neutral,64.3,Low,1173.51,0,2023-07-01,0.7541136117437774,0.16150050290909293,0.7646774435547059,0.10660713200644517,0.3249015020588709,1
2023-08-08,1941,4170.43,2618.63,0.14,3802.89,recession,669.0,0.2,510.04,790.35,6,500.54,24,0,494.61,2817.76,Salary,948.45,Groceries,Positive,0.2,Low,1551.8,0,2023-08-01,0.6279040770376196,0.1888812088763972,1.0760435800399446,0.18951283201012845,0.19114575178623938,1
2023-09-07,1739,5841.63,3496.89,0.07,2666.34,normal,670.0,0.29,469.46,117.53,2,1027.7,73,0,755.59,1929.26,Salary,2395.58,Insurance,Positive,45.8,Low,2344.74,0,2023-09-01,0.5986154549329553,0.21607485508551885,0.5517073742668486,0.020119384486864112,0.29388971343107734,1
2023-10-07,1028,2202.11,1916.99,0.35,2166.9,inflation,707.0,0.27,614.86,277.25,2,1634.6,30,0,224.33,2760.52,Salary,511.56,Utilities,Positive,74.0,Medium,285.12,0,2023-10-01,0.8705241790827888,0.11702199802815873,1.4400283778214806,0.12590197583226995,0.8526909373549157,2
2023-11-06,1979,4675.23,3685.93,0.22,2877.53,normal,716.0,0.22,335.96,194.28,2,1091.1,51,0,616.83,1514.07,Salary,987.65,Dining Out,Positive,84.8,Low,989.3,0,2023-11-01,0.7883954372298262,0.16734718239358862,0.4107701448481116,0.041555174825623556,0.2960175586622643,1
2019-01-01,1465,4784.64,2873.62,0.07,2847.63,inflation,629.0,0.49,741.76,616.82,7,1483.28,82,0,710.58,2170.36,Freelance,1306.07,Groceries,Neutral,9.8,Medium,1911.02,0,2019-01-01,0.6005927300695558,0.24727695380739279,0.7552703558577684,0.1289167001070091,0.5161712404562886,2
2019-01-31,1125,5246.93,3598.26,0.4,2918.52,inflation,674.0,0.2,502.34,519.55,3,627.22,93,0,467.73,3083.49,Salary,902.14,Entertainment,Positive,61.6,Low,1648.67,0,2019-01-01,0.6857838774292777,0.12998782744993415,0.8569391872738489,0.09901980777330742,0.17431202859159706,1
2019-03-02,1649,2951.86,2845.98,0.08,2399.68,normal,681.0,0.52,595.52,292.49,1,782.87,32,0,706.91,2205.78,Mixed,1419.89,Investments,Positive,39.5,Low,105.88,0,2019-03-01,0.9641310902278563,0.24838895564972346,0.7750511247443763,0.09908667755245845,0.27507923456946287,1
2019-04-01,1109,3809.75,2879.78,0.37,2716.9,normal,640.0,0.56,498.18,235.04,8,1222.64,40,0,328.19,3212.63,Salary,1218.44,Utilities,Positive,38.3,Medium,929.97,0,2019-04-01,0.7558973685937398,0.11396356666134218,1.1155817458278063,0.061694336898746635,0.4245602094604449,2
2019-05-01,1054,4581.38,3670.36,0.21,2684.65,normal,733.0,0.6,398.27,1047.18,3,828.45,60,0,510.7,2073.95,Mixed,1215.9,Utilities,Positive,19.7,Low,911.02,0,2019-05-01,0.8011472525745518,0.13914166457786156,0.5650535642280321,0.2285730500416905,0.2257135539838054,1
2019-05-31,1635,4744.85,3129.47,0.38,2529.99,normal,600.0,0.13,527.18,542.16,2,1279.96,31,0,102.14,1980.02,Salary,1114.93,Investments,Neutral,27.0,Medium,1615.38,0,2019-05-01,0.6595508814820278,0.03263811444110345,0.6327013839404116,0.11426283233400422,0.4090021633056077,2
2019-06-30,1741,2668.89,3551.11,0.12,2528.76,normal,634.0,0.47,575.49,241.57,1,751.94,99,0,672.9,1000.0,Salary,959.23,Rent,Negative,34.7,High,0.0,0,2019-06-01,1.3305568981861373,0.18949004677410725,0.2816020906139207,0.09051328454900727,0.21174787601623155,3
2019-07-30,1921,4455.12,2669.96,0.19,3281.61,inflation,702.0,0.17,613.52,472.72,8,1095.61,36,0,342.72,2072.72,Salary,1320.04,Utilities,Neutral,38.9,Low,1785.16,0,2019-07-01,0.5993014778502038,0.12836147358012856,0.7763112555993348,0.10610713067212556,0.41034697149020954,1
2019-08-29,1823,3139.62,4186.89,0.3,2431.98,inflation,694.0,0.52,359.36,581.41,5,1378.33,88,0,246.46,2463.05,Mixed,1017.52,Utilities,Negative,16.5,Low,0.0,0,2019-08-01,1.3335658455481876,0.05886469431965014,0.5882767400146648,0.18518483128531477,0.3292013881425115,1
2019-09-28,1200,4569.58,3569.71,0.21,2778.01,normal,625.0,0.27,669.93,561.14,8,1267.48,66,0,660.7,3072.73,Salary,971.84,Dining Out,Negative,5.1,Low,999.87,0,2019-09-01,0.7811899561885337,0.18508506293228302,0.8607786066655274,0.12279903185850778,0.3550652574018618,1
2019-10-28,1165,2297.31,3144.83,0.15,2473.32,normal,729.0,0.11,628.01,596.07,8,426.45,30,0,310.65,2618.74,Salary,1277.41,Healthcare,Neutral,17.1,Low,0.0,0,2019-10-01,1.3689184306863245,0.0987811741811163,0.8327127380494335,0.25946433002076347,0.13560351433940784,1
2019-11-27,1827,3606.54,4063.18,0.24,2511.99,normal,615.0,0.25,446.64,348.41,1,714.95,95,0,558.79,2390.47,Freelance,774.45,Rent,Negative,33.1,Low,0.0,0,2019-11-01,1.1266144282331543,0.13752528807485762,0.588324908076925,0.09660505636981706,0.17595823960543222,1
2019-12-27,1804,3901.15,2717.0,0.3,1855.69,normal,622.0,0.38,767.81,486.09,2,1199.7,73,0,710.38,1652.88,Salary,740.95,Entertainment,Neutral,21.5,Medium,1184.15,0,2019-12-01,0.6964612998731143,0.2614574898785425,0.6083474420316526,0.12460172000563935,0.4415531836584468,2
2020-01-26,1326,4061.33,3102.7,0.08,2469.49,recession,680.0,0.57,746.5,0.0,9,1638.43,55,0,773.07,1735.03,Salary,1224.64,Entertainment,Neutral,19.6,Medium,958.63,0,2020-01-01,0.7639615593906429,0.2491604086763142,0.5592000515679892,0.0,0.5280658781061657,2
2020-02-25,1621,4200.39,2733.36,0.14,3651.54,normal,658.0,0.36,737.39,813.94,4,0.0,39,0,666.01,1000.0,Salary,1336.37,Entertainment,Positive,44.8,High,1467.03,0,2020-02-01,0.6507395741823974,0.24365981795299557,0.36585008926742174,0.19377724449396366,0.0,3
2020-03-26,1543,5502.02,3872.48,0.19,3166.58,normal,650.0,0.16,314.64,360.5,4,1339.67,89,0,502.01,1629.73,Salary,1718.29,Rent,Positive,72.0,Medium,1629.54,0,2020-03-01,0.7038287756133201,0.12963527248688178,0.4208491715902987,0.06552139032573491,0.3459462669916953,2
2020-04-25,1153,4987.93,2830.48,0.19,2370.91,recession,744.0,0.13,411.87,595.71,8,623.64,93,0,560.05,1912.31,Salary,1725.13,Investments,Neutral,0.9,Low,2157.45,0,2020-04-01,0.5674658625922978,0.19786396653571123,0.6756133235352307,0.11943030475568021,0.22033012068624402,1
2020-05-25,1585,2416.54,3593.51,0.31,2950.47,recession,813.0,0.14,622.13,664.18,9,1144.8,62,0,688.91,1880.83,Salary,1496.4,Groceries,Positive,67.0,High,0.0,0,2020-05-01,1.4870475969774968,0.1917094985125963,0.5233963450776539,0.2748475092487606,0.3185743187023272,3
2020-06-24,1137,4089.74,3465.71,0.36,3078.5,inflation,642.0,0.34,472.13,860.3,5,1605.97,52,0,605.68,2660.39,Mixed,1054.14,Groceries,Negative,63.2,Medium,624.03,0,2020-06-01,0.8474157281391972,0.17476361265079882,0.7676320292234491,0.21035567053162305,0.4633884543138347,2
2020-07-24,1655,4286.02,2758.84,0.33,2035.48,normal,620.0,0.47,598.8,628.88,3,1215.85,57,0,414.96,1269.64,Salary,430.56,Entertainment,Positive,22.1,High,1527.18,0,2020-07-01,0.6436834172495695,0.15041104232213537,0.4602079134708791,0.14672820005506274,0.44071058850821354,3
2020-08-23,1897,2583.09,2897.54,0.38,3668.7,recession,687.0,0.55,300.9,368.93,9,1476.93,62,0,268.33,1299.22,Mixed,1594.95,Education,Negative,31.0,Medium,0.0,0,2020-08-01,1.1217340472070272,0.09260614176163227,0.44838725263499385,0.14282506610300066,0.5097185888719397,2
2020-09-22,1501,6066.1,4571.76,0.36,3087.54,normal,670.0,0.12,690.67,522.01,3,638.92,51,0,748.75,2416.99,Salary,1100.56,Entertainment,Positive,42.3,Medium,1494.34,0,2020-09-01,0.7536572097393712,0.1637771886538226,0.5286782333280836,0.0860536423731887,0.13975361786270493,2
2020-10-22,1389,2684.49,2944.61,0.05,3266.41,normal,674.0,0.41,551.49,174.38,4,563.36,38,0,384.87,3327.86,Mixed,610.06,Utilities,Negative,82.7,Medium,0.0,0,2020-10-01,1.096897362255028,0.13070321706439902,1.1301530593185516,0.06495833473024672,0.1913190541362014,2
2020-11-21,1325,3618.4,4133.73,0.19,2797.97,inflation,722.0,0.23,289.77,736.52,4,1050.57,20,0,514.12,2178.65,Salary,1390.47,Healthcare,Neutral,55.2,Medium,0.0,0,2020-11-01,1.1424193013486623,0.12437193527395356,0.5270421628892067,0.20354852973690027,0.2541457714945098,2
2020-12-21,1994,3279.4,3719.96,0.15,2515.25,inflation,604.0,0.57,764.85,217.82,5,501.35,25,0,514.99,2447.74,Freelance,1047.11,Insurance,Positive,7.7,High,0.0,0,2020-12-01,1.1343416478624138,0.13843966064151228,0.6580016989429993,0.06642068671098371,0.13477295454789837,3
2021-01-20,1688,5099.01,1419.91,0.2,3217.43,normal,650.0,0.29,378.61,462.98,4,797.52,98,0,513.27,2994.56,Salary,1592.53,Utilities,Neutral,23.4,Medium,3679.1,1,2021-01-01,0.27846778100062564,0.36148065722475364,2.1089787380890335,0.09079801765440743,0.5616694015817904,2
2021-02-19,1198,5254.63,3690.36,0.09,2301.19,normal,624.0,0.24,525.88,0.0,8,1115.73,77,0,402.0,2631.39,Salary,681.8,Insurance,Negative,87.5,Medium,1564.27,0,2021-02-01,0.702306346974002,0.10893246187363834,0.7130442558449581,0.0,0.30233635742854353,2
2021-03-21,1800,1649.18,2785.35,0.13,2418.8,normal,675.0,0.23,445.31,277.49,3,1734.84,60,0,516.31,3777.13,Salary,1432.21,Rent,Positive,81.7,Low,0.0,0,2021-03-01,1.6889302562485597,0.18536629148939987,1.3560701527635666,0.16825937738755017,0.6228445258226075,1
2021-04-20,1419,3788.48,3132.75,0.32,3528.79,normal,651.0,0.57,403.45,314.11,3,740.87,44,0,76.83,1083.46,Salary,1220.31,Education,Positive,5.3,Low,655.73,0,2021-04-01,0.8269147520905482,0.02452477854919799,0.3458494932567233,0.08291188022637047,0.23649190008778231,1
2021-05-20,1885,4534.09,2518.38,0.09,3354.12,normal,716.0,0.46,278.32,597.13,3,837.61,62,0,452.87,1969.49,Freelance,651.28,Groceries,Positive,84.0,Low,2015.71,0,2021-05-01,0.5554322918159984,0.17982591983735574,0.7820463949046609,0.131697871017117,0.3325987341068465,1
2021-06-19,1824,3824.28,2233.95,0.06,3002.98,normal,614.0,0.24,703.35,362.14,6,1182.16,73,0,695.69,1849.14,Salary,1627.7,Transportation,Positive,30.7,Low,1590.33,0,2021-06-01,0.5841491731776961,0.3114169967993913,0.8277445779896597,0.09469494911460458,0.5291792564739588,1
2021-07-19,1523,4430.53,3054.13,0.06,3221.31,normal,702.0,0.59,471.15,709.62,8,1357.61,69,0,334.26,2069.55,Salary,1197.27,Investments,Positive,70.4,Low,1376.4,0,2021-07-01,0.6893373930432702,0.10944524299882454,0.6776234148513652,0.16016593951513702,0.4445161142453006,1
2021-08-18,1098,4609.38,2293.84,0.13,3223.98,recession,637.0,0.49,405.86,154.06,3,1005.17,68,0,731.86,1918.98,Mixed,928.51,Transportation,Negative,51.4,High,2315.54,0,2021-08-01,0.4976461042482937,0.31905451121263906,0.8365797091340285,0.033423150185057426,0.4382040595682349,3
2021-09-17,1989,5329.29,2140.66,0.14,2394.66,normal,703.0,0.51,375.64,0.0,1,987.64,26,0,552.32,2568.68,Freelance,968.17,Healthcare,Negative,69.4,Medium,3188.63,1,2021-09-01,0.4016782723402179,0.25801388356861904,1.199947679687573,0.0,0.46137172647688096,2
2021-10-17,1305,4009.96,3248.56,0.28,2252.4,inflation,678.0,0.48,334.99,874.2,5,1429.82,89,0,727.99,1629.61,Salary,1582.72,Rent,Positive,86.4,High,761.4,0,2021-10-01,0.8101227942423366,0.22409621493831114,0.5016407269682567,0.21800716216620616,0.4401396310980865,3
2021-11-16,1109,3898.66,3497.65,0.08,2377.03,inflation,608.0,0.5,497.64,567.28,6,1236.2,68,0,288.32,3025.97,Salary,899.63,Dining Out,Positive,85.4,Low,401.01,0,2021-11-01,0.8971415819794494,0.0824324903864023,0.8651437393678612,0.14550640476471402,0.3534373079067374,1
2021-12-16,1982,2677.14,1893.56,0.21,2126.29,inflation,743.0,0.51,452.15,884.72,2,1257.92,27,0,555.0,3182.03,Mixed,1154.29,Transportation,Positive,1.5,Low,783.58,0,2021-12-01,0.7073070515550177,0.2930987135342952,1.680448467436997,0.33047207094137776,0.664314835547857,1
2022-01-15,1266,3127.78,2931.47,0.14,3779.13,normal,710.0,0.47,459.15,250.32,8,1655.27,34,0,783.68,1779.7,Salary,1118.25,Entertainment,Positive,29.8,High,196.31,0,2022-01-01,0.9372366342901354,0.26733345386444346,0.6071015565569493,0.08003120424070746,0.5646552753396761,3
2022-02-14,1200,4064.16,2708.73,0.28,3720.47,normal,542.0,0.29,265.23,455.75,8,1138.64,91,0,442.76,1616.87,Salary,396.07,Entertainment,Positive,79.1,Medium,1355.43,0,2022-02-01,0.6664919688201252,0.16345667526848376,0.5969107293824043,0.11213879374827763,0.42035935659884893,2
2022-03-16,1931,2309.58,2313.79,0.2,2261.35,normal,663.0,0.41,306.97,897.12,7,681.62,55,0,243.34,2065.36,Salary,851.49,Entertainment,Negative,24.8,Low,0.0,0,2022-03-01,1.0018228422483741,0.10516944061474896,0.8926307054659239,0.38843426077468635,0.2945902610003501,1
2022-04-15,1128,4805.37,2235.81,0.21,2579.08,normal,696.0,0.34,817.56,592.76,4,1086.82,59,0,368.48,1954.77,Freelance,1202.22,Healthcare,Positive,34.7,Medium,2569.56,0,2022-04-01,0.4652732255788836,0.16480827977332602,0.8743005890482644,0.12335366475422288,0.48609676135270885,2
2022-05-15,1946,2357.92,3605.77,0.18,2843.81,normal,714.0,0.27,543.27,222.36,5,732.22,96,1,516.19,1524.27,Salary,1554.86,Entertainment,Negative,89.2,Medium,0.0,0,2022-05-01,1.529216428038271,0.1431566627932453,0.4227307898174315,0.09430345389156546,0.20306897001195306,2
2022-06-14,1855,4655.62,3910.49,0.08,2272.65,normal,706.0,0.56,659.7,282.68,8,2071.49,34,0,519.47,2762.89,Freelance,1683.77,Transportation,Positive,18.7,Low,745.13,0,2022-06-01,0.8399504255072364,0.13284013000928274,0.7065329408846461,0.06071801392725352,0.5297264537180763,1
2022-07-14,1498,4990.51,1485.77,0.22,2862.51,normal,746.0,0.44,721.56,370.61,6,1200.48,51,0,461.23,2265.71,Freelance,1121.14,Groceries,Positive,9.9,Medium,3504.74,1,2022-07-01,0.2977190707963715,0.3104316280447176,1.5249399301372353,0.07426295108115202,0.8079850851746906,2
2022-08-13,1927,6737.39,2520.88,0.33,2706.73,inflation,633.0,0.2,997.38,362.73,3,966.75,42,0,529.83,1313.8,Mixed,814.94,Entertainment,Negative,76.8,High,4216.51,1,2022-08-01,0.3741626950495667,0.2101766049950811,0.5211672114499698,0.053838355802469505,0.38349703278220304,3
2022-09-12,1753,4427.19,2731.95,0.18,3372.03,normal,700.0,0.34,546.58,251.78,3,822.3,99,0,512.35,2092.76,Salary,1743.16,Education,Positive,19.7,Low,1695.24,0,2022-09-01,0.6170844260128886,0.18754003550577428,0.7660315891579276,0.05687128856001211,0.30099379564047657,1
2022-10-12,1272,5710.41,3616.83,0.31,3079.28,inflation,663.0,0.41,424.15,582.81,9,1713.24,70,0,921.32,1525.48,Salary,1539.99,Entertainment,Positive,59.5,Medium,2093.58,0,2022-10-01,0.6333748364828445,0.25473135314626344,0.42177265727169927,0.10206097285483878,0.4736855201930973,2
2022-11-11,1406,4150.82,2735.75,0.14,3025.26,normal,603.0,0.25,664.43,338.87,8,1379.04,73,0,804.24,1913.24,Salary,1680.86,Healthcare,Positive,92.1,High,1415.07,0,2022-11-01,0.6590866383027932,0.2939742301014347,0.6993475281001553,0.08163929054981908,0.5040811477656949,3
2022-12-11,1486,3266.72,3395.78,0.21,3100.91,normal,669.0,0.31,709.76,512.31,9,1056.49,26,0,606.47,2557.35,Salary,1738.28,Education,Neutral,39.0,Low,0.0,0,2022-12-01,1.0395075182446003,0.1785951975687471,0.753096490349787,0.15682703139540577,0.31111850591027684,1
2023-01-10,1737,2651.03,2755.19,0.37,3017.2,normal,702.0,0.13,612.44,380.8,2,739.54,67,0,953.53,1631.6,Salary,1249.34,Healthcare,Positive,15.3,High,0.0,0,2023-01-01,1.0392903890186078,0.3460850249892022,0.5921914641095531,0.14364228243362012,0.2684170601664495,3
2023-02-09,1754,4400.66,3384.67,0.12,2831.23,normal,631.0,0.41,343.2,297.95,7,1448.24,63,0,217.4,2504.75,Salary,738.7,Insurance,Positive,46.3,Low,1015.99,0,2023-02-01,0.7691278126462849,0.06423078173056752,0.7400278313690847,0.06770575322792491,0.42788218644653686,1
2023-03-11,1789,5861.05,3671.37,0.21,3218.28,normal,737.0,0.29,547.81,69.82,5,1455.41,93,0,318.73,2038.63,Freelance,1907.79,Dining Out,Negative,33.6,Medium,2189.68,0,2023-03-01,0.6264014127161515,0.08681500366348258,0.5552777301116477,0.011912541268202795,0.3964214993313123,2
2023-04-10,1175,5085.65,3201.07,0.38,2802.58,normal,643.0,0.18,482.27,34.58,7,641.21,48,0,407.59,2053.56,Salary,1463.46,Rent,Negative,35.4,Low,1884.58,0,2023-04-01,0.6294318327057505,0.12732929926555805,0.6415229907499679,0.006799524151288429,0.20031114596056943,1
2023-05-10,1236,3926.44,2339.91,0.34,3052.81,recession,618.0,0.47,221.04,499.32,7,385.63,32,0,403.51,2459.95,Mixed,495.0,Groceries,Positive,50.3,Low,1586.53,0,2023-05-01,0.5959367773351941,0.1724468035095367,1.0513011184190846,0.12716863112641477,0.16480548397160574,1
2023-06-09,1919,3439.29,3526.43,0.18,2635.15,normal,593.0,0.18,650.92,365.01,4,1765.09,83,0,432.86,1938.33,Salary,916.6,Utilities,Positive,32.7,Low,0.0,0,2023-06-01,1.0253366247103326,0.12274736773450771,0.5496578692899051,0.10612946276702459,0.5005316991972051,1
2023-07-09,1368,2715.23,1976.34,0.31,2803.53,normal,749.0,0.54,276.48,422.8,2,0.0,43,1,474.65,1844.53,Salary,1262.37,Entertainment,Positive,62.3,Low,738.89,0,2023-07-01,0.7278720403059777,0.24016616574071262,0.9333060100994769,0.15571424888499316,0.0,1
2023-08-08,1597,5583.22,3617.96,0.12,2848.01,normal,620.0,0.42,151.38,224.26,9,653.18,75,0,391.85,1603.89,Mixed,1117.16,Dining Out,Positive,95.2,Low,1965.26,0,2023-08-01,0.6480059893753067,0.10830689117624297,0.4433133589094407,0.04016678547504845,0.18053820384968322,1
2023-09-07,1178,5030.67,2803.42,0.14,2764.69,normal,638.0,0.14,529.14,59.89,4,1147.87,85,0,447.49,1736.85,Salary,1293.03,Insurance,Positive,59.8,High,2227.25,0,2023-09-01,0.5572657319999126,0.15962288918535217,0.6195468392178125,0.011904974884061168,0.40945345328206256,3
2023-10-07,1075,3005.0,3515.83,0.16,2947.88,inflation,691.0,0.46,325.1,403.75,9,778.46,95,0,762.79,2293.56,Mixed,1689.84,Healthcare,Positive,45.1,High,0.0,0,2023-10-01,1.1699933444259567,0.2169587266733602,0.6523523606090169,0.1343594009983361,0.2214157112260832,3
2023-11-06,1502,4444.28,3586.98,0.16,3158.17,inflation,658.0,0.43,243.02,0.0,6,573.8,62,0,634.53,2430.87,Salary,1651.43,Utilities,Neutral,92.2,High,857.3,0,2023-11-01,0.8071003627134204,0.1768981148487028,0.6776926551026211,0.0,0.15996743778889203,3
2019-01-01,1048,5026.76,3636.73,0.32,3216.36,normal,657.0,0.38,750.73,529.29,4,2373.34,69,0,576.9,2100.32,Mixed,863.26,Groceries,Positive,65.0,Low,1390.03,0,2019-01-01,0.7234739673268665,0.15863151787457413,0.5775298138712525,0.10529446402851936,0.65260275027291,1
2019-01-31,1696,2656.73,2325.14,0.15,2749.16,inflation,701.0,0.41,474.8,763.89,7,1180.23,72,0,357.14,2505.23,Salary,1719.18,Rent,Positive,82.4,Low,331.59,0,2019-01-01,0.8751886717882509,0.15359935315722925,1.0774534006554444,0.2875301592559274,0.5075952415768513,1
2019-03-02,1565,2801.61,2670.41,0.26,2077.18,normal,691.0,0.4,618.37,467.35,4,827.78,87,0,380.34,2691.71,Mixed,1243.24,Investments,Positive,47.9,Medium,131.2,0,2019-03-01,0.9531697845167599,0.14242756730239925,1.0079763032642928,0.16681479577814184,0.30998236225897896,2
2019-04-01,1675,4721.14,2536.01,0.39,1748.6,inflation,681.0,0.26,612.85,296.92,2,1124.6,87,0,444.9,2682.73,Salary,1148.62,Dining Out,Negative,14.6,Medium,2185.13,1,2019-04-01,0.5371605163159745,0.17543306217246776,1.0578546614563822,0.06289158974315526,0.44345251004530734,2
2019-05-01,1799,4025.6,3903.41,0.33,2593.2,normal,657.0,0.57,403.76,190.2,7,866.26,23,0,260.9,1625.73,Freelance,1610.4,Entertainment,Positive,15.7,Low,122.19,0,2019-05-01,0.9696467607313195,0.06683899462265044,0.4164896846603355,0.047247615262321144,0.2219239075577508,1
2019-05-31,1196,3306.65,2961.81,0.08,2810.29,normal,675.0,0.28,572.86,505.5,8,381.89,61,0,842.97,1299.08,Salary,1291.96,Rent,Neutral,2.3,Medium,344.84,0,2019-05-01,0.895713184038226,0.2846131250822977,0.43861017418402937,0.15287375440400405,0.128938048017935,2
2019-06-30,1211,3866.63,5106.9,0.17,2956.73,recession,631.0,0.5,964.74,323.48,2,78.75,28,1,648.08,2652.75,Salary,1980.38,Entertainment,Positive,5.4,Low,0.0,0,2019-06-01,1.3207625244722148,0.12690281775636886,0.5194442812665218,0.0836594140116846,0.01542031369323856,1
2019-07-30,1475,5160.89,2513.62,0.36,2139.14,inflation,649.0,0.32,322.98,440.18,7,1096.7,35,0,922.25,1982.05,Mixed,1023.21,Utilities,Positive,99.9,Low,2647.27,1,2019-07-01,0.4870516519437538,0.36690112268361963,0.7885241205910202,0.08529149042122579,0.4363030211408248,1
2019-08-29,1649,4543.47,2187.26,0.09,2771.86,normal,698.0,0.3,399.66,80.53,7,1582.48,37,0,439.06,2190.55,Salary,730.39,Groceries,Positive,70.8,Low,2356.21,0,2019-08-01,0.48140738246318343,0.20073516637253913,1.0015041650283916,0.017724338446165597,0.7234988067262236,1
2019-09-28,1464,4184.43,2190.78,0.21,2728.62,normal,636.0,0.51,353.45,0.0,7,1000.13,67,0,333.29,3286.93,Freelance,965.31,Insurance,Positive,66.8,Medium,1993.65,0,2019-09-01,0.5235551795585062,0.1521330302449356,1.500346908407051,0.0,0.45651776992669274,2
2019-10-28,1458,4122.43,4323.02,0.13,3054.99,normal,607.0,0.24,149.65,300.76,5,1595.21,85,0,613.17,2148.82,Freelance,1558.68,Groceries,Positive,79.5,Low,0.0,0,2019-10-01,1.0486581943174293,0.14183834449065696,0.4970645520955258,0.07295696955436477,0.3690036132148359,1
2019-11-27,1053,2551.57,2293.94,0.22,3572.97,normal,685.0,0.31,503.07,423.98,2,1166.07,86,0,379.32,2753.34,Freelance,300.0,Dining Out,Positive,95.9,Medium,257.63,0,2019-11-01,0.8990307928059978,0.16535741998482958,1.2002667898898838,0.16616436154994768,0.5083262857790526,2
2019-12-27,1048,4910.32,2386.86,0.05,2359.45,normal,693.0,0.2,794.2,558.22,5,716.03,86,0,422.18,2973.95,Salary,1073.34,Entertainment,Positive,71.3,Low,2523.46,1,2019-12-01,0.48609051955880683,0.17687673344896643,1.245967505425538,0.11368301862200428,0.29998826910669246,1
2020-01-26,1284,3324.79,3993.77,0.33,3072.31,recession,670.0,0.51,873.74,194.67,6,1396.84,23,0,646.94,1553.7,Salary,1362.0,Utilities,Positive,96.1,High,0.0,0,2020-01-01,1.2012097004622848,0.16198729521229316,0.38903091565112663,0.058551066383139984,0.3497547430122415,3
2020-02-25,1408,2571.25,1455.54,0.25,2439.37,normal,637.0,0.39,486.3,342.51,3,507.87,60,0,452.25,2924.52,Salary,1550.85,Transportation,Positive,28.8,Low,1115.71,0,2020-02-01,0.5660826446280992,0.31070942742899543,2.0092336864668785,0.13320758385999026,0.34892204954862116,1
2020-03-26,1437,4687.22,2770.55,0.36,2952.45,recession,687.0,0.22,143.67,560.85,4,1074.57,25,0,493.52,2635.11,Salary,1512.87,Utilities,Neutral,90.0,Low,1916.67,0,2020-03-01,0.5910859742021923,0.17813069607117718,0.951114399667936,0.11965514740080474,0.3878543971413618,1
2020-04-25,1076,5454.76,2154.47,0.24,2266.39,normal,710.0,0.5,637.62,641.61,4,677.57,21,0,489.71,2510.36,Freelance,1543.86,Transportation,Negative,81.4,Medium,3300.29,1,2020-04-01,0.3949706311551745,0.22729952146003427,1.1651867976811003,0.1176238734609772,0.3144949802039481,2
2020-05-25,1343,5347.98,3127.12,0.38,2091.29,normal,686.0,0.48,830.49,121.27,2,994.79,68,0,545.33,3026.19,Salary,1135.35,Entertainment,Positive,81.8,Medium,2220.86,1,2020-05-01,0.5847291874689136,0.1743872956586252,0.9677242958377038,0.02267585144297473,0.3181169894343677,2
2020-06-24,1747,1876.64,4276.5,0.23,1681.78,normal,716.0,0.43,899.33,313.01,6,1077.59,35,0,670.36,1882.99,Salary,1160.24,Rent,Positive,55.9,Medium,0.0,0,2020-06-01,2.2788068036490747,0.1567543551970069,0.4403110019876067,0.1667927785829994,0.25197942242488014,2
2020-07-24,1851,3742.1,3083.87,0.33,2886.5,normal,720.0,0.59,427.68,872.32,5,1118.76,75,0,278.09,2981.98,Salary,655.71,Insurance,Neutral,97.0,Medium,658.23,0,2020-07-01,0.8241014403677079,0.09017565591286272,0.9669603452804432,0.2331097512092141,0.3627779381102316,2
2020-08-23,1408,3402.84,3095.39,0.06,3036.05,normal,689.0,0.46,461.02,667.32,3,1516.96,39,0,420.19,1302.91,Mixed,785.19,Utilities,Positive,65.3,Low,307.45,0,2020-08-01,0.9096489990713639,0.13574703026113027,0.4209194964124069,0.19610678139436472,0.4900707180678364,1
2020-09-22,1896,3623.36,3528.04,0.38,2213.47,normal,668.0,0.24,393.33,579.28,3,1738.23,34,0,645.86,2373.8,Freelance,977.71,Education,Positive,32.8,Low,95.32,0,2020-09-01,0.9736929259030291,0.18306481785920795,0.6728381764379089,0.15987370838117104,0.49268999217695947,1
2020-10-22,1215,4266.3,3036.63,0.1,3616.63,inflation,634.0,0.41,140.33,94.32,7,1396.4,81,0,565.3,1501.63,Salary,1042.62,Investments,Positive,53.5,Medium,1229.67,0,2020-10-01,0.7117713240981647,0.18616031587648146,0.4945054221291366,0.022108149919133673,0.45985187526962457,2
2020-11-21,1127,3837.87,3038.68,0.15,3960.25,normal,672.0,0.21,545.39,472.29,4,1085.05,98,0,349.88,2865.26,Salary,1173.12,Transportation,Positive,70.5,Medium,799.19,0,2020-11-01,0.79176209720496,0.11514210117551042,0.9429291666118184,0.12306044759202371,0.3570793897350165,2
2020-12-21,1489,3219.47,2409.59,0.28,3235.17,normal,674.0,0.47,568.4,643.96,7,1165.88,89,0,610.53,1898.94,Salary,1126.08,Investments,Neutral,94.7,Low,809.88,0,2020-12-01,0.7484430667159502,0.25337505550736844,0.7880759797309915,0.2000205002686778,0.483849949576484,1
2021-01-20,1637,3748.07,3559.08,0.24,2634.2,normal,684.0,0.43,678.38,502.43,9,939.24,36,0,751.18,1903.07,Salary,1791.84,Utilities,Positive,69.0,High,188.99,0,2021-01-01,0.9495767154829018,0.21106016161479932,0.5347084077907774,0.13405032456704383,0.2638996594625577,3
2021-02-19,1940,4358.13,3525.91,0.24,3825.04,normal,755.0,0.31,726.38,95.86,5,925.21,29,0,412.07,1931.73,Salary,1046.86,Groceries,Positive,0.8,Low,832.22,0,2021-02-01,0.8090419514791894,0.11686912031220309,0.5478670754500257,0.02199567245584689,0.26240318102277144,1
2021-03-21,1659,2564.52,528.43,0.37,3710.16,normal,634.0,0.46,446.14,144.37,8,632.62,27,0,454.74,1996.53,Freelance,817.94,Dining Out,Positive,78.9,Low,2036.09,0,2021-03-01,0.2060541543836663,0.86054917396817,3.7782298506897796,0.05629513515199726,1.197168972238518,1
2021-04-20,1668,2482.43,3409.37,0.11,2947.33,normal,744.0,0.24,840.11,294.95,1,569.85,76,0,780.3,2376.93,Salary,1375.99,Transportation,Positive,89.4,High,0.0,0,2021-04-01,1.3734002570062398,0.22886926323631637,0.6971757245473503,0.11881503204521376,0.16714231661567974,3
2021-05-20,1623,4348.67,2319.55,0.29,1793.65,normal,628.0,0.36,309.35,519.73,3,517.86,41,0,324.08,1977.47,Salary,398.92,Rent,Positive,13.6,Low,2029.12,1,2021-05-01,0.5333929684248288,0.13971675540514322,0.85252311870837,0.1195147021963037,0.22325882175421954,1
2021-06-19,1804,4558.71,3893.4,0.12,3720.03,normal,685.0,0.11,427.88,474.65,8,0.0,44,0,589.98,3002.99,Freelance,1199.99,Insurance,Positive,34.1,Low,665.31,0,2021-06-01,0.8540573978164876,0.15153336415472338,0.7713027174192222,0.10411936710165814,0.0,1
2021-07-19,1528,2696.33,4383.92,0.16,2334.44,normal,781.0,0.16,541.94,155.02,9,819.03,73,0,286.13,2805.28,Freelance,1382.07,Utilities,Positive,79.2,Low,0.0,0,2021-07-01,1.625884072053495,0.06526807058522965,0.6399021879961313,0.05749296265664811,0.18682594572893665,1
2021-08-18,1512,3032.06,2532.83,0.08,2491.6,recession,626.0,0.31,905.02,441.33,4,1566.03,92,0,811.21,2401.58,Salary,1061.38,Rent,Positive,33.3,Low,499.23,0,2021-08-01,0.8353495643226058,0.320278107887225,0.9481804937559962,0.1455545074965535,0.6182925818155975,1
2021-09-17,1992,2586.75,1986.99,0.29,2541.13,inflation,729.0,0.13,755.51,146.2,5,822.22,58,0,634.8,2620.12,Mixed,823.97,Investments,Positive,0.8,Medium,599.76,0,2021-09-01,0.7681414902870397,0.3194782057282623,1.3186377384888701,0.05651879771914564,0.4138017805826904,2
2021-10-17,1272,3466.72,3246.7,0.21,3563.86,inflation,657.0,0.39,608.43,0.0,9,714.29,78,0,761.25,2750.12,Salary,1771.87,Rent,Positive,0.7,Low,220.02,0,2021-10-01,0.936533668712789,0.23446884528906276,0.8470508516339668,0.0,0.22000492808082053,1
2021-11-16,1155,3634.99,4646.84,0.35,3024.86,recession,590.0,0.6,291.01,305.78,1,556.13,86,0,433.19,1887.85,Salary,1149.33,Insurance,Negative,78.5,High,0.0,0,2021-11-01,1.278363901963967,0.0932224909831197,0.4062653330004906,0.08412127681231585,0.11967917982973375,3
2021-12-16,1213,3878.21,4252.27,0.13,3011.93,normal,737.0,0.25,445.08,612.36,9,1199.01,37,0,489.46,3072.24,Salary,534.37,Transportation,Positive,56.4,Low,0.0,0,2021-12-01,1.0964517135482608,0.11510557890256261,0.7224941031496117,0.15789758677327942,0.2819693951701091,1
2022-01-15,1098,3381.49,2511.31,0.15,3827.6,recession,631.0,0.32,548.03,255.31,2,0.0,77,0,370.14,1862.06,Salary,1062.79,Utilities,Negative,74.4,Low,870.18,0,2022-01-01,0.7426637369916812,0.14738921120849277,0.7414695915677475,0.07550221943581084,0.0,1
2022-02-14,1367,3721.78,3474.64,0.18,2525.57,inflation,688.0,0.36,617.54,415.47,2,520.93,55,0,366.05,2204.38,Salary,1225.51,Rent,Positive,92.9,Low,247.14,0,2022-02-01,0.9335962899472832,0.10534904335413166,0.6344196808878042,0.1116320685263503,0.14992344530656412,1
2022-03-16,1975,4103.18,1429.14,0.14,3061.88,normal,578.0,0.48,838.61,218.39,6,1314.01,62,0,538.49,1622.35,Freelance,1188.24,Rent,Positive,42.2,Medium,2674.04,0,2022-03-01,0.34830058637447053,0.3767930363715241,1.1351931931091424,0.05322457216110431,0.919441062457142,2
2022-04-15,1037,3663.05,3183.98,0.2,2415.92,normal,667.0,0.53,749.44,94.87,7,1186.39,29,0,724.99,2725.55,Salary,1166.44,Investments,Positive,24.5,High,479.07,0,2022-04-01,0.869215544423363,0.227699294593559,0.8560198242451272,0.02589918237534295,0.37261226515241935,3
2022-05-15,1773,3431.03,2674.01,0.09,2327.69,recession,655.0,0.26,733.69,125.29,1,1546.97,50,0,475.35,2420.72,Salary,1574.76,Education,Positive,69.9,High,757.02,0,2022-05-01,0.7793607167526952,0.17776672488135795,0.9052770932045877,0.0365167311273874,0.5785206487634675,3
2022-06-14,1359,4564.72,3822.91,0.13,2096.04,inflation,771.0,0.26,307.19,440.57,6,878.29,86,0,475.14,2673.79,Salary,2331.12,Utilities,Negative,92.9,Low,741.81,0,2022-06-01,0.8374905799260414,0.12428751919349396,0.6994122278578361,0.09651632520724163,0.22974383388570488,1
2022-07-14,1703,4530.16,2588.87,0.08,3093.13,normal,758.0,0.38,799.1,570.77,3,1041.48,70,0,772.5,1455.77,Freelance,1026.23,Utilities,Neutral,50.2,Low,1941.29,0,2022-07-01,0.5714742967135819,0.2983927350542901,0.5623186950291054,0.1259933423985025,0.4022913471900868,1
2022-08-13,1514,3337.61,3491.33,0.27,2247.47,normal,590.0,0.4,542.22,288.37,8,941.54,37,0,550.48,1924.02,Mixed,699.54,Groceries,Neutral,38.5,Low,0.0,0,2022-08-01,1.0460569089857712,0.15767057253253058,0.5510851165601648,0.08640014860933422,0.2696794631272323,1
2022-09-12,1499,4950.53,2660.23,0.1,2722.77,recession,697.0,0.13,355.31,626.49,6,1294.31,23,0,191.95,2894.7,Mixed,2070.84,Entertainment,Neutral,76.5,Low,2290.3,0,2022-09-01,0.5373626662195765,0.07215541513327794,1.088138995500389,0.1265500865563889,0.4865406374636779,1
2022-10-12,1074,3604.93,3988.9,0.31,2924.95,normal,723.0,0.33,899.1,37.24,4,620.93,23,0,463.33,2238.26,Salary,863.76,Groceries,Neutral,88.3,Low,0.0,0,2022-10-01,1.1065124704224494,0.11615482965228509,0.5611221138659781,0.010330297675683024,0.1556644689012008,1
2022-11-11,1695,3333.42,2866.01,0.28,3242.65,recession,656.0,0.45,764.27,0.0,4,1440.17,54,0,463.89,2456.95,Salary,1392.13,Healthcare,Positive,83.5,Low,467.41,0,2022-11-01,0.8597806457032118,0.16185917006570108,0.8572719564830548,0.0,0.5024999912770716,1
2022-12-11,1252,4000.02,2328.58,0.15,2220.19,recession,649.0,0.27,847.92,437.01,4,595.56,81,0,1056.87,1689.55,Salary,663.87,Dining Out,Positive,73.4,Low,1671.44,0,2022-12-01,0.5821420892895536,0.45386888146424,0.7255709488185933,0.10925195374023129,0.2557610217385703,1
2023-01-10,1224,2223.4,4052.87,0.24,1666.71,normal,748.0,0.23,302.07,125.3,7,0.0,27,0,462.78,2958.2,Freelance,885.91,Utilities,Positive,49.7,Low,0.0,0,2023-01-01,1.8228254025366555,0.1141857498513399,0.729902513527451,0.05635513178015651,0.0,1
2023-02-09,1525,3317.96,2244.96,0.16,2676.84,normal,676.0,0.29,564.75,240.94,9,616.13,87,0,771.54,1482.21,Salary,675.18,Transportation,Positive,17.5,High,1073.0,0,2023-02-01,0.6766085184872632,0.3436765020312166,0.6602389352148813,0.07261690918516196,0.2744503242819471,3
2023-03-11,1803,4567.36,1759.78,0.2,2890.83,normal,691.0,0.55,746.58,567.41,2,1021.65,86,0,394.38,2986.7,Salary,1506.79,Utilities,Positive,87.4,High,2807.58,0,2023-03-01,0.38529478736075107,0.2241075588994079,1.697200786461944,0.12423150353814895,0.5805555239859528,3
2023-04-10,1153,4736.23,2157.48,0.06,2196.61,normal,662.0,0.4,289.77,322.29,3,469.2,94,0,589.69,1045.09,Freelance,517.71,Healthcare,Positive,25.3,Low,2578.75,1,2023-04-01,0.45552686419367305,0.2733235070545266,0.48440309991286123,0.06804779328706588,0.21747594415707214,1
2023-05-10,1807,4482.65,2778.98,0.33,2849.01,normal,733.0,0.11,542.56,0.0,8,1256.63,34,0,405.33,3889.18,Salary,731.96,Education,Negative,8.9,Medium,1703.67,0,2023-05-01,0.6199413293475958,0.14585567366443802,1.399499096790909,0.0,0.4521910916955142,2
2023-06-09,1628,4505.88,3163.56,0.29,2157.48,recession,759.0,0.27,135.89,917.85,3,957.09,79,0,1053.6,2116.95,Salary,948.3,Groceries,Negative,0.2,Low,1342.32,0,2023-06-01,0.7020959279874297,0.3330425217160414,0.6691670143762091,0.20370049801592585,0.30253575086295187,1
2023-07-09,1256,3700.6,3883.78,0.12,2798.97,normal,795.0,0.11,230.12,380.85,1,839.0,35,0,367.45,2202.35,Salary,946.23,Utilities,Positive,95.0,Low,0.0,0,2023-07-01,1.049500081067935,0.09461143525122431,0.5670635308900092,0.10291574339296332,0.21602665444489647,1
2023-08-08,1737,2410.85,2662.64,0.14,3478.9,inflation,757.0,0.34,430.99,454.46,7,1216.32,29,0,500.57,2090.47,Salary,1451.78,Groceries,Positive,42.6,Low,0.0,0,2023-08-01,1.104440342617749,0.187997626415888,0.785111768770844,0.18850612854387458,0.4568097827719857,1
2023-09-07,1339,3004.32,2638.58,0.32,3205.82,recession,668.0,0.42,682.86,374.24,7,701.97,79,0,214.6,1658.69,Freelance,1406.91,Rent,Positive,9.3,Medium,365.74,0,2023-09-01,0.8782619694306864,0.081331625343935,0.6286297932979102,0.12456728976939872,0.26604082498919873,2
2023-10-07,1821,3771.84,3244.96,0.08,2780.08,recession,667.0,0.39,421.53,557.29,8,794.06,41,0,479.25,2849.38,Salary,1104.26,Insurance,Neutral,8.5,Low,526.88,0,2023-10-01,0.860312208365148,0.14769057245697945,0.8780940288940388,0.1477501696784593,0.2447056358167743,1
2023-11-06,1582,4735.73,1392.36,0.18,2826.4,inflation,671.0,0.49,428.61,748.8,5,874.75,68,0,150.96,3448.23,Salary,1142.43,Rent,Neutral,96.6,Medium,3343.37,1,2023-11-01,0.2940116940788432,0.10842023614582437,2.476536240627424,0.15811712238662257,0.6282498779051395,2
2019-01-01,1780,3664.19,1462.03,0.2,2326.2,normal,598.0,0.23,169.87,674.51,7,796.65,29,0,395.86,2541.82,Salary,1141.8,Utilities,Negative,36.5,High,2202.16,0,2019-01-01,0.39900496426222437,0.2707605179100292,1.7385552964029467,0.18408161148848723,0.5448930596499387,3
2019-01-31,1374,3885.63,2852.55,0.09,2441.69,inflation,737.0,0.49,619.97,286.25,4,1245.93,76,0,738.47,1101.12,Freelance,1591.46,Entertainment,Negative,3.5,Low,1033.08,0,2019-01-01,0.7341280564541658,0.2588806506459133,0.3860125151180522,0.07366887737638426,0.43677762002418885,1
2019-03-02,1419,4597.8,1857.4,0.39,3096.4,normal,655.0,0.21,392.62,188.99,7,754.26,68,0,666.97,2620.23,Salary,1345.19,Entertainment,Positive,53.0,Low,2740.4,0,2019-03-01,0.4039758145199878,0.35908797243458596,1.410697749542371,0.04110444125451303,0.4060837730160439,1
2019-04-01,1310,5201.93,3669.72,0.21,2392.96,normal,606.0,0.43,684.12,339.24,6,165.26,41,1,409.53,2547.73,Salary,1065.59,Groceries,Positive,91.9,Medium,1532.21,0,2019-04-01,0.705453552815974,0.1115970700761911,0.6942573275345258,0.06521425701614593,0.04503340854343111,2
2019-05-01,1544,5219.48,2840.75,0.39,2019.63,normal,719.0,0.52,426.94,129.94,4,1366.26,26,0,404.79,2027.88,Freelance,1731.17,Rent,Positive,43.3,Low,2378.73,1,2019-05-01,0.5442591982343069,0.14249405966734138,0.7138537358092053,0.02489520028815131,0.4809504532253806,1
2019-05-31,1443,3451.76,1246.26,0.13,2080.15,normal,661.0,0.53,559.8,220.11,4,1191.36,81,0,652.8,2646.93,Salary,1063.34,Groceries,Positive,81.3,Low,2205.5,1,2019-05-01,0.36105059447933807,0.5238072312358577,2.123898704925136,0.0637674693489698,0.9559481970054402,1
2019-06-30,1186,4478.78,3190.63,0.06,2752.43,normal,632.0,0.11,457.55,210.85,7,1130.73,37,0,159.04,2394.08,Salary,300.0,Healthcare,Positive,78.1,Low,1288.15,0,2019-06-01,0.7123881949995312,0.04984595518753349,0.7503471101318548,0.047077552369171966,0.35439082563631635,1
2019-07-30,1315,2097.52,4403.14,0.37,3017.51,normal,658.0,0.28,610.22,28.99,9,938.7,57,0,601.95,3608.57,Salary,1287.62,Insurance,Positive,87.3,Medium,0.0,0,2019-07-01,2.09921240321904,0.13670925748443155,0.8195446885631618,0.013821083946756168,0.21318876983243776,2
2019-08-29,1411,3605.42,1967.19,0.12,3775.75,normal,632.0,0.31,460.33,802.34,7,669.82,85,0,752.72,2787.72,Salary,763.19,Education,Positive,67.1,Low,1638.23,0,2019-08-01,0.5456202051356014,0.38263716265332787,1.4171076510148992,0.22253718013435328,0.3404958341593847,1
2019-09-28,1227,3704.29,3077.46,0.33,2194.05,recession,632.0,0.58,569.28,140.81,3,540.88,69,0,464.49,1786.51,Freelance,1071.82,Dining Out,Negative,89.4,Medium,626.83,0,2019-09-01,0.830782687100632,0.15093291220681992,0.5805144502284352,0.03801268259234563,0.17575533069479377,2
2019-10-28,1882,2369.32,3415.98,0.16,2228.25,normal,679.0,0.32,608.52,88.08,6,349.43,96,0,698.75,2691.42,Freelance,762.69,Transportation,Positive,21.0,Low,0.0,0,2019-10-01,1.441755440379518,0.204553305347221,0.7878910298069661,0.03717522327081187,0.10229275347045358,1
2019-11-27,1605,1940.92,3667.78,0.19,2711.17,normal,639.0,0.25,663.6,79.0,9,1452.51,21,0,340.8,1193.92,Mixed,755.67,Insurance,Neutral,37.7,Low,0.0,0,2019-11-01,1.8897120952950148,0.09291724149212875,0.3255157070489506,0.04070234734043649,0.3960188451870068,1
2019-12-27,1757,3568.93,2621.82,0.19,2343.12,normal,681.0,0.55,385.83,455.31,4,911.69,49,0,360.97,1357.68,Freelance,1028.19,Dining Out,Positive,36.7,High,947.11,0,2019-12-01,0.7346235426304243,0.13767916943192135,0.5178387532324874,0.12757605220612342,0.34773172834138116,3
2020-01-26,1909,3718.65,2586.2,0.27,3746.79,normal,635.0,0.27,483.14,555.05,3,1282.18,34,0,600.24,3029.1,Freelance,977.26,Rent,Neutral,26.4,Medium,1132.45,0,2020-01-01,0.6954674411412743,0.2320934189157838,1.1712551233469957,0.14926115660253048,0.4957775887402367,2
2020-02-25,1220,4237.7,2526.78,0.07,3161.0,recession,704.0,0.43,144.97,328.86,1,1301.13,37,0,828.46,1271.5,Salary,1561.97,Utilities,Positive,35.6,Low,1710.92,0,2020-02-01,0.5962621233216132,0.327871836883306,0.5032096185659218,0.07760341694787268,0.5149360055089878,1
2020-03-26,1415,6326.95,3744.31,0.18,2110.99,normal,734.0,0.54,548.16,565.97,2,883.99,38,0,614.14,2175.37,Mixed,648.88,Entertainment,Positive,60.0,Low,2582.64,1,2020-03-01,0.5918033175542718,0.16401953898047972,0.5809802073012117,0.0894538442693557,0.23608889221245036,1
2020-04-25,1631,3397.68,2411.48,0.25,3757.28,inflation,640.0,0.45,547.43,532.64,4,105.0,93,0,456.26,1885.64,Salary,1065.27,Investments,Neutral,59.5,Medium,986.2,0,2020-04-01,0.709743118834028,0.1892033108298638,0.7819430391294973,0.1567657931294295,0.04354172541343905,2
2020-05-25,1261,4122.67,4323.12,0.06,2857.97,inflation,685.0,0.52,720.77,480.23,4,541.69,58,0,688.68,2639.44,Salary,720.33,Groceries,Neutral,95.7,Low,0.0,0,2020-05-01,1.0486214031198229,0.15930161549991673,0.6105405355391477,0.1164851904227115,0.12530070874738616,1
2020-06-24,1418,4108.74,2395.76,0.33,2648.34,recession,684.0,0.1,576.5,222.34,3,1440.0,33,0,577.59,1243.61,Salary,1333.61,Groceries,Positive,26.6,Medium,1712.98,0,2020-06-01,0.583088732798863,0.24108842288042207,0.5190878886031989,0.054113913267814465,0.6010618759808996,2
2020-07-24,1592,4239.48,2694.98,0.25,3893.65,normal,629.0,0.19,651.54,492.66,6,649.92,96,0,643.53,2241.09,Salary,1327.77,Entertainment,Negative,5.1,High,1544.5,0,2020-07-01,0.6356864521120515,0.23878841401420417,0.8315794551351031,0.11620764810778682,0.24115948912422355,3
2020-08-23,1937,5658.78,1950.82,0.21,2505.21,normal,753.0,0.11,692.79,602.16,8,1480.39,46,0,94.59,1825.62,Salary,757.66,Dining Out,Positive,45.5,High,3707.96,1,2020-08-01,0.34474215290221566,0.048487302775243234,0.9358218595257378,0.1064116293618059,0.758855250612563,3
2020-09-22,1237,4942.76,2125.28,0.25,3072.48,normal,718.0,0.55,381.53,575.14,6,1280.06,78,0,568.26,2819.31,Salary,1942.2,Entertainment,Positive,80.3,High,2817.48,0,2020-09-01,0.4299783926389305,0.2673812391778965,1.3265593239479032,0.11636009031391367,0.6023018143491681,3
2020-10-22,1517,4701.15,1944.31,0.31,2446.83,recession,665.0,0.33,307.81,306.64,7,872.25,29,0,429.85,2213.05,Salary,1159.35,Investments,Positive,51.0,Low,2756.84,1,2020-10-01,0.41358178318071115,0.22108100045774595,1.1382186996929504,0.06522659349308148,0.44861673292839105,1
2020-11-21,1645,4189.92,3941.02,0.29,3687.77,recession,608.0,0.46,523.79,55.24,7,1319.76,30,0,437.55,1566.78,Freelance,1575.62,Entertainment,Neutral,2.5,Medium,248.9,0,2020-11-01,0.9405955244968878,0.11102455709435628,0.39755697763523146,0.013184022606636881,0.3348777727593364,2
2020-12-21,1849,3557.29,3302.7,0.25,3064.54,inflation,687.0,0.43,344.88,119.36,1,1286.41,33,0,615.96,2166.96,Salary,1813.17,Insurance,Positive,16.4,High,254.59,0,2020-12-01,0.928431474521335,0.18650195294758837,0.6561177218639296,0.033553632118832034,0.38950252823447484,3
2021-01-20,1091,2927.02,2492.13,0.09,2553.59,inflation,744.0,0.53,497.76,613.9,3,1972.13,86,0,678.52,2991.42,Freelance,771.64,Healthcare,Positive,79.1,Low,434.89,0,2021-01-01,0.8514222656490219,0.27226509050490943,1.2003466913844782,0.20973549890332147,0.79134314823063,1
2021-02-19,1346,2903.77,1357.21,0.37,3195.68,normal,628.0,0.21,742.36,618.21,4,763.28,45,0,418.47,2379.46,Freelance,1538.14,Dining Out,Positive,22.3,Medium,1546.56,0,2021-02-01,0.4673958336920624,0.30833106151590395,1.7531995785471666,0.21289909324774348,0.5623890186485511,2
2021-03-21,1637,4327.77,3154.73,0.33,3359.46,normal,608.0,0.31,717.15,104.91,3,1091.82,23,0,443.4,2752.42,Salary,1140.7,Dining Out,Positive,37.5,Medium,1173.04,0,2021-03-01,0.7289504756491217,0.14055085538223555,0.8724740310581255,0.0242411218710791,0.34608983970102036,2
2021-04-20,1047,4873.0,3477.82,0.24,3437.07,inflation,653.0,0.17,378.11,563.35,8,776.84,57,0,315.63,2119.93,Salary,1972.01,Investments,Positive,12.5,Medium,1395.18,0,2021-04-01,0.7136917709829674,0.09075512821250092,0.6095571363670345,0.11560640262671866,0.22336981212368667,2
2021-05-20,1667,4207.24,3409.25,0.27,3005.56,recession,658.0,0.2,298.73,610.19,1,1578.22,35,0,245.45,2125.75,Salary,1166.55,Insurance,Positive,92.5,High,797.99,0,2021-05-01,0.8103293370475657,0.07199530688567866,0.623524235535675,0.1450333235089988,0.4629229302632544,3
2021-06-19,1557,4776.26,4119.67,0.07,2743.44,recession,766.0,0.32,582.46,849.42,4,1349.01,34,0,479.1,2033.45,Salary,776.98,Entertainment,Positive,19.8,Low,656.59,0,2021-06-01,0.8625305155079497,0.11629572271565441,0.4935953607934616,0.17784207727385024,0.32745583990950733,1
2021-07-19,1487,3454.82,3024.92,0.09,2978.65,normal,634.0,0.43,796.94,600.71,2,1533.13,77,0,717.01,2480.63,Salary,1264.67,Education,Positive,59.7,Low,429.9,0,2021-07-01,0.8755651524536734,0.2370343678510506,0.8200646628671172,0.17387591828228388,0.5068332385649869,1
2021-08-18,1584,4519.37,3956.7,0.06,2875.26,normal,630.0,0.29,481.41,629.43,8,629.74,88,0,827.1,2341.3,Salary,831.1,Utilities,Positive,62.6,High,562.67,0,2021-08-01,0.8754981335894162,0.2090378345591023,0.5917304824727678,0.13927383684009054,0.159157884095332,3
2021-09-17,1664,2254.1,2907.71,0.06,2962.08,normal,627.0,0.37,310.87,111.81,5,1673.62,90,1,71.5,2176.83,Freelance,499.62,Investments,Positive,40.8,Low,0.0,0,2021-09-01,1.2899649527527617,0.024589797469486297,0.7486406828741518,0.04960294574331219,0.5755800956766665,1
2021-10-17,1882,5347.9,3760.72,0.37,2773.39,inflation,639.0,0.59,383.98,371.72,7,2412.13,92,0,449.53,2115.78,Salary,1663.95,Rent,Positive,93.6,Medium,1587.18,0,2021-10-01,0.7032143458179846,0.11953296177327746,0.5625997149482015,0.0695076572112418,0.6414011146801677,2
2021-11-16,1228,3473.49,3254.23,0.34,3218.67,normal,640.0,0.23,956.45,409.35,6,359.86,83,0,365.85,1498.27,Salary,982.54,Dining Out,Negative,33.7,Medium,219.26,0,2021-11-01,0.9368761677736226,0.11242290803047111,0.4604069165363235,0.11784977069172504,0.11058222682477883,2
2021-12-16,1756,2288.96,3012.86,0.3,3148.11,normal,656.0,0.47,563.98,317.43,1,897.06,33,0,535.46,2352.47,Freelance,814.97,Dining Out,Negative,75.1,Medium,0.0,0,2021-12-01,1.3162571648259471,0.17772481960661962,0.7808095961976327,0.13867870124423318,0.2977436721254887,2
2022-01-15,1509,4723.72,1666.13,0.35,2942.07,normal,648.0,0.33,134.92,259.89,1,935.92,62,0,389.75,2121.33,Salary,1023.2,Healthcare,Neutral,92.0,High,3057.59,1,2022-01-01,0.35271565630477675,0.23392532395431329,1.2732079729672954,0.055018078971657926,0.5617328779867117,3
2022-02-14,1769,3548.63,2946.21,0.3,3203.3,inflation,702.0,0.59,407.48,244.93,4,1070.11,83,0,432.16,1646.46,Salary,632.1,Dining Out,Positive,60.4,Medium,602.42,0,2022-02-01,0.8302387118409076,0.14668336608727825,0.5588400012219088,0.06902100247137628,0.3632157924927279,2
2022-03-16,1750,4056.64,2764.49,0.17,2822.13,inflation,649.0,0.25,542.19,359.37,5,1258.19,63,0,309.1,2440.89,Salary,1239.51,Insurance,Neutral,1.4,Low,1292.15,0,2022-03-01,0.6814728445215745,0.11181085842234917,0.882944051163144,0.08858809260866136,0.4551255385260935,1
2022-04-15,1565,4879.61,3328.07,0.17,3469.88,normal,657.0,0.18,438.02,269.52,9,1667.98,40,0,709.07,1495.18,Freelance,1075.97,Dining Out,Positive,51.3,Low,1551.54,0,2022-04-01,0.6820360643576024,0.21305741766248906,0.44926338688789597,0.05523392238314127,0.5011853717019173,1
2022-05-15,1494,2506.27,2138.17,0.15,3988.36,normal,700.0,0.36,803.75,217.53,2,1690.67,77,0,928.48,1711.83,Freelance,843.1,Education,Negative,54.6,Low,368.1,0,2022-05-01,0.8531283540879475,0.4342404953768877,0.8006051904198449,0.08679431984582667,0.7907088772174337,1
2022-06-14,1589,2791.96,3511.49,0.05,3029.16,inflation,661.0,0.15,177.3,50.42,1,499.52,59,0,578.31,1469.67,Salary,1022.63,Education,Neutral,82.3,Low,0.0,0,2022-06-01,1.2577150102436996,0.16469077229324303,0.41853173439195335,0.01805899797991375,0.14225300371067554,1
2022-07-14,1678,2367.41,2366.94,0.27,2532.28,normal,668.0,0.22,669.72,485.37,7,196.47,55,1,412.89,1121.21,Salary,1331.47,Healthcare,Positive,80.1,Low,0.47,0,2022-07-01,0.9998014708056484,0.1744404167406018,0.4736959956737391,0.2050215214094728,0.08300590636011052,1
2022-08-13,1079,3674.29,2291.63,0.07,2325.51,normal,812.0,0.49,337.69,317.35,7,992.21,84,0,428.84,2250.66,Salary,1400.5,Education,Positive,48.3,Medium,1382.66,0,2022-08-01,0.6236932849611763,0.18713317594899698,0.982121895768514,0.08637042802827213,0.4329712911770225,2
2022-09-12,1998,4997.92,4692.49,0.16,2001.26,inflation,772.0,0.45,252.7,237.12,1,0.0,23,0,892.63,2629.39,Freelance,729.93,Transportation,Neutral,32.4,Low,305.43,0,2022-09-01,0.9388885776483016,0.19022523223278048,0.5603400326905331,0.04744373659442328,0.0,1
2022-10-12,1813,5782.05,3674.54,0.37,3226.92,inflation,696.0,0.24,395.89,298.8,3,849.83,94,0,0.0,2276.15,Salary,1018.62,Groceries,Positive,42.2,Medium,2107.51,0,2022-10-01,0.6355081675184406,0.0,0.6194380793242148,0.051677173320881,0.2312752072368242,2
2022-11-11,1212,5144.22,1162.32,0.4,2116.16,inflation,752.0,0.26,394.54,680.59,2,1278.67,26,0,165.74,1999.85,Salary,1420.82,Investments,Positive,32.1,Low,3981.9,1,2022-11-01,0.22594679076711335,0.14259412210062636,1.7205674857182187,0.1323018844450665,1.1001015210957397,1
2022-12-11,1578,3968.41,5095.19,0.07,3064.73,normal,748.0,0.24,442.87,449.18,3,882.17,93,0,177.64,1439.32,Freelance,838.76,Transportation,Neutral,75.7,High,0.0,0,2022-12-01,1.2839373955816056,0.03486425432613897,0.2824860309429089,0.11318890941208193,0.17313780251570599,3
2023-01-10,1221,3299.78,3499.48,0.27,3246.7,inflation,693.0,0.3,428.05,0.0,1,1253.87,28,0,530.65,2714.9,Salary,1964.7,Rent,Positive,95.2,Low,0.0,0,2023-01-01,1.06051918612756,0.1516368146124567,0.7758009761450273,0.0,0.35830180483957613,1
2023-02-09,1297,4091.62,3365.25,0.06,2451.36,recession,681.0,0.41,390.24,17.75,2,904.48,30,0,533.97,2025.72,Freelance,1106.88,Dining Out,Negative,35.2,High,726.37,0,2023-02-01,0.8224737390080213,0.15867171829730334,0.6019523066636951,0.004338135017425861,0.2687705222494614,3
2023-03-11,1642,4814.81,2795.2,0.34,2271.95,normal,769.0,0.43,516.65,654.73,8,1460.49,20,0,662.24,2501.98,Freelance,1143.91,Groceries,Neutral,29.3,Low,2019.61,0,2023-03-01,0.5805421190036574,0.23692043503148255,0.8950987406983401,0.1359825205979052,0.5224992844876932,1
2023-04-10,1684,4546.78,2833.01,0.12,2110.77,normal,583.0,0.26,363.02,436.14,2,1332.17,77,0,305.12,2884.28,Freelance,1324.98,Utilities,Positive,50.3,Medium,1713.77,0,2023-04-01,0.6230805097233647,0.10770170242957137,1.0180973593457137,0.09592282890309187,0.4702313087493514,2
2023-05-10,1346,4001.4,3984.94,0.14,3651.38,recession,606.0,0.3,497.99,357.93,6,1259.23,24,0,526.9,1804.4,Freelance,1125.57,Healthcare,Positive,27.0,Low,16.46,0,2023-05-01,0.9958864397460888,0.13222281891320822,0.4528048101100644,0.08945119208277102,0.3159972295693285,1
2023-06-09,1367,5792.43,3796.08,0.4,2173.03,normal,682.0,0.16,424.06,213.55,3,1345.83,36,0,721.06,2176.12,Salary,748.25,Groceries,Positive,80.9,High,1996.35,0,2023-06-01,0.6553518989439665,0.18994857853364522,0.5732545151840847,0.0368670834174949,0.35453151672251376,3
2023-07-09,1304,3837.97,3080.73,0.18,2712.58,inflation,716.0,0.41,356.25,352.43,2,1395.87,38,0,547.1,1500.55,Mixed,1413.68,Dining Out,Positive,65.9,Low,757.24,0,2023-07-01,0.8026977803370011,0.17758777951978916,0.4870761150766214,0.09182718989465787,0.4530971555443028,1
2023-08-08,1076,3718.44,2933.86,0.19,2358.98,normal,680.0,0.59,365.27,0.0,6,1793.79,37,0,406.21,2921.71,Salary,1716.73,Insurance,Positive,69.6,Medium,784.58,0,2023-08-01,0.7890029152009983,0.13845582270455986,0.995858698097387,0.0,0.6114095423776186,2
2023-09-07,1537,5138.61,2285.36,0.29,2728.63,normal,713.0,0.18,766.02,313.06,9,932.81,43,0,980.04,2559.91,Salary,1278.18,Education,Positive,62.6,Low,2853.25,1,2023-09-01,0.44474283901677697,0.4288339692652361,1.1201342458081,0.06092309009634902,0.40816764098435254,1
2023-10-07,1933,6079.53,4533.26,0.22,2864.57,normal,685.0,0.51,447.13,664.0,1,1045.78,20,0,439.98,2437.29,Mixed,1262.53,Investments,Neutral,74.1,High,1546.27,0,2023-10-01,0.7456596151347227,0.09705598178794068,0.5376461972178962,0.10921896922952926,0.23069049646391337,3
2023-11-06,1241,3771.22,4103.4,0.32,2979.76,recession,727.0,0.46,459.2,541.03,6,1602.49,73,0,270.15,1849.38,Salary,1400.58,Healthcare,Positive,39.1,Low,0.0,0,2023-11-01,1.088082901554404,0.06583564848662085,0.45069454598625536,0.14346285817321716,0.39052736754886197,1
2019-01-01,1017,3589.97,2726.37,0.05,3083.59,inflation,608.0,0.25,257.02,312.7,1,855.49,80,0,547.19,2914.13,Salary,855.44,Education,Negative,83.6,Medium,863.6,0,2019-01-01,0.7594408866926464,0.20070276594886244,1.0688681286839279,0.08710379195369321,0.3137835290147706,2
2019-01-31,1121,3762.45,1712.47,0.2,3338.04,normal,762.0,0.46,442.66,701.87,1,1271.44,68,0,592.1,2585.21,Salary,1302.86,Transportation,Positive,48.9,Medium,2049.98,0,2019-01-01,0.4551475767119829,0.34575788188990175,1.509638125047446,0.1865460006113038,0.7424597219221358,2
2019-03-02,1436,5412.31,1600.09,0.16,3514.24,normal,761.0,0.47,381.71,371.93,8,1012.52,87,0,485.92,2238.0,Salary,872.1,Dining Out,Neutral,42.9,Medium,3812.22,1,2019-03-01,0.2956390155035465,0.30368291783587176,1.3986713247379836,0.06871927143862787,0.6327894055959352,2
2019-04-01,1570,3034.42,3808.02,0.28,3043.21,normal,668.0,0.28,714.36,292.83,1,1274.66,21,0,551.7,2484.35,Freelance,1040.23,Groceries,Neutral,31.1,Low,0.0,0,2019-04-01,1.2549416362929324,0.1448784407644918,0.652399409666966,0.0965027913077293,0.3347303848194075,1
2019-05-01,1023,4906.9,2553.71,0.14,2855.85,normal,645.0,0.31,521.18,41.58,2,999.27,38,0,464.28,2756.06,Salary,1342.65,Entertainment,Negative,27.8,Low,2353.19,0,2019-05-01,0.5204324522611018,0.1818060782156157,1.079237658152257,0.008473781817440747,0.39130128323106383,1
2019-05-31,1103,4449.16,2932.84,0.1,3124.74,inflation,709.0,0.37,685.28,624.06,6,0.0,93,0,768.56,1516.18,Salary,1112.05,Healthcare,Positive,59.1,Low,1516.32,0,2019-05-01,0.6591895998345756,0.26205316348658636,0.5169664898187423,0.1402646791753949,0.0,1
2019-06-30,1668,6392.56,3031.79,0.15,2516.95,normal,736.0,0.5,594.2,550.83,6,1647.33,25,0,577.06,2319.01,Mixed,1227.23,Transportation,Positive,65.5,Low,3360.77,1,2019-06-01,0.47426852465991715,0.19033640192757412,0.7648979645687862,0.08616735705257361,0.5433522770376576,1
2019-07-30,1200,2963.42,3658.31,0.14,3342.9,normal,716.0,0.4,531.41,494.25,8,1829.8,26,0,281.63,2672.15,Salary,1354.65,Rent,Positive,89.3,High,0.0,0,2019-07-01,1.2344892050401226,0.07698363451976459,0.730432904811238,0.16678364862220002,0.500176310919523,3
2019-08-29,1607,1988.41,2745.91,0.18,2064.93,normal,685.0,0.15,173.49,0.0,7,1106.14,39,0,372.8,2435.91,Freelance,811.73,Investments,Positive,35.2,Medium,0.0,0,2019-08-01,1.3809576495793119,0.13576555677352864,0.8871048213524843,0.0,0.4028318480940745,2
2019-09-28,1087,4045.07,3018.16,0.24,2691.5,normal,652.0,0.21,678.91,340.77,6,1266.38,99,0,557.61,1893.1,Salary,911.51,Dining Out,Positive,55.1,High,1026.91,0,2019-09-01,0.7461329470194582,0.18475163675881995,0.6272364619503273,0.08424328874407612,0.4195867680971188,3
2019-10-28,1860,3105.32,2551.36,0.29,3082.91,normal,655.0,0.34,355.22,547.17,8,1116.9,89,0,686.77,2002.55,Freelance,1431.15,Transportation,Positive,97.7,High,553.96,0,2019-10-01,0.8216093671505674,0.269178007023705,0.7848951147623228,0.17620406270529282,0.4377665245202559,3
2019-11-27,1570,3873.08,3407.05,0.24,2344.84,inflation,715.0,0.42,456.39,542.11,9,332.7,37,0,776.79,1890.7,Salary,1970.0,Healthcare,Positive,37.0,Low,466.03,0,2019-11-01,0.8796745742406561,0.22799489294257494,0.5549375559501621,0.1399687070755058,0.09765046007543182,1
2019-12-27,1642,3306.56,3844.91,0.28,2816.23,normal,668.0,0.13,270.83,818.92,7,1064.48,56,1,222.52,2888.05,Salary,1127.29,Transportation,Neutral,20.8,Medium,0.0,0,2019-12-01,1.1628127117003775,0.05787391642457171,0.7511359173556729,0.24766524726604083,0.27685433469183934,2
2020-01-26,1603,4408.77,1486.82,0.11,2672.12,normal,728.0,0.45,646.13,289.43,8,1194.49,96,0,546.06,2838.96,Mixed,1394.25,Insurance,Positive,59.3,Low,2921.95,1,2020-01-01,0.3372414528315153,0.36726705317388786,1.9094174143473992,0.06564869566795273,0.8033857494518503,1
2020-02-25,1755,2333.97,3590.9,0.29,2591.53,normal,649.0,0.57,895.03,493.96,3,1245.38,87,0,292.21,2806.17,Freelance,763.47,Education,Positive,74.4,Medium,0.0,0,2020-02-01,1.5385373419538384,0.0813751427218803,0.7814670416887132,0.2116393955363608,0.3468155615583837,2
2020-03-26,1938,1634.88,1022.59,0.14,2389.2,normal,622.0,0.12,280.81,544.65,8,1196.04,31,0,527.18,3060.86,Freelance,1520.66,Utilities,Negative,36.8,High,612.29,0,2020-03-01,0.6254832158935212,0.5155340850194114,2.99324264856883,0.3331437169700528,1.1696183221036778,3
2020-04-25,1529,3001.94,3635.21,0.13,3014.23,recession,667.0,0.13,859.22,110.94,5,158.97,64,0,766.06,1421.02,Salary,2056.76,Insurance,Negative,41.0,High,0.0,0,2020-04-01,1.210953583349434,0.2107333551569235,0.3909045144572115,0.03695610172088716,0.04373062354031817,3
2020-05-25,1619,3910.25,2312.95,0.31,2256.79,recession,710.0,0.54,592.73,324.49,8,1198.11,91,0,417.42,3314.53,Salary,1528.43,Dining Out,Positive,76.4,Medium,1597.3,0,2020-05-01,0.5915094942778594,0.18047082729847166,1.43303141010398,0.08298446390895722,0.5180008214617696,2
2020-06-24,1827,2171.37,1861.96,0.15,3247.58,inflation,685.0,0.13,478.95,513.26,2,0.0,20,0,633.72,1665.56,Salary,1145.73,Dining Out,Positive,90.5,Medium,309.41,0,2020-06-01,0.8575047090085983,0.34035102794904293,0.8945197533781606,0.2363761127767262,0.0,2
2020-07-24,1001,3542.3,2119.47,0.16,2765.1,normal,755.0,0.19,722.67,156.73,9,1793.11,74,0,424.14,1312.69,Freelance,1880.87,Investments,Positive,72.3,Low,1422.83,0,2020-07-01,0.5983315924681704,0.2001160667525372,0.6193482332847363,0.04424526437625271,0.8460181083006602,1
2020-08-23,1825,3677.49,2050.05,0.19,2571.56,recession,745.0,0.45,494.19,476.24,6,871.03,70,0,357.31,3564.66,Freelance,1174.83,Healthcare,Neutral,85.9,Medium,1627.44,0,2020-08-01,0.5574590277607826,0.17429330991927025,1.7388161264359403,0.12950137185961078,0.42488231994341596,2
2020-09-22,1726,5189.83,3776.52,0.39,3373.01,recession,717.0,0.17,382.35,356.08,4,525.89,68,0,453.29,2092.46,Freelance,1293.29,Investments,Positive,23.9,Medium,1413.31,0,2020-09-01,0.727677014468682,0.1200284918390476,0.5540709436200524,0.06861111057587628,0.13925253937487422,2
2020-10-22,1061,5662.9,3656.95,0.29,3156.62,recession,757.0,0.33,560.17,335.75,5,1349.06,56,0,734.8,2726.2,Salary,538.42,Dining Out,Negative,70.9,Low,2005.95,0,2020-10-01,0.6457733670027724,0.20093247104827794,0.7454846251657802,0.059289410019601266,0.36890304762165194,1
2020-11-21,1899,3567.25,1068.14,0.08,2229.95,normal,720.0,0.37,154.93,162.2,4,1479.92,57,0,682.87,2019.73,Salary,522.63,Insurance,Positive,19.1,Medium,2499.11,1,2020-11-01,0.29942953255308713,0.6393075814031868,1.8908850899694796,0.04546919896278646,1.385511262568577,2
2020-12-21,1606,2765.03,2939.4,0.06,2516.77,normal,765.0,0.56,405.48,326.93,2,0.0,66,0,609.73,2477.11,Salary,1758.01,Entertainment,Positive,23.7,Low,0.0,0,2020-12-01,1.0630626069156572,0.20743348982785603,0.8427264067496768,0.11823741514558611,0.0,1
2021-01-20,1442,2139.48,1782.53,0.25,2591.05,normal,688.0,0.29,601.04,495.66,9,1860.88,98,0,340.98,1580.57,Salary,1434.48,Groceries,Negative,77.5,Low,356.95,0,2021-01-01,0.8331603941144577,0.1912899081642385,0.8867003640892439,0.23167311683212743,1.0439543794494344,1
2021-02-19,1114,4703.74,2549.44,0.36,3028.03,inflation,734.0,0.46,469.28,257.73,5,626.0,51,0,337.08,2798.89,Salary,1368.36,Transportation,Neutral,94.4,High,2154.3,0,2021-02-01,0.5420027467504582,0.132217271243881,1.0978450169448977,0.054792569317181655,0.24554411949290825,3
2021-03-21,1383,6719.71,3624.44,0.21,3402.32,recession,656.0,0.45,804.08,386.81,8,2035.45,41,0,303.37,2541.14,Salary,1357.32,Education,Neutral,47.2,Medium,3095.27,0,2021-03-01,0.5393744670528936,0.08370120625531116,0.701112447716061,0.057563496043728075,0.5615902042798335,2
2021-04-20,1422,3145.64,2968.69,0.05,3104.11,normal,630.0,0.4,524.76,566.24,1,270.5,23,0,702.69,2086.69,Salary,1251.21,Dining Out,Negative,73.2,Low,176.95,0,2021-04-01,0.9437475362724279,0.23670036278627948,0.7028992585955421,0.18000788392823083,0.09111763100896354,1
2021-05-20,1126,3323.18,2835.22,0.34,2140.74,normal,632.0,0.33,309.13,728.45,1,967.05,63,0,347.36,1975.94,Mixed,1730.98,Rent,Positive,46.5,Low,487.96,0,2021-05-01,0.8531647397974229,0.12251606577267374,0.6969265171662165,0.21920269139799833,0.3410846424616079,1
2021-06-19,1474,4397.68,2868.96,0.17,2385.19,normal,618.0,0.51,472.33,536.84,2,551.22,91,0,743.73,2144.9,Freelance,913.85,Insurance,Negative,82.9,High,1528.72,0,2021-06-01,0.6523803460006184,0.25923331102559816,0.7476228319669845,0.12207345691364538,0.19213234063911663,3
2021-07-19,1148,3715.31,3449.86,0.12,2880.33,normal,686.0,0.23,572.62,340.35,8,1369.7,66,0,347.39,1971.13,Salary,841.69,Investments,Neutral,41.2,Low,265.45,0,2021-07-01,0.9285523953586646,0.10069683987176291,0.5713652148203116,0.09160742979724439,0.3970306041404579,1
2021-08-18,1061,3151.25,2228.61,0.11,3473.51,recession,705.0,0.29,815.94,259.86,8,1515.69,25,0,604.6,1712.89,Salary,1161.33,Rent,Positive,26.0,Low,922.64,0,2021-08-01,0.7072145973819913,0.27129017638797276,0.7685911846397531,0.08246251487504959,0.6801055366349429,1
2021-09-17,1830,5657.79,2451.35,0.39,3379.92,recession,699.0,0.13,335.67,0.0,1,707.36,74,0,305.22,2246.46,Salary,1225.69,Insurance,Positive,53.2,Medium,3206.44,0,2021-09-01,0.43326988099593655,0.12451098374365148,0.9164174842433761,0.0,0.28855936524772063,2
2021-10-17,1271,3917.35,2160.18,0.25,2024.55,inflation,633.0,0.11,661.66,147.98,4,749.62,67,0,892.8,1518.04,Salary,2132.3,Entertainment,Positive,24.0,High,1757.17,0,2021-10-01,0.5514391106232529,0.41329889175902007,0.7027377348183949,0.03777553703396429,0.34701737818144784,3
2021-11-16,1255,5865.23,3666.39,0.38,4028.47,normal,708.0,0.45,385.4,331.27,9,920.44,79,0,137.84,1185.71,Salary,1453.6,Groceries,Positive,48.7,Low,2198.84,0,2021-11-01,0.6251059208249293,0.03759556402892218,0.32339985653462944,0.05648030853010027,0.2510480336243553,1
2021-12-16,1005,4621.77,3289.25,0.05,2779.03,normal,767.0,0.3,612.69,405.21,6,149.31,35,0,711.91,2145.24,Mixed,680.52,Healthcare,Positive,46.1,Low,1332.52,0,2021-12-01,0.7116862154542523,0.2164353576043171,0.6521973094170402,0.0876742027405085,0.045393326746218744,1
2022-01-15,1339,3236.56,3967.34,0.13,2793.95,recession,683.0,0.28,305.32,269.23,4,1482.47,21,0,822.59,2466.9,Mixed,1523.5,Rent,Neutral,64.3,Low,0.0,0,2022-01-01,1.2257891094248214,0.20734043464890833,0.6218020134397354,0.08318399782485109,0.3736685033296869,1
2022-02-14,1580,4942.42,2770.88,0.08,3312.92,normal,754.0,0.23,399.71,458.55,5,895.11,71,0,870.33,1015.29,Freelance,1358.84,Groceries,Positive,6.7,Low,2171.54,0,2022-02-01,0.5606322408860437,0.3140987700658275,0.36641427993994685,0.09277843647443965,0.3230417773414944,1
2022-03-16,1171,4718.97,3348.12,0.28,3399.58,normal,713.0,0.37,552.89,817.77,5,1403.7,86,0,514.05,1995.95,Salary,750.6,Education,Positive,57.8,High,1370.85,0,2022-03-01,0.7095022854563601,0.1535339235152862,0.5961405206503949,0.1732941722452145,0.4192502060858034,3
2022-04-15,1636,5361.83,2557.75,0.34,2857.59,inflation,677.0,0.58,710.04,629.21,4,849.56,86,0,465.22,1687.28,Salary,686.33,Transportation,Positive,9.8,Low,2804.08,0,2022-04-01,0.47702929783301595,0.18188642361450494,0.6596735411983188,0.11734986002913185,0.33215130485778516,1
2022-05-15,1730,3988.94,2043.14,0.16,3685.66,inflation,626.0,0.17,741.49,495.19,1,631.24,70,0,285.31,2843.3,Salary,927.81,Groceries,Negative,25.3,Low,1945.8,0,2022-05-01,0.5122012364186977,0.13964290259110976,1.3916324872500172,0.12414074917145908,0.308955822900046,1
2022-06-14,1813,3149.46,3665.56,0.18,3175.2,normal,708.0,0.55,356.67,718.61,2,1600.42,99,0,614.59,1943.0,Mixed,1642.13,Groceries,Positive,66.5,Low,0.0,0,2022-06-01,1.1638693617318525,0.16766605921059813,0.5300690753936643,0.22816927346275234,0.4366099586420629,1
2022-07-14,1704,3737.92,2977.82,0.33,4194.51,recession,773.0,0.58,300.87,0.0,3,653.67,63,0,635.26,2365.06,Salary,1040.59,Education,Neutral,38.8,Low,760.1,0,2022-07-01,0.7966516137317011,0.21333055725329267,0.7942253057605899,0.0,0.2195129322793184,1
2022-08-13,1519,5455.07,2837.07,0.2,2297.22,normal,754.0,0.14,233.27,532.26,5,1470.04,42,0,470.47,2678.14,Freelance,1122.42,Transportation,Negative,40.3,Low,2618.0,1,2022-08-01,0.5200794856894596,0.16582953540095943,0.9439809380804843,0.09757161686284503,0.5181542929853686,1
2022-09-12,1553,5558.89,1461.78,0.16,3851.46,normal,593.0,0.57,224.51,166.73,1,1234.22,35,0,409.61,2376.26,Freelance,1331.74,Dining Out,Neutral,98.6,Medium,4097.11,1,2022-09-01,0.26296256986556665,0.2802131647717167,1.6255934545554052,0.029993397962542877,0.8443267796795688,2
2022-10-12,1050,5144.68,2707.01,0.19,2709.53,normal,646.0,0.32,827.5,545.92,4,1328.28,99,0,663.84,1903.01,Freelance,1341.3,Investments,Neutral,8.1,Low,2437.67,0,2022-10-01,0.5261765551987685,0.24522997698567792,0.7029933395148151,0.10611349977063683,0.4906816007329119,1
2022-11-11,1497,4408.5,3183.57,0.1,2607.66,normal,761.0,0.31,548.67,1014.45,9,1825.57,77,0,165.53,2021.6,Salary,888.01,Entertainment,Negative,66.3,High,1224.93,0,2022-11-01,0.7221435862538279,0.05199508727623391,0.63501038142714,0.23011228308948622,0.5734348545814918,3
2022-12-11,1835,4595.71,159.21,0.25,2779.17,normal,615.0,0.12,105.1,842.22,6,851.32,41,0,406.52,3019.44,Salary,890.54,Entertainment,Positive,62.5,Low,4436.5,1,2022-12-01,0.034643178094353216,2.5533572011808303,18.965140380629357,0.18326221628431733,5.347151560831606,1
2023-01-10,1260,3710.47,3382.21,0.29,2221.05,inflation,676.0,0.4,458.11,461.35,5,998.14,31,0,668.39,1000.0,Salary,638.79,Rent,Positive,82.3,High,328.26,0,2023-01-01,0.9115314232428776,0.1976193080855417,0.2956646689590534,0.12433734809875839,0.29511473267478955,3
2023-02-09,1783,4493.7,3541.55,0.23,3067.35,normal,688.0,0.13,468.64,424.69,9,1027.44,27,0,448.09,2408.5,Salary,654.83,Utilities,Positive,13.6,Low,952.15,0,2023-02-01,0.7881144713710306,0.12652369725120355,0.6800694611116601,0.0945078665687518,0.2901102624557044,1
2023-03-11,1714,3425.53,2319.56,0.11,1821.19,normal,662.0,0.21,320.81,437.86,7,1549.53,44,0,133.05,2050.99,Salary,1545.01,Healthcare,Positive,13.6,Low,1105.97,0,2023-03-01,0.6771390120652861,0.05736001655486386,0.8842151097621962,0.12782255592565236,0.6680275569504561,1
2023-04-10,1291,3534.28,4770.88,0.1,1296.24,normal,761.0,0.13,0.0,502.91,2,1105.44,56,0,417.22,2126.88,Mixed,1580.48,Utilities,Positive,78.2,Medium,0.0,0,2023-04-01,1.3498873886619056,0.08745137165470522,0.4458045475887048,0.14229489457541564,0.23170568113220202,2
2023-05-10,1250,6059.3,3231.19,0.36,2913.89,recession,698.0,0.48,276.0,596.98,1,1499.32,83,0,686.98,2392.21,Freelance,1741.81,Entertainment,Negative,47.3,Low,2828.11,0,2023-05-01,0.5332612678032116,0.21260897687848748,0.7403495306682677,0.09852293169177957,0.46401480569078263,1
2023-06-09,1525,4407.44,2683.39,0.13,2545.35,normal,625.0,0.44,442.04,547.04,4,209.57,45,0,349.12,2416.05,Salary,1150.38,Education,Positive,60.6,Low,1724.05,0,2023-06-01,0.6088318842684188,0.13010408475845853,0.9003722902746154,0.12411740148476214,0.07809897182295529,1
2023-07-09,1201,3883.83,3041.49,0.12,3322.87,normal,694.0,0.24,631.3,237.93,5,1983.97,93,0,302.36,2766.93,Freelance,907.76,Insurance,Positive,11.2,Low,842.34,0,2023-07-01,0.7831161508098964,0.09941180145257753,0.9097284554609747,0.06126169271054604,0.6523019967187136,1
2023-08-08,1275,4335.66,3006.87,0.36,2935.92,recession,795.0,0.21,586.96,370.94,3,551.27,94,0,253.69,2878.82,Salary,1316.88,Rent,Positive,9.0,High,1328.79,0,2023-08-01,0.6935207096497419,0.08437012574537642,0.9574141881757443,0.08555560168463394,0.18333682533664575,3
2023-09-07,1108,2005.99,3629.29,0.32,3636.33,recession,719.0,0.55,511.48,286.02,8,909.45,47,0,233.64,1374.61,Mixed,838.19,Entertainment,Positive,29.1,Low,0.0,0,2023-09-01,1.809226367030743,0.06437622785723929,0.3787545222343764,0.14258296402275183,0.2505862028110181,1
2023-10-07,1317,3198.63,3813.3,0.31,3126.13,normal,624.0,0.53,620.3,561.44,1,1007.28,99,0,648.54,2034.08,Salary,1482.48,Entertainment,Positive,89.0,Low,0.0,0,2023-10-01,1.1921666463454668,0.1700731649752183,0.533417250150788,0.17552514670343242,0.2641491621430257,1
2023-11-06,1579,4783.39,3650.01,0.39,1480.23,normal,609.0,0.28,480.78,664.2,4,2225.82,33,0,522.71,2563.09,Salary,1076.62,Investments,Neutral,77.5,Low,1133.38,0,2023-11-01,0.7630592529565852,0.1432078268278717,0.7022145144807822,0.1388554978791192,0.6098120279122523,1
2019-01-01,1889,3046.65,3646.54,0.33,2908.95,normal,621.0,0.4,523.53,598.52,3,748.87,73,0,792.46,2696.17,Salary,1697.84,Transportation,Positive,77.4,Low,0.0,0,2019-01-01,1.1969015147785271,0.21731833464050854,0.7393776017814148,0.19645184054617365,0.20536453734224772,1
2019-01-31,1140,3857.63,2069.97,0.31,2982.6,inflation,639.0,0.24,560.63,267.57,1,335.28,57,0,315.68,1696.92,Freelance,1866.63,Education,Positive,35.6,High,1787.66,0,2019-01-01,0.5365911194178808,0.15250462567090345,0.8197799968115481,0.06936123993229003,0.16197336193278164,3
2019-03-02,1969,4108.86,2732.11,0.23,2751.24,normal,692.0,0.23,740.6,533.59,1,1005.95,25,0,442.75,3832.2,Freelance,953.32,Education,Positive,97.9,Low,1376.75,0,2019-03-01,0.664931392162303,0.16205423646924905,1.402652162614243,0.12986327107762252,0.36819527764255466,1
2019-04-01,1057,4975.91,3192.79,0.13,3828.46,inflation,660.0,0.14,294.49,40.18,1,100.09,21,0,502.3,1878.9,Salary,1474.99,Dining Out,Positive,95.1,Low,1783.12,0,2019-04-01,0.6416494671326451,0.15732321887753345,0.5884821738980641,0.008074904891768542,0.031348757669624375,1
2019-05-01,1203,2774.04,3265.47,0.26,3025.18,recession,722.0,0.4,749.97,231.8,6,1264.35,28,0,0.0,2114.77,Freelance,300.0,Entertainment,Positive,38.1,High,0.0,0,2019-05-01,1.1771531773153956,0.0,0.6476158102815215,0.08356043892661967,0.3871877555145201,3
2019-05-31,1574,3391.05,1889.03,0.36,2795.75,inflation,685.0,0.47,165.18,924.16,6,636.17,91,0,528.43,2799.05,Salary,835.42,Dining Out,Positive,87.1,Medium,1502.02,0,2019-05-01,0.5570634464251485,0.2797361608868043,1.4817393053577763,0.2725291576355406,0.33677072359888405,2
2019-06-30,1363,4148.98,3374.17,0.15,3015.78,recession,592.0,0.59,319.0,126.64,1,1957.93,22,0,405.67,1595.64,Mixed,832.47,Utilities,Positive,43.5,Low,774.81,0,2019-06-01,0.8132528958924845,0.12022808572182196,0.47289852022867845,0.0305231647296444,0.5802701108717107,1
2019-07-30,1964,3119.97,2867.39,0.39,2903.96,normal,689.0,0.15,88.74,223.52,2,1310.95,72,0,278.75,2877.75,Salary,1392.31,Insurance,Positive,93.5,Low,252.58,0,2019-07-01,0.9190440933726927,0.09721384255368122,1.003613041825493,0.0716417145036651,0.45719277810133957,1
2019-08-29,1541,3658.24,3009.93,0.18,2489.24,normal,684.0,0.6,250.23,661.53,6,955.7,28,0,282.09,1412.52,Freelance,1225.41,Investments,Positive,22.9,Medium,648.31,0,2019-08-01,0.8227809001049685,0.09371978750336386,0.46928666115158824,0.18083285951714487,0.3175156897336483,2
2019-09-28,1975,3195.06,1142.97,0.09,3431.81,normal,738.0,0.11,610.43,343.98,9,349.47,74,0,517.17,1059.52,Salary,662.86,Utilities,Positive,53.6,Low,2052.09,0,2019-09-01,0.3577303712606336,0.45247906769206536,0.9269884598895859,0.10765995004788644,0.3057560565894118,1
2019-10-28,1622,3316.88,4179.63,0.16,3308.06,normal,657.0,0.52,450.56,237.51,9,1140.89,30,0,248.06,1144.77,Salary,916.55,Healthcare,Negative,28.4,Medium,0.0,0,2019-10-01,1.2601088975181496,0.05934975105451918,0.27389266514021576,0.07160644943440823,0.2729643533040006,2
2019-11-27,1821,4505.99,3356.57,0.18,3326.8,normal,712.0,0.38,569.62,863.13,9,922.02,40,0,847.83,2191.06,Salary,1173.82,Utilities,Positive,22.8,Medium,1149.42,0,2019-11-01,0.7449128826295665,0.252588207604787,0.6527675573576597,0.19155169008364423,0.27469112814569635,2
2019-12-27,1103,4147.44,2334.44,0.17,2864.82,recession,655.0,0.36,824.75,160.43,3,683.93,63,0,417.61,3503.29,Salary,1761.14,Transportation,Positive,15.5,Medium,1813.0,0,2019-12-01,0.5628628744478522,0.1788908689021778,1.5006982402631894,0.03868169280327142,0.2929739038056236,2
2020-01-26,1872,4136.71,3142.13,0.33,2719.09,recession,696.0,0.4,307.57,15.69,2,1111.57,20,1,296.46,2135.55,Freelance,1540.86,Healthcare,Positive,69.0,Medium,994.58,0,2020-01-01,0.759572220436047,0.09435001097981305,0.6796504282127093,0.0037928692124901187,0.35376321157940627,2
2020-02-25,1274,3844.43,2510.8,0.17,1990.63,normal,697.0,0.3,363.42,678.57,8,747.35,55,0,249.0,3586.9,Salary,1343.76,Entertainment,Positive,37.4,Medium,1333.63,0,2020-02-01,0.6531007197425887,0.09917157877967181,1.4285884976899792,0.17650731057660046,0.29765413414051295,2
2020-03-26,1719,2096.05,3937.16,0.24,2905.61,recession,675.0,0.23,471.65,385.39,8,1105.46,87,0,514.62,1826.23,Salary,1224.98,Utilities,Positive,38.2,Medium,0.0,0,2020-03-01,1.8783712220605422,0.13070842942628697,0.46384449704863406,0.18386488871925763,0.2807759908157149,2
2020-04-25,1472,3764.76,3345.58,0.31,2450.86,inflation,678.0,0.47,512.46,211.66,9,846.86,96,0,694.38,2051.12,Salary,983.29,Insurance,Negative,96.6,Low,419.18,0,2020-04-01,0.8886569130568748,0.20755145595083663,0.6130835311067139,0.05622137931767231,0.2531280076997113,1
2020-05-25,1352,4561.96,2382.51,0.09,3748.59,inflation,650.0,0.19,258.36,333.67,4,1112.19,84,0,727.74,2052.55,Freelance,1518.6,Investments,Neutral,95.2,Low,2179.45,0,2020-05-01,0.5222557847942552,0.30545097397282694,0.8615074018577047,0.0731418074687196,0.46681441001296947,1
2020-06-24,1395,4848.12,2614.36,0.32,2353.06,recession,683.0,0.46,794.75,168.95,3,417.83,99,0,526.53,3205.27,Salary,1657.44,Insurance,Positive,77.3,Low,2233.76,0,2020-06-01,0.5392523287377375,0.20139919521412505,1.2260247249804923,0.03484855985412902,0.15982114169433437,1
2020-07-24,1409,4088.89,1871.65,0.39,3200.46,normal,711.0,0.34,284.75,402.34,7,172.62,42,0,375.04,2557.64,Freelance,1096.9,Education,Positive,2.7,Medium,2217.24,0,2020-07-01,0.45774036474446617,0.20037934442871264,1.366516175567013,0.09839834282653727,0.09222878209066866,2
2020-08-23,1177,2288.93,3113.9,0.14,3378.39,normal,650.0,0.32,412.71,629.77,5,961.66,54,0,518.1,1930.25,Salary,2041.58,Utilities,Positive,94.3,Low,0.0,0,2020-08-01,1.360417312892924,0.16638299238896562,0.6198818202254407,0.2751372912234101,0.3088281576158515,1
2020-09-22,1971,4527.09,3459.57,0.12,2571.35,recession,658.0,0.45,633.83,884.1,1,327.58,22,0,175.03,1838.21,Salary,1245.84,Entertainment,Positive,97.5,Low,1067.52,0,2020-09-01,0.7641928921227543,0.05059299277077787,0.5313406001323864,0.19529101475782457,0.09468806817032173,1
2020-10-22,1200,4085.78,3541.49,0.32,2188.42,normal,712.0,0.25,490.75,285.65,2,1061.38,79,0,763.2,2569.37,Salary,1250.68,Entertainment,Negative,41.3,Medium,544.29,0,2020-10-01,0.8667843104621393,0.2155025144783693,0.725505366385335,0.06991321118611378,0.2996987143829293,2
2020-11-21,1793,3333.01,3081.26,0.3,2355.67,normal,640.0,0.44,507.6,447.63,9,608.74,80,0,459.76,1508.47,Salary,515.61,Education,Negative,54.2,Low,251.75,0,2020-11-01,0.9244676733643163,0.149211686128402,0.4895627113583404,0.13430202729664775,0.1975620363098213,1
2020-12-21,1112,4616.28,2470.75,0.31,2572.41,recession,682.0,0.5,738.24,687.53,9,528.83,62,0,591.36,2694.35,Mixed,921.51,Groceries,Positive,90.9,Low,2145.53,0,2020-12-01,0.535225332952074,0.23934432864514824,1.0904988363857129,0.1489359397610197,0.21403622381867857,1
2021-01-20,1972,3254.1,3542.05,0.09,2932.3,inflation,614.0,0.14,341.82,152.04,3,939.15,49,1,654.42,2334.65,Salary,1040.13,Groceries,Negative,24.2,Medium,0.0,0,2021-01-01,1.0884883685197138,0.18475741449160796,0.6591239536426645,0.04672259610952337,0.2651430668680566,2
2021-02-19,1845,2521.06,4569.64,0.38,2527.71,normal,723.0,0.57,520.34,414.0,3,1269.8,38,0,664.34,1979.96,Mixed,1242.13,Insurance,Neutral,32.5,Medium,0.0,0,2021-02-01,1.8125867690574602,0.14538125541618158,0.4332857730587092,0.1642166390327878,0.2778774695599653,2
2021-03-21,1140,4527.17,3254.12,0.27,2388.43,normal,661.0,0.28,728.01,657.83,8,1083.87,26,0,709.98,2444.32,Salary,1572.03,Education,Neutral,57.7,Low,1273.05,0,2021-03-01,0.7187978361758007,0.21817880102762038,0.751146239229039,0.14530711239030122,0.3330762233722174,1
2021-04-20,1972,3981.14,2555.05,0.15,3392.84,normal,659.0,0.6,325.47,802.38,4,29.48,40,0,117.47,3458.21,Salary,1707.07,Education,Positive,14.8,Low,1426.09,0,2021-04-01,0.6417885329327782,0.04597561691552024,1.353480362419522,0.20154528602360128,0.011537934678382027,1
2021-05-20,1755,5234.77,2789.89,0.19,2344.17,normal,686.0,0.57,527.26,697.75,8,1408.05,54,0,43.36,1939.32,Salary,996.99,Dining Out,Neutral,22.4,Low,2444.88,1,2021-05-01,0.532953692330322,0.015541831398370546,0.6951241805232464,0.13329143400760682,0.5046973178153977,1
2021-06-19,1891,4200.93,2412.25,0.27,3061.44,normal,544.0,0.55,1021.44,44.1,3,1969.86,98,0,344.11,2701.03,Salary,770.85,Groceries,Negative,32.1,Low,1788.68,0,2021-06-01,0.5742180898039243,0.142651051922479,1.1197139599958545,0.010497675514707457,0.8166069022696653,1
2021-07-19,1060,4745.85,4025.03,0.14,2402.46,inflation,768.0,0.58,332.26,333.84,2,250.1,40,0,409.04,2012.69,Freelance,1507.37,Groceries,Neutral,34.4,Low,720.82,0,2021-07-01,0.8481157221572532,0.10162408727388367,0.5000434779368104,0.070343563323746,0.06213618283590432,1
2021-08-18,1927,5332.78,3326.59,0.38,2237.31,normal,604.0,0.38,517.24,553.71,6,449.66,92,0,684.91,3058.31,Salary,1024.83,Entertainment,Positive,22.2,Low,2006.19,0,2021-08-01,0.6238003442857197,0.20588951448780882,0.9193528508172032,0.10383139750749142,0.13517145184708665,1
2021-09-17,1440,4377.63,2794.15,0.39,3077.36,normal,692.0,0.29,266.4,736.35,8,82.81,43,0,429.96,1431.11,Salary,1077.81,Transportation,Negative,82.7,Low,1583.48,0,2021-09-01,0.6382791601848489,0.15387863929996598,0.5121808063275056,0.16820745471864915,0.02963691999355797,1
2021-10-17,1380,4416.04,2748.6,0.39,2753.85,inflation,700.0,0.1,361.42,0.0,8,545.98,43,0,143.84,2082.64,Salary,1577.77,Utilities,Positive,46.0,High,1667.44,0,2021-10-01,0.6224128404634016,0.05233209633995489,0.7577093793203813,0.0,0.19863930728370807,3
2021-11-16,1625,4898.97,3303.06,0.18,3391.34,normal,666.0,0.11,766.84,467.32,2,894.36,76,0,500.72,2054.1,Mixed,1475.34,Dining Out,Positive,14.0,Medium,1595.91,0,2021-11-01,0.6742356046270951,0.15159276549623682,0.6218778950427785,0.09539148024993008,0.2707671068645438,2
2021-12-16,1057,4668.63,3140.53,0.19,2274.37,recession,694.0,0.22,553.57,0.0,2,1169.19,23,0,361.98,1982.72,Salary,656.45,Education,Positive,63.2,Medium,1528.1,0,2021-12-01,0.6726877049584139,0.11526079992867445,0.6313329278815996,0.0,0.37229066431462204,2
2022-01-15,1223,4476.38,3222.82,0.4,1749.03,normal,634.0,0.57,672.52,367.22,6,954.26,99,0,526.51,2059.92,Salary,1175.16,Healthcare,Negative,31.8,Low,1253.56,0,2022-01-01,0.7199612186632949,0.163369347341769,0.6391669407537498,0.08203503723991261,0.2960947244959383,1
2022-02-14,1518,4102.03,2703.0,0.27,2097.5,inflation,733.0,0.31,439.8,448.72,5,150.0,23,0,666.59,2983.82,Salary,1080.98,Investments,Negative,97.2,Low,1399.03,0,2022-02-01,0.658942036016314,0.2466111727709952,1.1038919718830928,0.10938974117692948,0.05549389567147614,1
2022-03-16,1613,4500.81,3431.49,0.13,2160.4,inflation,633.0,0.24,448.69,575.98,3,1454.65,27,0,389.36,1312.4,Salary,1051.97,Insurance,Positive,20.9,Low,1069.32,0,2022-03-01,0.7624160984356148,0.11346674476685056,0.3824577661598898,0.12797252050186522,0.42391206152429417,1
2022-04-15,1475,4827.33,2973.87,0.24,2766.82,inflation,705.0,0.3,474.42,682.25,8,1443.89,24,0,486.31,2505.71,Salary,921.62,Entertainment,Positive,76.7,High,1853.46,0,2022-04-01,0.6160486231519287,0.16352765924536042,0.8425754992652672,0.1413307149086555,0.48552559459559436,3
2022-05-15,1992,4478.42,3134.06,0.08,3211.82,normal,720.0,0.43,705.09,200.03,3,134.96,45,0,768.95,1399.35,Salary,1055.83,Insurance,Positive,6.2,Low,1344.36,0,2022-05-01,0.6998137736076563,0.24535267352890502,0.4464975144062334,0.04466530606776497,0.043062353624372225,1
2022-06-14,1980,2832.07,1557.11,0.19,1714.11,inflation,647.0,0.49,395.16,553.13,8,935.26,30,0,385.27,3419.11,Salary,916.87,Education,Positive,55.1,Low,1274.96,0,2022-06-01,0.5498133873809615,0.24742632183981864,2.1958050490973666,0.19530943797293146,0.6006383620938791,1
2022-07-14,1565,4891.76,3210.39,0.28,1825.61,recession,643.0,0.17,608.48,0.0,8,1564.69,99,0,355.87,2069.32,Salary,1728.01,Investments,Positive,33.7,Low,1681.37,0,2022-07-01,0.6562852633816867,0.11084946065742791,0.64456966287585,0.0,0.4873831528256692,1
2022-08-13,1265,1980.37,3628.76,0.2,2585.87,normal,615.0,0.41,549.93,370.39,1,1308.53,76,0,339.73,1931.89,Salary,980.77,Healthcare,Neutral,57.2,Medium,0.0,0,2022-08-01,1.8323646591293548,0.09362151258281065,0.5323829627751628,0.1870307063831506,0.36059976410674716,2
2022-09-12,1749,4545.67,2386.48,0.23,3041.63,normal,729.0,0.29,680.71,403.78,7,704.44,84,0,614.35,2331.66,Salary,1574.01,Entertainment,Positive,40.9,Medium,2159.19,0,2022-09-01,0.5250007149661106,0.2574293520163588,0.9770289296369548,0.08882738958173382,0.29517951124668973,2
2022-10-12,1932,4779.21,3920.42,0.05,3225.64,normal,688.0,0.18,499.08,462.01,3,1125.11,80,0,423.15,1623.55,Salary,1456.12,Insurance,Positive,11.1,Low,858.79,0,2022-10-01,0.8203071218883455,0.10793486412170124,0.4141265476658113,0.09667078868683318,0.28698710852408665,1
2022-11-11,1763,4194.95,2869.99,0.32,3338.56,recession,682.0,0.58,125.12,220.85,1,1045.59,32,0,376.22,1945.68,Freelance,1724.73,Rent,Positive,29.3,Low,1324.96,0,2022-11-01,0.6841535655967294,0.13108756476503405,0.6779396443890049,0.05264663464403628,0.3643183425726222,1
2022-12-11,1857,3849.63,3572.89,0.32,1451.79,normal,706.0,0.12,603.6,601.7,5,887.18,28,0,722.86,1000.0,Mixed,587.13,Dining Out,Negative,62.5,Low,276.74,0,2022-12-01,0.9281125718575551,0.2023180114697066,0.2798854708653219,0.1563007353953497,0.24830879204229628,1
2023-01-10,1378,4781.64,5030.97,0.3,3117.82,normal,715.0,0.11,435.78,81.4,7,690.1,59,0,668.84,2504.07,Salary,1622.36,Healthcare,Neutral,19.5,High,0.0,0,2023-01-01,1.0521431977313223,0.13294454150988774,0.497731053852438,0.01702344802201755,0.13717036674836064,3
2023-02-09,1303,1794.54,2157.26,0.29,2882.37,normal,731.0,0.55,773.54,79.93,9,1547.32,86,0,612.85,2219.94,Salary,2382.05,Utilities,Negative,2.5,Medium,0.0,0,2023-02-01,1.2021242212488996,0.28408722175352064,1.0290553758007843,0.04454066223098956,0.7172617116156605,2
2023-03-11,1114,4230.4,2549.94,0.11,3329.11,normal,663.0,0.34,625.97,296.01,3,1024.14,81,0,353.98,2086.6,Mixed,366.11,Healthcare,Positive,93.2,Medium,1680.46,0,2023-03-01,0.60276569591528,0.13881895260280636,0.8182937637748339,0.06997210665658095,0.40163297959952005,2
2023-04-10,1918,4701.5,2826.46,0.1,2556.09,normal,679.0,0.5,461.47,619.9,7,206.58,97,0,319.16,3140.73,Salary,1850.73,Transportation,Positive,66.6,High,1875.04,0,2023-04-01,0.6011826012974583,0.11291863320195582,1.1111885538801185,0.13185153674359246,0.07308789085994495,3
2023-05-10,1152,4634.02,2889.31,0.39,2527.64,inflation,672.0,0.12,787.72,0.0,9,932.07,47,1,323.31,2075.98,Salary,1264.09,Transportation,Positive,45.0,High,1744.71,0,2023-05-01,0.6234996827808252,0.11189868861423662,0.7185037258030464,0.0,0.3225925913107282,3
2023-06-09,1137,5069.41,3163.55,0.35,2332.08,recession,636.0,0.59,895.85,0.0,9,934.81,81,0,370.07,2682.15,Salary,1185.62,Transportation,Positive,31.0,Low,1905.86,0,2023-06-01,0.6240469798260547,0.1169793428268875,0.8478291792448357,0.0,0.2954939861864045,1
2023-07-09,1137,4923.67,2812.56,0.07,3242.19,normal,689.0,0.59,227.65,431.04,1,722.28,87,0,575.84,1953.72,Salary,1185.89,Rent,Neutral,90.0,Medium,2111.11,0,2023-07-01,0.5712324343426752,0.20473874335125297,0.694641180988139,0.08754445362910188,0.256805188155986,2
2023-08-08,1292,4335.15,2725.2,0.28,2305.0,normal,792.0,0.33,706.76,5.8,2,1044.93,44,0,351.12,2410.97,Salary,1392.54,Utilities,Negative,33.1,Low,1609.95,0,2023-08-01,0.6286287671706862,0.1288419198590929,0.8846947013063261,0.0013379006493431601,0.3834324086305593,1
2023-09-07,1651,3756.91,2873.61,0.24,2982.2,normal,632.0,0.38,459.71,230.33,5,485.76,88,0,196.84,3119.97,Salary,1047.01,Entertainment,Negative,41.2,Low,883.3,0,2023-09-01,0.7648865690154942,0.06849920483294532,1.0857318842849237,0.06130836245744509,0.16904172800066813,1
2023-10-07,1265,3703.98,2988.52,0.15,3138.36,inflation,627.0,0.12,133.25,524.12,6,794.85,59,0,1029.84,2069.51,Mixed,1895.62,Healthcare,Positive,18.1,Medium,715.46,0,2023-10-01,0.8068402097203549,0.3445986642217552,0.6924865819870706,0.1415018439624404,0.26596776999986615,2
2023-11-06,1027,3598.08,2577.2,0.21,3437.93,recession,640.0,0.32,591.18,779.54,5,686.19,48,0,611.64,1729.19,Salary,1202.26,Transportation,Positive,44.3,High,1020.88,0,2023-11-01,0.7162709000355745,0.23732733198820427,0.6709568523979513,0.2166544379224475,0.2662540741890424,3
2019-01-01,1080,4545.36,2532.77,0.34,2466.77,recession,763.0,0.34,457.27,420.3,3,1138.46,60,0,423.1,2366.2,Freelance,1685.28,Groceries,Positive,33.6,Low,2012.59,0,2019-01-01,0.5572209901965961,0.1670503046072087,0.9342340599422766,0.09246792333280533,0.44949205810239384,1
2019-01-31,1581,2892.75,2785.55,0.26,2904.2,normal,687.0,0.35,416.21,728.46,3,701.69,83,0,105.01,2285.0,Freelance,1114.0,Dining Out,Neutral,37.1,Low,107.2,0,2019-01-01,0.9629418373520008,0.0376981206583978,0.8203047872053992,0.25182266009852217,0.2519035738005062,1
2019-03-02,1015,4794.07,2387.72,0.39,2463.0,recession,640.0,0.29,353.47,0.0,6,1127.83,44,0,495.9,2294.82,Freelance,1684.27,Dining Out,Positive,81.4,Low,2406.35,0,2019-03-01,0.49805697455398024,0.20768766857085422,0.9610925904209875,0.0,0.472346003719029,1
2019-04-01,1354,4100.14,2051.32,0.24,3013.49,normal,744.0,0.43,575.77,595.97,4,1053.51,85,0,358.0,1937.24,Mixed,1606.13,Rent,Neutral,13.0,Low,2048.82,0,2019-04-01,0.500304867638666,0.17452177134723007,0.9443870288399664,0.14535357329261928,0.5135766238324591,1
2019-05-01,1799,3614.14,3876.57,0.27,3259.97,recession,648.0,0.2,503.12,797.97,9,967.62,91,0,738.36,1151.84,Salary,952.5,Insurance,Neutral,89.4,Medium,0.0,0,2019-05-01,1.072612018350147,0.19046734613330857,0.2971286472319602,0.22079111489870343,0.24960725589890032,2
2019-05-31,1414,5293.31,2841.84,0.13,3132.23,inflation,650.0,0.15,563.19,0.0,9,1397.58,61,0,330.68,2161.19,Salary,1812.33,Insurance,Positive,47.6,Low,2451.47,0,2019-05-01,0.5368739030965501,0.11636123075190721,0.7604896827407595,0.0,0.4917870112321594,1
2019-06-30,1572,3331.15,2118.51,0.2,2919.34,normal,667.0,0.19,193.92,455.14,2,742.87,85,0,686.7,2517.08,Salary,863.62,Investments,Positive,53.7,Low,1212.64,0,2019-06-01,0.6359695600618406,0.3241429117634564,1.1881369453058988,0.13663149362832655,0.35065682956417477,1
2019-07-30,1422,5941.25,2760.54,0.07,2811.88,normal,686.0,0.35,375.36,175.61,1,941.36,30,0,651.86,2515.65,Salary,726.75,Education,Positive,35.5,High,3180.71,1,2019-07-01,0.4646395960446034,0.23613495910220464,0.9112890956117282,0.02955775299810646,0.3410057452527404,3
2019-08-29,1171,4373.5,3078.52,0.15,2364.9,normal,681.0,0.57,280.56,614.43,2,1583.72,71,0,390.81,2605.64,Salary,1223.07,Entertainment,Positive,83.8,High,1294.98,0,2019-08-01,0.7039030524751343,0.126947364317919,0.8463937216584593,0.14048931062078426,0.5144420045996129,3
2019-09-28,1825,3270.53,3556.06,0.31,2727.97,recession,620.0,0.18,604.15,778.78,4,995.67,50,0,564.55,3401.18,Salary,1478.25,Insurance,Neutral,41.9,High,0.0,0,2019-09-01,1.0873038926412537,0.15875716382738198,0.9564461791983262,0.23812042696443694,0.27999246356923113,3
2019-10-28,1825,4569.73,2998.19,0.17,2844.53,inflation,703.0,0.58,542.89,708.07,2,519.0,34,0,488.43,2242.08,Salary,1127.25,Dining Out,Negative,82.6,Medium,1571.54,0,2019-10-01,0.6560978438551075,0.16290828800042692,0.7478111794115783,0.1549478853236406,0.1731044396786061,2
2019-11-27,1502,4074.98,3802.35,0.37,2054.54,inflation,654.0,0.25,305.42,692.32,1,1243.48,48,0,717.86,3050.1,Freelance,1650.43,Healthcare,Positive,95.4,Medium,272.63,0,2019-11-01,0.9330966041551124,0.18879377227241048,0.8021618209791314,0.16989531236963126,0.327029337120465,2
2019-12-27,1584,4819.38,2130.07,0.08,3172.58,normal,604.0,0.45,563.5,465.6,3,966.55,72,0,793.26,3060.69,Salary,1584.54,Investments,Positive,54.2,High,2689.31,0,2019-12-01,0.44198008872510575,0.3724102963752365,1.4368964400230977,0.09660993737783699,0.4537644302769392,3
2020-01-26,1668,3497.41,4721.74,0.1,2507.54,inflation,650.0,0.21,980.37,531.63,2,1686.95,69,0,745.91,3182.4,Salary,790.89,Insurance,Positive,47.3,Low,0.0,0,2020-01-01,1.3500676214684582,0.1579735436512811,0.6739888261530708,0.15200677072462193,0.3572729544617027,1
2020-02-25,1901,2733.95,2653.62,0.18,3020.08,inflation,677.0,0.58,365.7,725.23,6,657.65,89,0,495.89,1856.22,Freelance,906.49,Groceries,Positive,86.1,Low,80.33,0,2020-02-01,0.9706176045648238,0.18687302628108018,0.6995048273678974,0.26526820168620496,0.2478312644613773,1
2020-03-26,1788,5235.56,3948.58,0.11,2463.44,inflation,706.0,0.42,826.13,471.72,2,981.71,75,0,455.22,2786.8,Salary,1793.05,Healthcare,Positive,98.7,Medium,1286.98,0,2020-03-01,0.7541848436461428,0.11528701457232728,0.7057727081634411,0.09009924439792495,0.24862355580993675,2
2020-04-25,1167,2108.86,2913.53,0.39,2092.26,recession,660.0,0.38,380.34,255.41,5,659.84,40,0,392.67,2158.27,Freelance,1586.08,Entertainment,Positive,86.7,Low,0.0,0,2020-04-01,1.3815663439014445,0.13477465480019082,0.7407749362457224,0.12111282873211118,0.22647441419858386,1
2020-05-25,1532,3578.14,2769.0,0.09,2344.06,recession,591.0,0.56,406.31,0.0,4,622.39,74,0,552.3,2086.62,Salary,1445.13,Dining Out,Positive,76.1,Medium,809.14,0,2020-05-01,0.7738657514798192,0.19945828819068254,0.7535644637053087,0.0,0.22477067533405562,2
2020-06-24,1688,3398.49,3196.16,0.2,3833.5,inflation,698.0,0.37,828.35,126.98,8,1115.66,52,0,378.85,2450.75,Salary,1450.66,Groceries,Negative,19.6,Low,202.33,0,2020-06-01,0.9404647358091388,0.1185328644373248,0.766779510412495,0.03736365268104364,0.3490626251501803,1
2020-07-24,1446,4757.04,4022.08,0.24,2490.21,inflation,601.0,0.53,376.17,90.01,3,977.01,92,0,404.84,1431.37,Salary,1220.86,Rent,Positive,83.4,Medium,734.96,0,2020-07-01,0.8455005633755445,0.10065438777945739,0.35587805314663057,0.018921430133023897,0.24291162781446415,2
2020-08-23,1532,3330.29,3129.31,0.4,3624.04,normal,685.0,0.53,511.23,171.1,3,1175.1,44,0,568.51,2385.59,Freelance,1692.47,Dining Out,Positive,28.8,Medium,200.98,0,2020-08-01,0.9396509012728621,0.18167263709891318,0.7623373842796016,0.051376907116197086,0.37551409096574,2
2020-09-22,1384,5436.27,2985.14,0.36,1934.64,normal,661.0,0.45,438.7,409.32,1,1264.36,93,0,601.31,2246.11,Salary,1588.28,Healthcare,Neutral,83.1,Medium,2451.13,1,2020-09-01,0.5491154780759601,0.20143443858579496,0.7524303717748582,0.07529427346323857,0.42355132422599945,2
2020-10-22,1737,3664.43,3876.58,0.23,3302.16,normal,661.0,0.27,1176.88,0.0,4,9.65,77,0,428.05,2168.28,Salary,1381.6,Insurance,Negative,64.1,High,0.0,0,2020-10-01,1.0578944064970541,0.11041949347104923,0.5593280675234357,0.0,0.0024893075855522136,3
2020-11-21,1118,3863.43,3626.77,0.3,2313.28,normal,589.0,0.22,277.83,249.34,8,1011.75,39,0,381.46,2232.63,Salary,652.34,Education,Positive,46.2,Low,236.66,0,2020-11-01,0.9387435517144093,0.10517898846632126,0.6155973497078668,0.0645385059390231,0.2789672353085528,1
2020-12-21,1946,2254.13,1827.98,0.13,2391.37,recession,735.0,0.25,642.43,308.36,2,598.24,63,0,428.13,3063.51,Salary,1955.03,Rent,Positive,75.3,High,426.15,0,2020-12-01,0.810947017252776,0.2342093458352936,1.675899079858642,0.13679778894739877,0.3272683508572304,3
2021-01-20,1689,4273.24,2288.66,0.34,1659.19,inflation,700.0,0.3,163.0,521.28,8,480.48,83,0,618.15,1555.72,Salary,1520.62,Investments,Neutral,94.9,Low,1984.58,1,2021-01-01,0.5355795602400052,0.270092543234906,0.6797514702926604,0.12198706368001797,0.20993944054599636,1
2021-02-19,1363,4823.73,2477.5,0.11,2673.76,normal,698.0,0.25,326.84,378.41,1,1665.82,51,0,418.02,3054.5,Salary,1778.03,Dining Out,Neutral,86.4,Low,2346.23,0,2021-02-01,0.5136066902583686,0.1687265388496468,1.232896064581231,0.07844759138674844,0.6723794147325933,1
2021-03-21,1443,4861.04,4084.19,0.24,2800.26,normal,578.0,0.17,471.2,645.87,7,1675.17,61,0,977.44,1453.88,Salary,1457.29,Education,Positive,30.4,Medium,776.85,0,2021-03-01,0.840188519329197,0.2393228522669122,0.355977562258367,0.13286662936326382,0.4101596644622312,2
2021-04-20,1010,5648.44,2333.81,0.34,3674.57,normal,641.0,0.47,121.07,262.16,2,1290.21,60,0,499.09,1602.6,Salary,1918.23,Investments,Positive,33.6,High,3314.63,0,2021-04-01,0.41317779776363034,0.21385202737155123,0.6866882908205895,0.04641281486569744,0.5528342067263402,3
2021-05-20,1134,3965.94,3729.55,0.24,2727.19,normal,811.0,0.19,551.28,614.36,9,748.35,24,0,500.59,2381.94,Freelance,382.8,Dining Out,Positive,90.9,High,236.39,0,2021-05-01,0.9403949631108892,0.1342226273947259,0.6386668632944993,0.15490905056556578,0.2006542344250647,3
2021-06-19,1340,3678.87,4179.37,0.13,3457.13,recession,712.0,0.31,1008.01,407.02,3,904.63,68,0,716.07,2044.41,Salary,1088.68,Groceries,Positive,81.5,Medium,0.0,0,2021-06-01,1.1360472101487684,0.1713344355728256,0.4891670275663557,0.11063723371578772,0.21645128332739144,2
2021-07-19,1156,4750.44,3312.93,0.4,2444.19,normal,781.0,0.52,40.45,388.44,6,1143.81,41,0,497.51,2500.25,Salary,1719.79,Transportation,Positive,62.1,Low,1437.51,0,2021-07-01,0.6973943466289438,0.15017220406105775,0.754694484942332,0.08176926768888777,0.3452563138973658,1
2021-08-18,1495,3791.23,2182.44,0.1,2468.39,normal,620.0,0.4,407.04,331.81,6,263.94,82,0,810.9,2354.17,Freelance,1349.77,Healthcare,Positive,87.9,Medium,1608.79,0,2021-08-01,0.5756548666263983,0.37155660636718535,1.0786871574934478,0.08752040894379924,0.1209380326606917,2
2021-09-17,1863,4481.62,4257.87,0.18,3410.0,normal,718.0,0.18,253.33,226.09,3,270.58,63,0,706.62,2023.32,Mixed,1209.92,Insurance,Positive,47.4,Medium,223.75,0,2021-09-01,0.9500738572212727,0.16595621754539241,0.4751953441509487,0.050448275400413245,0.06354820602789657,2
2021-10-17,1026,5545.12,2705.48,0.24,3874.76,normal,722.0,0.15,502.38,476.52,9,1544.95,91,0,265.47,3119.43,Salary,1202.94,Groceries,Positive,86.1,Medium,2839.64,0,2021-10-01,0.48790287676371297,0.09812306873456837,1.153004272809261,0.0859350203422108,0.5710446944719606,2
2021-11-16,1552,4110.99,2114.38,0.15,2782.81,recession,724.0,0.23,617.89,535.01,5,1655.32,80,0,199.98,1375.04,Freelance,875.99,Utilities,Positive,34.9,Medium,1996.61,0,2021-11-01,0.5143238003497942,0.09458091733747008,0.6503277556541397,0.13014140146290798,0.7828867091062155,2
2021-12-16,1003,4757.29,3222.0,0.22,2479.19,normal,703.0,0.45,505.99,474.38,4,1480.14,69,0,667.41,2888.12,Salary,1714.23,Transportation,Neutral,76.4,Medium,1535.29,0,2021-12-01,0.6772763485093404,0.2071415270018622,0.896374922408442,0.09971643519734975,0.4593854748603352,2
2022-01-15,1393,3988.51,2911.85,0.18,3015.69,recession,759.0,0.47,449.98,83.17,3,445.1,31,0,309.24,2575.14,Salary,765.94,Insurance,Neutral,7.8,High,1076.66,0,2022-01-01,0.7300595961900559,0.10620052543915381,0.8843656094922472,0.020852398514733573,0.1528581485996875,3
2022-02-14,1859,5569.24,4227.33,0.3,1420.07,normal,711.0,0.45,383.95,261.48,7,1218.68,56,0,704.9,2117.77,Salary,1354.42,Groceries,Negative,1.0,Medium,1341.91,0,2022-02-01,0.7590497087573889,0.16674827846418425,0.5009710621124918,0.046950750910357615,0.2882859866629764,2
2022-03-16,1370,4280.45,3611.48,0.23,3033.93,normal,621.0,0.24,257.52,748.77,3,1326.04,86,0,109.94,3438.13,Salary,1518.92,Insurance,Neutral,31.2,High,668.97,0,2022-03-01,0.8437150299618031,0.03044181332860766,0.9520002879705827,0.17492786973332244,0.367173568730825,3
2022-04-15,1017,4381.37,3842.65,0.08,2397.67,normal,619.0,0.59,492.76,570.7,8,829.1,53,0,319.05,1804.62,Salary,860.31,Education,Positive,67.8,Medium,538.72,0,2022-04-01,0.877043025355083,0.08302863909021119,0.4696290320481959,0.1302560614602282,0.2157625596918793,2
2022-05-15,1737,685.28,3747.72,0.39,1872.0,inflation,647.0,0.34,581.47,603.27,1,1113.07,22,0,283.97,1198.89,Salary,1472.97,Education,Negative,97.0,High,0.0,0,2022-05-01,5.468888629465328,0.07577140234595969,0.3198984982869585,0.8803262899836564,0.2969992422059279,3
2022-06-14,1422,3784.62,2236.96,0.31,2850.61,inflation,762.0,0.33,768.76,291.93,8,1328.51,25,0,721.39,2739.56,Freelance,782.44,Utilities,Negative,88.3,Low,1547.66,0,2022-06-01,0.5910659458545376,0.3224867677562406,1.2246799227523066,0.07713588154160789,0.5938908161075745,1
2022-07-14,1047,3530.64,2391.78,0.39,3044.65,recession,706.0,0.17,278.87,154.1,8,1476.66,30,0,557.45,1014.29,Salary,803.78,Entertainment,Positive,10.8,Medium,1138.86,0,2022-07-01,0.6774352525321189,0.23306909498365233,0.42407328433217095,0.0436464776924297,0.6173895592403984,2
2022-08-13,1505,4102.74,2539.84,0.27,2763.23,recession,655.0,0.54,354.77,124.01,2,901.13,84,0,891.01,2263.92,Salary,1139.67,Entertainment,Positive,30.3,Medium,1562.9,0,2022-08-01,0.6190594578257458,0.3508134370669018,0.8913632354794002,0.030226141554180866,0.35479794002771825,2
2022-09-12,1065,3443.28,4650.25,0.26,2628.64,recession,718.0,0.49,235.5,424.02,1,1179.87,46,0,545.94,2720.59,Salary,1157.9,Investments,Neutral,31.6,Low,0.0,0,2022-09-01,1.3505291466276341,0.11740013977743133,0.5850416644266437,0.12314421133337979,0.2537218429116714,1
2022-10-12,1421,4415.51,2821.05,0.22,3232.88,inflation,685.0,0.55,468.13,0.0,5,1482.55,33,0,531.76,2225.26,Salary,1530.83,Utilities,Positive,17.4,Medium,1594.46,0,2022-10-01,0.6388956202114818,0.1884971907623048,0.7888055865723755,0.0,0.5255312738164867,2
2022-11-11,1744,4106.89,2535.23,0.31,2805.5,normal,639.0,0.26,554.53,712.04,7,628.71,36,0,298.07,2327.02,Salary,1249.31,Transportation,Negative,18.9,Medium,1571.66,0,2022-11-01,0.6173113962146539,0.1175711868351195,0.9178733290470686,0.17337693485825037,0.2479893343010299,2
2022-12-11,1030,4067.94,3821.36,0.34,2963.75,inflation,679.0,0.36,709.64,43.22,8,1087.31,78,0,65.61,2868.43,Freelance,1054.49,Groceries,Negative,38.9,Low,246.58,0,2022-12-01,0.9393845533611607,0.0171692800468943,0.7506306655222224,0.010624542151555824,0.2845348252977997,1
2023-01-10,1044,4501.42,2668.71,0.29,2276.92,recession,716.0,0.25,707.37,221.72,6,1765.13,67,0,525.57,2174.65,Mixed,934.37,Utilities,Negative,11.9,Medium,1832.71,0,2023-01-01,0.5928595865304727,0.196937846375215,0.8148693563556925,0.04925556824291001,0.6614169392702842,2
2023-02-09,1046,5713.73,2937.3,0.1,2445.77,inflation,571.0,0.43,425.91,537.91,7,899.39,44,0,178.65,1000.0,Salary,2037.21,Investments,Positive,89.0,Medium,2776.43,1,2023-02-01,0.5140774940362951,0.060821162291900724,0.3404487114016273,0.09414340544617965,0.3061961665475096,2
2023-03-11,1113,3595.8,4349.94,0.15,2894.59,inflation,649.0,0.47,453.89,487.09,7,1012.64,45,0,483.73,1739.46,Salary,1642.4,Utilities,Positive,28.9,Low,0.0,0,2023-03-01,1.2097280160186883,0.11120383269654295,0.39988137767417486,0.13546081539573945,0.23279401554963977,1
2023-04-10,1273,4235.87,1885.1,0.26,3360.81,normal,652.0,0.5,928.93,503.43,9,1438.58,32,1,795.01,2898.36,Salary,1095.78,Groceries,Neutral,53.5,Low,2350.77,0,2023-04-01,0.4450325434916558,0.42173359503474617,1.5375099464219406,0.1188492564691551,0.7631319293406186,1
2023-05-10,1949,4199.27,1629.0,0.32,2548.16,inflation,765.0,0.34,681.69,0.0,6,1189.41,53,0,909.8,1946.65,Salary,1004.45,Education,Negative,51.2,Low,2570.27,1,2023-05-01,0.3879245678415534,0.5585021485573971,1.1949969306322898,0.0,0.7301473296500921,1
2023-06-09,1967,4158.12,4342.91,0.13,2856.85,normal,722.0,0.55,412.76,383.22,3,1623.24,20,0,576.14,1125.19,Salary,839.25,Healthcare,Positive,9.6,Low,0.0,0,2023-06-01,1.0444407568805134,0.13266220115084126,0.2590866492743345,0.09216184237107156,0.37376781927325226,1
2023-07-09,1822,3254.55,3992.02,0.17,2675.77,normal,704.0,0.3,285.16,597.74,9,466.11,81,0,408.23,2088.32,Mixed,2079.99,Healthcare,Positive,43.2,Low,0.0,0,2023-07-01,1.226596610898588,0.10226151171587317,0.5231236316451321,0.18366287197922906,0.11676043707195856,1
2023-08-08,1907,2752.78,5685.18,0.26,2682.99,recession,697.0,0.12,417.06,587.44,7,807.86,21,0,167.78,2445.34,Salary,832.95,Entertainment,Neutral,46.0,Low,0.0,0,2023-08-01,2.0652504014123902,0.029511818447261123,0.4301253434367953,0.21339881864878416,0.14209928269641417,1
2023-09-07,1464,3691.1,3228.05,0.12,3893.53,normal,626.0,0.12,621.01,286.47,6,780.17,34,0,275.53,3231.56,Salary,790.68,Utilities,Neutral,40.7,Medium,463.05,0,2023-09-01,0.8745495922624692,0.08535493564226079,1.0010873437524201,0.07761101026794182,0.24168460835488914,2
2023-10-07,1346,3133.24,4335.72,0.08,2854.72,inflation,628.0,0.42,650.23,966.6,2,712.12,92,0,373.85,2305.14,Salary,903.82,Utilities,Positive,57.1,Low,0.0,0,2023-10-01,1.3837816445596254,0.08622558652311496,0.531662561235504,0.30849855102066875,0.16424492356517487,1
2023-11-06,1140,4090.06,3546.83,0.23,2365.61,normal,655.0,0.46,117.15,0.0,5,902.69,78,0,695.36,3142.37,Salary,316.24,Entertainment,Positive,54.8,Low,543.23,0,2023-11-01,0.8671828775127993,0.1960511217058613,0.8859657778918076,0.0,0.25450613646551995,1
