user_id,observations,avg_income,avg_expense,avg_savings_rate,avg_actual_savings,goal_met_rate,avg_debt_to_income,avg_loan_payment,avg_investment_rate,avg_emergency_fund_months,avg_discretionary_share,avg_expense_to_income,high_stress_rate,cluster,savings_segment
1000,3,3096.1733333333336,3068.98,0.29,474.9433333333333,0.0,0.4366666666666667,680.4966666666666,0.16653465844415444,0.5107222756705804,0.17050842044740008,0.9878441700907467,0.0,0,Cash-flow stretched
1001,3,4395.843333333333,2624.2166666666667,0.14666666666666667,1771.6266666666668,0.0,0.33,746.9933333333333,0.039268636657411336,0.3269938140199431,0.19046809709229515,0.5835716352028185,0.0,2,Resilient investors
1002,1,4712.63,2307.9,0.2,2404.73,0.0,0.22,184.54,0.1284229824959736,0.571484899692361,0.1995277091728411,0.4897265433526502,0.0,2,Resilient investors
1003,4,4282.0525,3140.0275,0.225,1163.6225,0.25,0.39,725.9575,0.08321596341040693,0.3264682227775756,0.17599662630824447,0.7543632371093757,0.25,3,Debt-pressure spenders
1004,1,3563.08,3533.87,0.08,29.21,0.0,0.13,577.78,0.18017838499275907,0.0,0.059965420346532274,0.991802036440383,0.0,0,Cash-flow stretched
1005,3,5130.42,3105.9166666666665,0.16,2024.5033333333333,0.3333333333333333,0.31,500.51000000000005,0.05220801655233389,0.24346471883993345,0.23698848254770685,0.6181334480320639,0.0,1,Goal-focused savers
1006,1,4101.85,2935.32,0.38,1166.53,0.0,0.11,176.22,0.1585528481051233,0.32364444081054194,0.0795381764168813,0.7156088106586053,0.0,2,Resilient investors
1007,1,4370.16,1178.52,0.14,3191.64,1.0,0.32,657.92,0.06961987661778973,1.4339001459457625,0.42174082747853237,0.26967433686638476,0.0,1,Goal-focused savers
1009,5,3840.8239999999996,2988.5860000000002,0.246,852.238,0.0,0.358,522.366,0.1504389568391528,0.27234495047498186,0.13500000262948886,0.7893120991232963,0.2,3,Debt-pressure spenders
1010,2,4572.405,3098.825,0.265,1657.315,0.0,0.36,428.655,0.05876900521283196,0.3356509225689343,0.14162983164925236,0.7591391152490762,0.5,3,Debt-pressure spenders
1011,1,3419.44,4156.88,0.06,0.0,0.0,0.36,626.2,0.0,0.29159369527145357,0.13945314755297242,1.2156610439136233,0.0,0,Cash-flow stretched
1012,1,5047.92,2324.62,0.05,2723.3,1.0,0.43,130.35,0.09838309640406345,0.29874129965327667,0.1916829417281104,0.46051046767777615,0.0,1,Goal-focused savers
1013,3,3742.5166666666664,2656.68,0.15,1085.8366666666668,0.0,0.24333333333333332,580.9233333333333,0.1544951810764059,0.35982979582405994,0.21302698829081942,0.739699448155997,0.0,2,Resilient investors
1014,2,3990.92,2951.3199999999997,0.36,1039.6000000000001,0.0,0.25,431.56499999999994,0.09494385248094589,0.5003005329882251,0.221097575591778,0.7935886045010477,0.0,2,Resilient investors
1015,2,4868.905,2545.2299999999996,0.315,2323.675,0.0,0.32499999999999996,357.12,0.05214978943067394,0.40686829626445176,0.17341027426855535,0.5223782184521732,0.5,2,Resilient investors
1016,2,4064.115,2737.32,0.11,1326.795,0.0,0.30000000000000004,515.1800000000001,0.13309598693425112,0.4651451921034981,0.26135444698331445,0.6721599957568303,0.0,2,Resilient investors
1017,5,3348.7160000000003,2626.716,0.13799999999999998,722.0,0.0,0.312,564.606,0.13633596072707882,0.5327434647781428,0.19979334564086676,0.7785259739364865,0.4,2,Resilient investors
1018,4,3879.9025,3533.6525,0.365,881.71,0.25,0.3675,798.68,0.0834895803858551,0.3705717847878443,0.14581653694739277,1.009078420465223,0.5,3,Debt-pressure spenders
1019,2,5506.775,2686.575,0.29000000000000004,2820.2,0.5,0.47500000000000003,528.2049999999999,0.07519447921069052,0.5105326213223953,0.15974673983048096,0.476110830210818,0.0,1,Goal-focused savers
1020,5,4475.9800000000005,3594.4660000000003,0.29,881.5139999999999,0.0,0.284,535.9680000000001,0.11340787815603268,0.3785841459374699,0.14838290230323525,0.7962329854045305,0.6,3,Debt-pressure spenders
1021,2,3515.38,2355.85,0.1,1159.53,0.0,0.47,326.275,0.11396680140358381,0.28890979535362765,0.12192220849326359,0.6686153991331998,0.0,3,Debt-pressure spenders
1023,9,4292.533333333334,3188.981111111111,0.21444444444444447,1172.4444444444443,0.0,0.25555555555555554,492.30555555555554,0.07009279056751111,0.38448728284331846,0.15286605740656733,0.7849895972223728,0.2222222222222222,3,Debt-pressure spenders
1024,3,3599.4533333333334,3147.463333333333,0.14333333333333334,457.01,0.0,0.23666666666666666,447.41,0.0850371326712442,0.336665953411966,0.07634079063346498,0.8841860246827501,0.3333333333333333,3,Debt-pressure spenders
1025,3,3751.5633333333335,2920.2666666666664,0.25333333333333335,998.4866666666667,0.0,0.4266666666666667,595.76,0.0752962446737037,0.4171112390628311,0.19271180049265182,0.8064163210377663,0.0,3,Debt-pressure spenders
1026,2,5031.375,2699.99,0.22,2331.385,0.0,0.37,627.23,0.10857270581572437,0.3019279883567819,0.1753910945825375,0.5421719655166595,0.0,2,Resilient investors
1027,4,3309.585,2652.8999999999996,0.20500000000000002,665.7925,0.0,0.45,494.28999999999996,0.19847979628665843,0.4265280538748979,0.1958838579857715,0.8052065081282039,0.5,0,Cash-flow stretched
1028,2,2621.995,1637.105,0.33999999999999997,984.8900000000001,0.0,0.275,521.53,0.08840892840030923,0.8909053779036702,0.2426815830019369,0.6583511002847504,0.5,2,Resilient investors
1029,4,4810.2875,3229.3050000000003,0.1725,1810.98,0.5,0.305,532.9449999999999,0.0901644612349571,0.3291923914510787,0.1312285554961795,0.7840655300610727,0.0,1,Goal-focused savers
1030,2,3486.705,3943.545,0.365,123.29,0.0,0.32999999999999996,589.61,0.056854706550933394,0.19091673269720605,0.06827994689330816,1.1693604887082385,0.0,0,Cash-flow stretched
1031,4,3953.245,3141.0375,0.2025,1156.2775000000001,0.0,0.465,399.3025,0.10349347946739058,0.4737435261806249,0.14100780990809292,0.8359097714473425,0.5,3,Debt-pressure spenders
1032,2,2833.03,2409.785,0.175,598.555,0.0,0.5,531.465,0.1412520711924164,0.6895458699882415,0.07929238156558108,0.8504124347515745,0.5,0,Cash-flow stretched
1033,1,4326.45,4967.23,0.3,0.0,0.0,0.13,353.56,0.09348310970888372,0.21988714031764184,0.16482425818816526,1.148107570872193,0.0,0,Cash-flow stretched
1034,3,4020.6166666666663,2864.1133333333332,0.22666666666666666,1156.5033333333333,0.0,0.3066666666666667,375.85999999999996,0.09125030457407206,0.32689017310451035,0.17450912724435227,0.717141362300195,0.0,3,Debt-pressure spenders
1035,4,3621.3,3320.215,0.26,828.21,0.0,0.3725,271.59000000000003,0.12075050566768653,0.2515686238455018,0.12448022539714135,1.0621799184650742,0.0,3,Debt-pressure spenders
1036,3,4703.826666666667,1920.3566666666666,0.12333333333333334,2783.47,0.3333333333333333,0.29333333333333333,609.9266666666666,0.10471755290635576,0.5143757279435207,0.16152455618978045,0.4140165145465569,0.0,1,Goal-focused savers
1037,6,3855.5516666666663,2936.4149999999995,0.25333333333333335,990.5116666666667,0.0,0.44,405.6466666666667,0.08634627528813359,0.3507615526301164,0.18226409400825874,0.7897418699126934,0.6666666666666666,3,Debt-pressure spenders
1038,3,3426.92,3010.16,0.18333333333333335,598.3933333333333,0.0,0.2966666666666667,699.4866666666667,0.06875689892152752,0.27723519340161085,0.12831887989965554,0.8946550003183479,0.0,3,Debt-pressure spenders
1039,2,4516.375,3109.9,0.19,1406.475,0.0,0.45499999999999996,417.70500000000004,0.04232363916159049,0.33317014388596145,0.2160875592545038,0.6831708185730582,0.5,3,Debt-pressure spenders
1040,3,3526.153333333333,2955.7666666666664,0.26666666666666666,1179.5733333333333,0.0,0.17,621.9033333333333,0.14793098911328006,0.23234001102244228,0.24063709937891672,0.9241733724813042,0.3333333333333333,0,Cash-flow stretched
1041,2,3760.4700000000003,3283.1549999999997,0.145,477.31500000000005,0.0,0.34500000000000003,443.635,0.11564862280207039,0.11360240334447147,0.21477982291693065,0.8740119022487203,0.0,3,Debt-pressure spenders
1042,4,4587.8175,3734.5625,0.2575,853.255,0.0,0.3675,513.9675,0.09612984490402553,0.29819611252889683,0.14638338915193916,0.829096968275562,0.0,3,Debt-pressure spenders
1043,4,3827.9825,2944.205,0.1775,883.7775,0.0,0.33499999999999996,530.7774999999999,0.07089676770957289,0.4125573303013619,0.20313589106228114,0.7646473565043779,0.5,3,Debt-pressure spenders
1044,5,3334.6800000000003,2443.826,0.2,908.458,0.0,0.388,596.792,0.13688874998384956,0.4786252664203133,0.23421934932965455,0.753692636819414,0.4,2,Resilient investors
1045,7,4227.284285714286,3342.21,0.21,959.9614285714285,0.0,0.26857142857142857,432.0142857142857,0.10008668743801695,0.3070321659808785,0.1721571650233121,0.82360325297004,0.2857142857142857,3,Debt-pressure spenders
1046,3,4993.793333333334,3111.9733333333334,0.13,1881.82,0.3333333333333333,0.4666666666666666,459.9533333333333,0.0674203812741969,0.12747543922099658,0.10135538380419273,0.629190810641579,0.0,3,Debt-pressure spenders
1047,8,3869.05625,2864.03,0.24375,1163.63625,0.125,0.31,454.645,0.09491311242880104,0.3827415665095222,0.2036740921661993,0.7629722724828937,0.0,2,Resilient investors
1048,5,4367.389999999999,2706.978,0.23199999999999998,1660.4119999999998,0.2,0.36,597.11,0.09224034259055489,0.3219287112804707,0.2069024223895381,0.6212348544328841,0.0,2,Resilient investors
1050,5,3477.744,3123.864,0.22999999999999998,983.426,0.2,0.32399999999999995,625.042,0.14865013127771737,0.41347869712413293,0.18380698745252544,1.1676015057177693,0.0,0,Cash-flow stretched
1051,1,5818.42,3482.83,0.17,2335.59,0.0,0.25,438.88,0.16787890870717478,0.2340711432943899,0.08945598837726791,0.5985869015987157,0.0,3,Debt-pressure spenders
1052,2,3393.545,3280.24,0.195,743.625,0.0,0.36,387.515,0.21101578121687015,0.27292562059928954,0.0979733908112339,1.092890541628812,0.5,0,Cash-flow stretched
1053,3,3787.0033333333336,3130.876666666667,0.22,656.1266666666667,0.0,0.31666666666666665,407.7633333333333,0.11197466773921251,0.3508474246277407,0.12741508450775754,0.8426020692978944,0.0,3,Debt-pressure spenders
1054,1,4581.38,3670.36,0.21,911.02,0.0,0.6,398.27,0.2285730500416905,0.2257135539838054,0.13914166457786156,0.8011472525745518,0.0,3,Debt-pressure spenders
1055,3,4865.106666666667,3586.9466666666667,0.2233333333333333,1278.16,0.3333333333333333,0.3833333333333333,314.20666666666665,0.09222911415141662,0.4074244521275743,0.16831059912399457,0.7499855026460865,0.0,3,Debt-pressure spenders
1056,1,3301.09,1601.81,0.26,1699.28,0.0,0.3,575.11,0.2271370971406414,1.0251527958996385,0.4957079803472322,0.48523669454634677,1.0,2,Resilient investors
1057,5,4397.201999999999,2972.374,0.168,1424.828,0.0,0.25,371.25,0.04717187768955847,0.3327095454796493,0.18640875064448842,0.6770142764228803,0.2,3,Debt-pressure spenders
1058,5,3778.38,3085.452,0.25,784.3720000000001,0.0,0.33399999999999996,429.142,0.12117806111635339,0.2980227020678019,0.1823535958324282,0.8475744400683759,0.6,3,Debt-pressure spenders
1059,4,3925.5924999999997,2917.5,0.2175,1082.38,0.0,0.3525,522.995,0.07206468685146962,0.2502974626052703,0.22998569549631973,0.7494853816760246,0.0,3,Debt-pressure spenders
1060,5,4265.992,3612.8120000000004,0.146,818.688,0.0,0.446,433.62399999999997,0.10546403377128637,0.17413533947024354,0.1584084204737498,0.8753866937592608,0.0,3,Debt-pressure spenders
1061,3,4512.82,3168.373333333333,0.15333333333333332,1344.4466666666667,0.0,0.3833333333333333,617.89,0.09031654261321038,0.4010339664887261,0.1995065888076963,0.7063814306584865,0.0,3,Debt-pressure spenders
1063,2,4454.875,4235.015,0.17,219.86,0.0,0.34,203.63,0.15692602206079617,0.29681224506197235,0.1172609740860111,0.9498828788144111,0.0,3,Debt-pressure spenders
1064,2,3464.25,3842.575,0.2,0.0,0.0,0.30000000000000004,521.43,0.15078891866462552,0.2900281248415618,0.14753691896392795,1.1081229240646513,0.0,0,Cash-flow stretched
1065,5,3954.916,2642.988,0.21200000000000002,1553.3220000000001,0.2,0.32999999999999996,537.182,0.10935826701670825,0.41814768902781596,0.21850067503618958,0.6878596623113693,0.0,2,Resilient investors
1066,2,3935.895,2857.3100000000004,0.08499999999999999,1078.585,0.0,0.28,629.14,0.06740878063642433,0.2871391235049017,0.12001137069085673,0.7273102261739417,0.5,3,Debt-pressure spenders
1067,1,4554.87,2478.1,0.21,2076.77,0.0,0.28,287.51,0.033315989259847155,0.3546103869900327,0.13813001896614344,0.544055044381069,0.0,2,Resilient investors
1068,2,4015.825,4253.2,0.29500000000000004,253.14,0.0,0.23500000000000001,379.21,0.09193329380722376,0.33656289146327145,0.1650100734227874,1.1994331756445442,0.0,0,Cash-flow stretched
1069,1,3730.53,4765.88,0.14,0.0,0.0,0.18,717.12,0.15843325211163023,0.13871729879896263,0.19388234701671045,1.2775342913741479,0.0,0,Cash-flow stretched
1070,2,5449.155000000001,2431.69,0.26,3017.465,0.0,0.305,445.37,0.021699295084560054,0.33468581414594867,0.2744638104152862,0.4389078820579184,0.0,1,Goal-focused savers
1071,2,4150.08,2802.425,0.205,1347.6550000000002,0.0,0.26,497.105,0.08004200721428245,0.49923229829876004,0.17303199498801491,0.6631757466250312,0.0,2,Resilient investors
1072,3,3993.806666666667,3402.6866666666665,0.17,591.12,0.0,0.36333333333333334,236.78333333333333,0.09548332355256123,0.24850516652878427,0.14008895704846272,0.8543009835565015,0.0,3,Debt-pressure spenders
1073,1,3525.79,2509.28,0.38,1016.51,0.0,0.26,789.92,0.18347661091556786,0.14485430083529938,0.26034559714340366,0.7116929822819851,0.0,2,Resilient investors
1074,5,4068.9739999999997,3103.156,0.21800000000000003,1042.6119999999999,0.0,0.296,648.838,0.042060242475047915,0.31862427197055754,0.1602101347302153,0.7786826514062727,0.0,3,Debt-pressure spenders
1075,7,3766.164285714286,3096.797142857143,0.21857142857142858,934.7985714285714,0.0,0.3485714285714286,583.9728571428572,0.10686986375386028,0.40625537894189356,0.13410942279705887,0.8749553397442373,0.14285714285714285,3,Debt-pressure spenders
1076,4,3988.095,3023.35,0.18,1344.07,0.25,0.4075,511.6375,0.11331547328212943,0.3654287731831962,0.1700490954173871,0.879623995973531,0.0,3,Debt-pressure spenders
1077,5,4148.886,3135.5559999999996,0.2,1248.678,0.0,0.256,618.202,0.14272606201268256,0.36297365862802805,0.09953634418603205,0.8382783809388817,0.2,3,Debt-pressure spenders
1078,2,4782.54,4237.4400000000005,0.2,955.13,0.0,0.205,386.33000000000004,0.12813758302487416,0.23053366435271117,0.1532827151536641,0.935138611525417,0.5,3,Debt-pressure spenders
1079,4,3713.48,2261.3125,0.195,1452.1675,0.0,0.53,535.8175,0.1162523097903746,0.6560509705364084,0.23663007077733736,0.6066914454564057,0.0,2,Resilient investors
1080,2,2831.8999999999996,3086.3599999999997,0.2,1006.295,0.0,0.29500000000000004,595.04,0.171430664216383,0.29413571847000763,0.1827092070296308,1.9058546923730733,0.0,0,Cash-flow stretched
1081,2,5067.92,2755.41,0.07500000000000001,2312.51,0.5,0.165,436.21000000000004,0.07578016157546885,0.6194302359114041,0.20792907996627158,0.5593821532619984,0.5,1,Goal-focused savers
1082,4,3968.0924999999997,2306.365,0.3125,1691.1525,0.25,0.31000000000000005,521.3924999999999,0.08291091274892007,0.4059303553860931,0.20844582009491894,0.6364496897019094,0.25,2,Resilient investors
1083,4,4537.5725,3363.2375,0.285,1174.335,0.0,0.3775,490.8975,0.0939184355890876,0.32451583432482456,0.14938723816309557,0.7535418431249434,0.5,3,Debt-pressure spenders
1084,2,3926.73,2772.765,0.14,1153.965,0.0,0.33999999999999997,363.015,0.15561579649131785,0.24806852006625785,0.12484226838349466,0.7009161592547543,0.5,3,Debt-pressure spenders
1085,2,2002.2800000000002,2539.485,0.115,0.0,0.0,0.27,432.605,0.08032240743050495,0.2514005066696174,0.22069467250319152,1.3397180095497894,0.0,0,Cash-flow stretched
1086,1,4365.03,2724.51,0.29,1640.52,0.0,0.16,463.51,0.07115415014329798,0.24625345474966137,0.1894175466414144,0.624167531494629,0.0,2,Resilient investors
1087,4,4342.6075,2767.6675,0.2475,1574.94,0.0,0.2375,410.23,0.10705238795571603,0.3939200885215426,0.2213491817430726,0.6592887131627948,0.5,2,Resilient investors
1088,1,5067.08,3680.16,0.09,1386.92,0.0,0.51,450.41,0.03273877657349006,0.1058622451197774,0.12259249597843573,0.726288118600851,0.0,3,Debt-pressure spenders
1089,1,3070.6,1927.12,0.34,1143.48,0.0,0.38,734.5,0.0,0.6194736186641205,0.3506579766698493,0.6276037256562236,0.0,2,Resilient investors
1090,1,4952.95,2009.89,0.34,2943.06,1.0,0.5,719.05,0.011692021926326734,0.7281692032897322,0.18843319783669754,0.40579654549309,1.0,1,Goal-focused savers
1091,3,4160.256666666667,2568.0533333333333,0.12333333333333334,1592.2033333333336,0.3333333333333333,0.48666666666666664,538.3733333333333,0.14182719412221712,0.6123245301358863,0.2248810984597245,0.6976549639784094,0.0,2,Resilient investors
1092,2,3991.48,2956.645,0.265,1034.835,0.0,0.35,612.175,0.08061712727727449,0.2035685736941287,0.22953136415398978,0.7410187427908508,1.0,3,Debt-pressure spenders
1094,3,3655.4366666666665,2001.9433333333334,0.25666666666666665,1653.4933333333336,0.0,0.49666666666666665,584.5133333333333,0.10443098851793679,0.372433852847965,0.18456363286554686,0.533269438318908,0.6666666666666666,2,Resilient investors
1095,4,4243.905,2916.245,0.235,1327.6599999999999,0.25,0.4,569.9275,0.07152580097912435,0.4888821565419826,0.13621126731762856,0.7214070888809229,0.5,3,Debt-pressure spenders
1096,1,3667.15,2130.24,0.25,1536.91,0.0,0.27,173.04,0.1079912193392689,0.33894302989334535,0.3318827925491964,0.5808979725399833,1.0,2,Resilient investors
1097,7,3503.4185714285713,2787.425714285714,0.20285714285714285,942.4142857142857,0.0,0.3757142857142857,517.1757142857143,0.16509813903365592,0.28700116584536195,0.1560591905322616,0.8723566947590405,0.42857142857142855,0,Cash-flow stretched
1098,4,4076.6125,2983.5975,0.1375,1107.7575,0.0,0.3825,529.405,0.08517441901801154,0.17337995155974634,0.17539290909693905,0.7473476914146575,0.25,3,Debt-pressure spenders
1099,2,3287.585,3456.1949999999997,0.14,113.825,0.0,0.24,591.51,0.13978823524778736,0.24035300853275735,0.18191394865690483,1.046239535835829,0.5,0,Cash-flow stretched
1100,3,3524.9833333333336,3953.83,0.16,186.63666666666666,0.0,0.4166666666666667,403.97333333333336,0.09282883348903859,0.4020353361739905,0.13094533386539312,1.1516735882872149,0.0,0,Cash-flow stretched
1101,4,4884.4575,3125.44,0.16999999999999998,1759.0175,0.5,0.3875,563.0675,0.0775943234864484,0.20240187479814287,0.1104286930421956,0.6552997999913273,0.25,1,Goal-focused savers
1102,1,3048.19,1902.72,0.34,1145.47,0.0,0.46,461.36,0.14310459649824978,0.5499180121089807,0.1646379919273461,0.624213057584993,0.0,2,Resilient investors
1103,5,4110.65,2856.728,0.196,1253.922,0.0,0.33999999999999997,673.162,0.12706591080302593,0.2502733605844915,0.20076981223425627,0.696128637083078,0.0,3,Debt-pressure spenders
1104,4,2689.9249999999997,2569.5475,0.115,527.26,0.0,0.3375,541.89,0.2702352603302016,0.4342280657166504,0.20736588847774823,1.113240870184256,0.5,0,Cash-flow stretched
1105,1,4897.52,2716.08,0.35,2181.44,0.0,0.18,560.64,0.046088632614057726,0.29789623280610295,0.2132485051986687,0.5545827275845734,1.0,2,Resilient investors
1106,1,4463.04,4826.88,0.1,0.0,0.0,0.27,927.7,0.11500008962500896,0.2919691394855476,0.0455635938743039,1.0815229081522908,1.0,0,Cash-flow stretched
1107,2,4471.715,2872.23,0.24,1599.485,0.0,0.175,478.495,0.09547891796708102,0.23728576310691576,0.2999076748238146,0.6572958358574469,0.0,2,Resilient investors
1108,3,3297.0266666666666,3248.0699999999997,0.22999999999999998,1052.17,0.3333333333333333,0.43,514.7900000000001,0.1599586315443937,0.17111436019801285,0.12954744259588447,1.3012840551792813,0.6666666666666666,0,Cash-flow stretched
1109,5,3972.0160000000005,3479.178,0.21600000000000003,567.324,0.0,0.33799999999999997,413.7,0.11622447038822195,0.28220764059151043,0.0885035429097952,0.8829571693368505,0.2,3,Debt-pressure spenders
1111,2,4271.265,3381.295,0.33,1047.225,0.5,0.33999999999999997,544.045,0.11519780283347028,0.24881474365586903,0.1057048158531679,0.8729072012306084,0.0,3,Debt-pressure spenders
1112,3,4057.17,2496.943333333333,0.27666666666666667,1560.2266666666667,0.0,0.47000000000000003,529.75,0.13651000428140092,0.39792910660733677,0.16791368487808925,0.6576629744030217,0.0,2,Resilient investors
1113,5,4035.928,3303.6220000000003,0.292,883.134,0.0,0.33999999999999997,409.008,0.18792110303487167,0.39013257397505213,0.17561327209603372,0.8305797704589682,0.2,3,Debt-pressure spenders
1114,4,4262.8675,2856.585,0.255,1464.005,0.0,0.38,479.3175,0.07125500480161172,0.43672203633856854,0.18622228148350906,0.7162856795603078,0.25,2,Resilient investors
1115,2,4823.665,2967.375,0.22000000000000003,1856.29,0.0,0.295,405.18,0.080674371255132,0.3816323810159402,0.13713713714530829,0.6067587837247412,0.0,3,Debt-pressure spenders
1116,2,3332.1499999999996,2676.27,0.21000000000000002,801.33,0.0,0.345,501.155,0.09000453581048523,0.5079803320433797,0.28429122521501077,0.8051738068517237,0.0,2,Resilient investors
1117,3,4762.69,2687.1633333333334,0.2833333333333333,2075.5266666666666,0.3333333333333333,0.36999999999999994,473.09999999999997,0.06433248616074179,0.2039085660625418,0.2012965723103747,0.5681596585930854,0.3333333333333333,1,Goal-focused savers
1118,2,3545.355,3489.1549999999997,0.31,118.33,0.0,0.285,555.665,0.06773410262618838,0.2748870441388178,0.10312298033208829,0.9886232817693039,0.5,0,Cash-flow stretched
1119,2,4380.09,2190.1499999999996,0.26,2189.94,0.0,0.565,648.62,0.13688724767825464,0.38897209679850664,0.2095345724846636,0.5022969176101038,0.0,2,Resilient investors
1120,2,3017.205,2750.785,0.26,293.655,0.0,0.26,693.22,0.12565902695475245,0.3995807101864062,0.14180078135645285,0.9301781650907649,0.5,0,Cash-flow stretched
1121,3,4044.72,2439.213333333333,0.16,1605.506666666667,0.0,0.4366666666666667,396.9766666666667,0.1250531067665999,0.46333836437833836,0.21777269983144287,0.5977927285672597,0.0,2,Resilient investors
1122,3,3811.9733333333334,3147.406666666667,0.20666666666666667,973.93,0.0,0.3566666666666667,525.4266666666667,0.1347038195485992,0.3423328234394695,0.12565392816203333,0.8709106037506363,0.0,3,Debt-pressure spenders
1123,3,4521.71,2628.9366666666665,0.21999999999999997,1892.7733333333333,0.3333333333333333,0.31,680.5666666666666,0.07708025460096292,0.693052037699399,0.21710779109283215,0.5862027414666026,0.0,1,Goal-focused savers
1124,3,4536.7,3388.3266666666664,0.25666666666666665,1148.3733333333332,0.0,0.31,627.0500000000001,0.046714110950915794,0.3274759241962473,0.11803610030832117,0.7566963991657581,0.0,3,Debt-pressure spenders
1125,3,3599.2166666666667,3501.276666666667,0.2733333333333334,850.3133333333334,0.0,0.16,493.4666666666667,0.1806030212182508,0.4447118080348135,0.19864927979321037,1.030804915578608,0.3333333333333333,0,Cash-flow stretched
1126,5,4321.122,2744.566,0.278,1576.556,0.0,0.24000000000000005,373.27,0.10105913610591077,0.5268310809350194,0.17673166535081128,0.6780869533042667,0.0,2,Resilient investors
1127,4,4754.952499999999,3196.615,0.28250000000000003,1558.3375,0.0,0.31,394.92,0.07599908637588502,0.23959570568162455,0.179931159991089,0.6791231096247665,0.0,3,Debt-pressure spenders
1128,3,4182.349999999999,2732.4366666666665,0.21,1449.9133333333332,0.0,0.3733333333333333,649.9699999999999,0.15576175400979408,0.27060661685048354,0.268659654701731,0.661901003205271,0.0,2,Resilient investors
1129,2,4268.215,3047.865,0.16499999999999998,1220.35,0.0,0.48,471.55,0.11505688005249234,0.6714616014024029,0.12303255124600324,0.7352578980688753,0.0,3,Debt-pressure spenders
1131,2,4642.46,3025.34,0.195,1617.1200000000001,0.5,0.27,441.9,0.09754380348854985,0.206776424349978,0.08191023596421532,0.681593770605784,0.0,3,Debt-pressure spenders
1132,2,4833.235000000001,3169.27,0.17500000000000002,1663.965,0.5,0.28,464.865,0.10426691272015617,0.23081048429931403,0.09633235124744971,0.6916552424830311,0.0,3,Debt-pressure spenders
1133,1,4157.15,3895.79,0.08,261.36,0.0,0.43,617.78,0.1051994756022756,0.40305303930653347,0.12578450070460676,0.9371300049312631,0.0,3,Debt-pressure spenders
1134,4,3941.175,3776.29,0.22499999999999998,389.52250000000004,0.0,0.24,528.025,0.06639609149134987,0.2590474047488369,0.1558795772941556,0.970223409655942,0.25,3,Debt-pressure spenders
1136,2,1713.585,2800.3900000000003,0.135,0.0,0.0,0.395,410.525,0.11635742507997843,0.46083156336433106,0.19508324853413406,1.6441787696697787,0.0,0,Cash-flow stretched
1137,6,4318.251666666667,2769.4533333333334,0.23666666666666666,1548.7983333333334,0.0,0.5016666666666666,540.7766666666668,0.10365727740382667,0.44233616871385634,0.198110111024991,0.6548047212802729,0.0,2,Resilient investors
1138,2,4347.235,3517.9849999999997,0.12,1454.965,0.5,0.45,317.705,0.12031540311249715,0.2055175517938864,0.11428158127238186,1.029265598282615,1.0,3,Debt-pressure spenders
1140,8,4446.32625,2696.80375,0.2875,1889.9075,0.25,0.35500000000000004,439.37874999999997,0.0902927620504637,0.2221340923066009,0.2056264976569267,0.6860415076496464,0.25,2,Resilient investors
1141,3,3548.0466666666666,2387.9366666666665,0.3333333333333333,1164.8433333333332,0.0,0.30333333333333334,482.3,0.08397699598069787,0.6042952454489688,0.2873976194667021,0.6641142346505641,0.0,2,Resilient investors
1142,3,3630.4566666666665,2764.91,0.3066666666666667,1048.0833333333333,0.0,0.39333333333333337,612.53,0.1895997473156336,0.5306556013657021,0.22766025165032602,0.7670366088757049,0.0,2,Resilient investors
1144,2,4835.655000000001,2368.91,0.235,2466.745,0.0,0.56,673.24,0.08558366531468743,0.2751870119020998,0.14249162463338047,0.49284283685508196,0.0,2,Resilient investors
1145,2,5284.78,2875.085,0.22,2409.6949999999997,0.5,0.39499999999999996,559.12,0.06195300249684059,0.3694949633597776,0.2874800198416164,0.5470192229373296,0.5,1,Goal-focused savers
1146,3,3791.2433333333333,2908.0033333333336,0.20333333333333334,1134.1733333333334,0.0,0.37333333333333335,478.9266666666667,0.11722558307189795,0.35301030209398415,0.22638395908392236,0.7897681394223874,0.0,3,Debt-pressure spenders
1147,1,3350.17,2928.87,0.11,421.3,0.0,0.53,439.65,0.056770253449824934,0.19705551970555196,0.2372587380115881,0.8742451875576462,0.0,3,Debt-pressure spenders
1148,2,4165.505,3340.565,0.245,824.94,0.0,0.17,363.06,0.061917197144002095,0.3726047467777278,0.08569520308925459,0.8143065289400295,0.5,3,Debt-pressure spenders
1149,2,4949.775,3162.225,0.12,1787.5500000000002,0.0,0.44,576.27,0.10960663702121845,0.2748937562907226,0.12731802209289,0.6480670142313737,0.0,3,Debt-pressure spenders
1150,2,4307.110000000001,740.6,0.20500000000000002,3566.51,1.0,0.165,741.405,0.09779852645252254,2.0074278722352523,0.762473611463309,0.173368925660759,0.0,1,Goal-focused savers
1151,2,5206.025,2539.52,0.37,2666.505,1.0,0.29000000000000004,447.325,0.053545796674240906,0.5663963723363182,0.23357735768674295,0.47914317694969716,0.5,1,Goal-focused savers
1152,4,4336.8475,2558.2875,0.3525,1778.56,0.0,0.37,753.0625,0.06326566208183551,0.24373998277517508,0.13154310777657516,0.5840251926167385,0.5,2,Resilient investors
1153,11,4059.702727272727,3007.7345454545457,0.2072727272727273,1244.96,0.09090909090909091,0.37636363636363634,497.9709090909091,0.10779731764736211,0.3488507555438747,0.16995289662914417,0.826558900991844,0.36363636363636365,3,Debt-pressure spenders
1154,4,3713.62,2861.81,0.2,861.4024999999999,0.0,0.30000000000000004,802.33,0.14145969196387495,0.40610706904199284,0.16186797976976733,0.8031551439395217,0.0,3,Debt-pressure spenders
1155,2,3905.66,3978.135,0.3,433.45,0.0,0.41,351.12,0.05900015228556879,0.3263945555736057,0.12532570689427874,1.0353946544800308,1.0,3,Debt-pressure spenders
1156,3,4556.14,3347.7333333333336,0.21,1208.4066666666665,0.0,0.38999999999999996,314.74333333333334,0.11564796706633651,0.20931555903962043,0.1868461234580375,0.7636234252767203,0.0,3,Debt-pressure spenders
1157,3,3270.5333333333333,1923.6000000000001,0.18666666666666668,1346.9333333333334,0.0,0.3633333333333333,452.2233333333333,0.050029694379770125,0.45187783465389675,0.19804186467744708,0.5912312788602935,0.0,2,Resilient investors
1158,5,3807.2019999999998,3353.192,0.262,530.888,0.0,0.278,418.188,0.12547807440714182,0.2080834354701906,0.15596482433048905,0.9002779406345436,0.2,3,Debt-pressure spenders
1159,1,5002.47,1861.44,0.1,3141.03,1.0,0.4,47.03,0.04411420758145476,0.9288991318549079,0.21640235516589307,0.3721041805348158,0.0,1,Goal-focused savers
1160,2,4577.965,2294.83,0.245,2283.135,0.0,0.245,489.365,0.02139850029309456,0.24806255653888803,0.3067986995919061,0.508673012504344,0.0,2,Resilient investors
1161,4,4947.2275,3189.5075,0.1825,1757.72,0.25,0.375,431.885,0.023508656809424624,0.3370503465439524,0.20846073436993218,0.6775429445397667,0.25,1,Goal-focused savers
1163,3,3416.74,3317.656666666667,0.21666666666666667,791.8433333333334,0.0,0.28,589.4066666666666,0.1080388721943526,0.37890506816259467,0.18612339338440623,1.043985277482154,0.0,0,Cash-flow stretched
1164,7,4151.17,2961.6857142857148,0.24714285714285714,1196.3057142857142,0.2857142857142857,0.34714285714285714,538.2657142857144,0.1297944619019879,0.384065120872422,0.1838842824693887,0.7471556710421065,0.14285714285714285,2,Resilient investors
1165,4,3448.245,3085.1475,0.21,574.9775,0.0,0.4375,423.095,0.09967776689659011,0.38343547977916065,0.14351700405277718,0.945609550590827,0.25,3,Debt-pressure spenders
1166,3,3716.83,2696.03,0.20666666666666667,1020.7999999999998,0.0,0.2966666666666667,632.73,0.1341494909173512,0.1900104227644178,0.08400997214451755,0.7296174884931642,0.3333333333333333,3,Debt-pressure spenders
1167,3,3644.9166666666665,2568.48,0.31,1344.66,0.0,0.31666666666666665,389.6566666666667,0.10276112171776754,0.32003474557512945,0.1831531461610939,0.8248324797620418,0.0,2,Resilient investors
1168,4,3843.825,2756.175,0.275,1214.7875,0.0,0.385,317.5175,0.09059514938558791,0.397201202563619,0.18957229759857758,0.7501837486352235,0.25,2,Resilient investors
1169,3,3706.1966666666667,3175.02,0.13,531.1766666666666,0.0,0.43333333333333335,414.77666666666664,0.2000314262710431,0.2247169395420953,0.23428094410941744,0.8621469162338088,0.0,0,Cash-flow stretched
1170,3,5254.82,3526.066666666667,0.21333333333333335,1816.0199999999998,0.3333333333333333,0.3933333333333333,523.0133333333333,0.0809315927425607,0.2662950286830297,0.16653213713781176,0.7283844488431308,0.3333333333333333,3,Debt-pressure spenders
1171,11,4132.168181818181,3226.7318181818187,0.2372727272727273,965.88,0.0,0.39454545454545453,540.4881818181818,0.1410106539752572,0.3397852493718603,0.18618032898029632,0.8026553891643182,0.36363636363636365,3,Debt-pressure spenders
1172,3,3943.72,3065.0033333333336,0.19666666666666668,970.1833333333334,0.0,0.5433333333333333,686.7233333333334,0.12271671207703827,0.39388635585151704,0.16196321044285722,0.844175510408542,0.3333333333333333,3,Debt-pressure spenders
1173,6,4749.099999999999,2576.941666666667,0.27999999999999997,2188.891666666667,0.3333333333333333,0.25499999999999995,488.6016666666667,0.047451826939747,0.40345844790622104,0.2060970327082179,0.5891302239727966,0.8333333333333334,1,Goal-focused savers
1175,4,4110.8225,2905.5725,0.2725,1401.0575,0.0,0.275,574.65,0.05899614900277677,0.424334886404351,0.1563526521492485,0.7711807466987055,0.25,2,Resilient investors
1176,4,3921.42,2601.255,0.24,1320.165,0.0,0.495,530.63,0.10430289919467847,0.35512847328600605,0.19425794763681384,0.6626841431762578,0.75,2,Resilient investors
1177,6,3860.1499999999996,3148.9666666666667,0.21,941.8116666666666,0.0,0.3566666666666667,650.61,0.11623179701377599,0.30880322159200163,0.19325603757229093,0.8888405978586548,0.6666666666666666,3,Debt-pressure spenders
1178,4,4404.6175,2892.225,0.10250000000000001,1512.3925,0.0,0.2675,351.0,0.04416101358639636,0.3354747055225392,0.1393889313649771,0.663364153729663,0.25,3,Debt-pressure spenders
1179,3,4369.0233333333335,2887.2899999999995,0.3033333333333333,1481.7333333333333,0.3333333333333333,0.21666666666666667,454.1466666666667,0.06525359079304886,0.4320547490249578,0.2003422332893222,0.6924302433159543,0.0,2,Resilient investors
1180,3,3494.2033333333334,3036.5533333333333,0.11,801.5233333333334,0.0,0.37666666666666665,168.74,0.12726513110073076,0.40724637298102095,0.18589296800362218,0.9262535499370177,0.0,3,Debt-pressure spenders
1181,4,3367.5025,3457.2524999999996,0.2975,297.6925,0.0,0.375,422.9325,0.15709840011570106,0.21170697168684777,0.19025467344492566,1.0952124988809113,0.25,0,Cash-flow stretched
1182,2,3123.075,3072.435,0.20500000000000002,397.78,0.0,0.525,453.81,0.13861200667376303,0.3453621358214955,0.09982829456056468,1.0130574795388971,0.0,0,Cash-flow stretched
1183,3,3425.7066666666665,4108.22,0.21666666666666667,226.95000000000002,0.0,0.3833333333333333,485.9066666666667,0.12334361792555172,0.2180288218895281,0.1111876431520606,1.295747875175017,0.6666666666666666,0,Cash-flow stretched
1184,1,5359.27,3210.15,0.16,2149.12,1.0,0.49,429.9,0.18271518322458094,0.2698472034017102,0.09260314938554272,0.5989901609734162,0.0,1,Goal-focused savers
1186,3,4836.733333333334,3434.78,0.11333333333333333,1401.9533333333336,0.0,0.3,675.16,0.05245536507931669,0.311746355700333,0.12895297268403882,0.7099176338921652,0.3333333333333333,3,Debt-pressure spenders
1187,3,3589.713333333333,3178.2833333333333,0.16,760.1633333333333,0.0,0.5299999999999999,633.3000000000001,0.09502326299857937,0.31110632233392616,0.15448734541353695,0.911509846268363,0.0,3,Debt-pressure spenders
1189,4,3348.155,2745.965,0.255,1114.46,0.25,0.22,653.535,0.11114786652527316,0.4575275433858183,0.17570293003257387,1.0725323503737578,0.25,0,Cash-flow stretched
1190,5,3043.318,2880.33,0.21600000000000003,553.6560000000001,0.0,0.442,442.10600000000005,0.1504700583376584,0.4885749898350852,0.19401687271641893,1.033035410035524,0.2,0,Cash-flow stretched
1191,3,3930.096666666667,2597.933333333333,0.23666666666666666,1332.1633333333334,0.0,0.24333333333333332,434.66333333333336,0.087433334772604,0.5364774488099125,0.23911238991554531,0.6473729445571698,0.0,2,Resilient investors
1192,6,3634.3366666666666,2898.3700000000003,0.21,866.4633333333333,0.16666666666666666,0.375,481.24,0.13203220926118409,0.4763618558097186,0.2253125902395653,0.8358107602231994,0.16666666666666666,2,Resilient investors
1193,3,3495.2400000000002,2129.226666666667,0.13,1366.0133333333333,0.3333333333333333,0.48666666666666664,595.4033333333333,0.1139995212317307,0.20478308083197438,0.2860774389453337,0.6288567248960515,0.0,2,Resilient investors
1194,4,3804.46,2523.6575000000003,0.1375,1280.8025,0.0,0.3525,663.355,0.13366318291223,0.4470206791790944,0.20855140388922772,0.6860060888009349,0.25,2,Resilient investors
1195,2,4680.405000000001,3124.9449999999997,0.175,1841.85,0.5,0.345,402.87,0.04714342671504894,0.38848388084470853,0.07253233111159646,0.7966609404676518,0.5,1,Goal-focused savers
1196,4,2856.665,3471.32,0.215,95.52,0.0,0.21750000000000003,530.5525,0.17548384535897668,0.16120689712055444,0.1439799537750832,1.2888822176973973,0.25,0,Cash-flow stretched
1197,2,4205.65,2884.135,0.25,1321.5149999999999,0.0,0.245,527.225,0.1421243054946535,0.4102276528635773,0.10991424953436635,0.6907453308025842,0.0,3,Debt-pressure spenders
1198,6,4105.136666666666,3254.536666666667,0.21166666666666667,850.6,0.0,0.38000000000000006,550.84,0.07158146828523068,0.3721337130927222,0.1332280651291957,0.8059190695215545,0.0,3,Debt-pressure spenders
1199,4,3480.9624999999996,2600.0275,0.1825,1041.7425,0.0,0.285,446.46500000000003,0.17344205098689652,0.36179944890609206,0.12209739254593069,0.8221267820173097,0.0,3,Debt-pressure spenders
1200,5,3907.7940000000003,3238.862,0.23399999999999999,807.9100000000001,0.0,0.32599999999999996,466.188,0.0967714201394276,0.3950085300689704,0.14751214906716822,0.8506649920915204,0.2,3,Debt-pressure spenders
1201,4,3931.545,3441.6625,0.23,542.2025,0.0,0.32,669.545,0.10983154020309298,0.4848787132477508,0.15999564497281843,0.8755912272312032,0.0,3,Debt-pressure spenders
1202,3,4249.79,2728.0133333333333,0.26666666666666666,1547.9666666666665,0.0,0.18333333333333335,300.3933333333334,0.10572330191223245,0.3733096240168783,0.15601665932346656,0.6824495338090953,0.3333333333333333,2,Resilient investors
1203,6,3751.693333333333,2884.4966666666664,0.25166666666666665,992.5966666666667,0.16666666666666666,0.4283333333333333,627.1650000000001,0.13796029389820316,0.3496869059649231,0.13226264243076116,0.8224148743818572,0.3333333333333333,3,Debt-pressure spenders
1204,3,3934.7166666666667,3050.4666666666667,0.22,960.5566666666667,0.0,0.35000000000000003,685.9133333333333,0.07031370003516646,0.29295178201768063,0.15424777066497922,0.784365667378654,0.3333333333333333,3,Debt-pressure spenders
1205,6,4121.98,3040.935,0.16,1310.535,0.16666666666666666,0.4033333333333333,424.8883333333333,0.13857897023318877,0.26515340428002854,0.19418860255560477,0.871040343437257,0.3333333333333333,3,Debt-pressure spenders
1206,3,4428.133333333333,3082.99,0.23666666666666666,1345.1433333333332,0.0,0.42,561.99,0.06487646815413534,0.16146464082381126,0.16258670283056406,0.699252799337814,0.0,3,Debt-pressure spenders
1207,4,4489.3525,3354.185,0.32,1135.1675,0.0,0.435,480.0125,0.08545045975795358,0.2865204499333761,0.1291666750629903,0.7482199860499825,0.25,3,Debt-pressure spenders
1208,1,4442.69,2431.42,0.26,2011.27,1.0,0.22,727.5,0.19459606679736827,0.3204793906441503,0.09527354385503121,0.5472855409672969,0.0,1,Goal-focused savers
1209,4,3861.1775,2664.815,0.295,1432.0749999999998,0.0,0.35250000000000004,507.685,0.0325115265856285,0.5053869148589298,0.20613906558221168,0.7704684953958202,0.0,2,Resilient investors
1210,3,4213.4766666666665,3022.6800000000003,0.3666666666666667,1190.7966666666666,0.0,0.4033333333333333,618.2233333333334,0.15482624170917753,0.15096862450965678,0.14858163885705747,0.7260941259388446,0.0,3,Debt-pressure spenders
1211,4,3372.0924999999997,3585.9300000000003,0.265,424.08,0.0,0.48750000000000004,764.46,0.11199897176128971,0.18273919929074772,0.1494715449683176,1.0854527527176754,0.25,0,Cash-flow stretched
1212,3,4627.116666666667,1961.7933333333333,0.25666666666666665,2665.3233333333333,0.3333333333333333,0.3433333333333333,525.1133333333333,0.09087444943524796,0.6611258234218789,0.14420965128771818,0.43345040038944055,0.0,1,Goal-focused savers
1213,3,4127.536666666667,3103.64,0.16666666666666666,1148.5833333333333,0.0,0.36000000000000004,491.1666666666667,0.12052032307289325,0.29277958276299193,0.2625062691391616,0.7607701413532443,0.0,3,Debt-pressure spenders
1214,2,3956.34,3548.02,0.24000000000000002,930.57,0.0,0.33,446.565,0.13983992689175853,0.333057008218277,0.09588466870221021,0.9505416658921344,0.0,3,Debt-pressure spenders
1215,4,3673.2275,2283.9625,0.2225,1389.2649999999999,0.25,0.315,350.7025,0.05872675908495025,0.6586669420343257,0.2633674390914455,0.6764288002927469,0.0,2,Resilient investors
1216,3,3440.53,2703.1733333333336,0.16,737.3566666666666,0.0,0.3233333333333333,550.2833333333333,0.1646092658065236,0.42138477138455,0.2135192263512277,0.781733873327866,0.0,2,Resilient investors
1217,2,5367.700000000001,2114.71,0.18,3252.99,0.5,0.13,306.85,0.1093232249123855,0.6145246312399363,0.3152399220200981,0.4044057619205502,0.5,1,Goal-focused savers
1218,2,3652.715,2607.855,0.305,1044.86,0.0,0.325,474.34000000000003,0.12586183722805605,0.6477169200486573,0.23665862282728564,0.7250445858386914,0.0,2,Resilient investors
1219,3,4572.88,2426.39,0.23,2146.4900000000002,0.3333333333333333,0.26666666666666666,356.97,0.05873788916404161,0.5807600984699527,0.18955228052323356,0.5341802512513664,0.3333333333333333,1,Goal-focused savers
1220,5,4435.306,2338.952,0.168,2096.3540000000003,0.2,0.37,304.32800000000003,0.06096371296625399,0.4498847252019688,0.3528757074536125,0.5438880694665131,0.2,2,Resilient investors
1221,3,3312.5066666666667,3177.213333333333,0.25,785.9866666666667,0.3333333333333333,0.33666666666666667,489.70000000000005,0.03944955245118185,0.4462269319551326,0.1563693475333832,1.096471092588328,0.0,3,Debt-pressure spenders
1222,3,2858.5766666666664,3368.44,0.29333333333333333,62.61000000000001,0.0,0.25666666666666665,642.0433333333334,0.13719965957288846,0.37150481460670687,0.1296855264992193,1.2120492613780949,0.0,0,Cash-flow stretched
1223,5,4126.004,3088.1279999999997,0.196,1037.876,0.0,0.366,636.046,0.13442804194645636,0.3390571479052215,0.19056091504464429,0.7497833489294697,0.0,3,Debt-pressure spenders
1224,5,3170.422,3546.084,0.238,47.318,0.0,0.42400000000000004,556.112,0.05993206753206204,0.29012781646042113,0.1667650984297417,1.1681596810629773,0.6,0,Cash-flow stretched
1226,5,4331.936,3180.406,0.176,1186.194,0.0,0.354,498.13199999999995,0.06614179806088925,0.36152036990415315,0.15283235086439326,0.773408318982377,0.2,3,Debt-pressure spenders
1227,5,3977.2,3020.262,0.268,966.042,0.2,0.422,522.6099999999999,0.08513122861991171,0.2908776076959006,0.14391423636902073,0.7795479241469533,0.2,3,Debt-pressure spenders
1228,4,4027.9375,2766.95,0.225,1260.9875000000002,0.0,0.3675,766.2925,0.09081638792680219,0.4283652247850784,0.14539182560409708,0.6963245275944479,0.25,3,Debt-pressure spenders
1229,2,5368.415,2912.395,0.11499999999999999,2456.02,0.5,0.32499999999999996,425.15,0.09552265878715047,0.498758199056758,0.21378575072785824,0.6013924035889737,0.5,1,Goal-focused savers
1230,2,3352.535,3469.9849999999997,0.21500000000000002,962.545,0.5,0.29,689.535,0.06942641173855046,0.38263599989596914,0.11700856101763293,1.2642036018678318,0.0,0,Cash-flow stretched
1231,1,4357.52,3543.86,0.28,813.66,0.0,0.23,547.29,0.11292202904404339,0.3328009571484201,0.1632541917570107,0.8132745231232443,0.0,3,Debt-pressure spenders
1232,3,3805.2966666666666,2498.023333333333,0.18333333333333335,1307.2733333333333,0.0,0.3333333333333333,413.44666666666666,0.1442148578658058,0.41420376813285387,0.24661067499498898,0.6743497094760222,0.3333333333333333,2,Resilient investors
1234,1,3697.31,3523.56,0.17,173.75,0.0,0.52,351.55,0.06691080812807149,0.13994085527137326,0.14669538761933953,0.9530063749049985,0.0,3,Debt-pressure spenders
1235,2,3534.9449999999997,2772.07,0.23500000000000001,762.875,0.0,0.3,627.6,0.08145301636098135,0.26583549953481667,0.05548743335806336,0.76578845530921,0.0,3,Debt-pressure spenders
1236,4,3775.085,2901.5325,0.21000000000000002,873.5525,0.0,0.5225,484.64,0.11759257291611638,0.2740766830827745,0.19141851071675992,0.7762811627849119,0.25,3,Debt-pressure spenders
1237,3,4310.963333333333,2642.7133333333336,0.18000000000000002,1668.25,0.0,0.45333333333333337,478.7033333333334,0.10834878912536562,0.39566429005547615,0.2817943983942809,0.6529853315847735,0.3333333333333333,2,Resilient investors
1238,2,4217.55,2646.92,0.065,1570.63,0.0,0.5549999999999999,524.3,0.09886596309256429,0.24596837139614738,0.24072386366008963,0.642388568601677,0.5,3,Debt-pressure spenders
1239,4,3570.3424999999997,2854.485,0.19,905.4475,0.0,0.4325,587.0775,0.11953747762352794,0.3759344602290514,0.2116635308991855,0.8102916452047424,0.75,3,Debt-pressure spenders
1240,2,6430.745,2725.5249999999996,0.175,3705.2200000000003,0.5,0.36,651.6,0.053491804509477846,0.35166490612400036,0.15518400634071844,0.4284126531725853,0.0,1,Goal-focused savers
1241,1,3771.22,4103.4,0.32,0.0,0.0,0.46,459.2,0.14346285817321716,0.39052736754886197,0.06583564848662085,1.088082901554404,0.0,0,Cash-flow stretched
1242,4,4652.54,3533.3224999999998,0.12250000000000001,1119.2175,0.0,0.35250000000000004,584.475,0.11452465126465232,0.2807523527608846,0.12763044689776476,0.7646828971062152,0.25,3,Debt-pressure spenders
1243,4,3967.04,2270.9175,0.225,1696.1225,0.0,0.5025,671.8075,0.17794695840778593,0.5791589674380062,0.22700202418764917,0.5699504567091033,0.0,2,Resilient investors
1244,3,4531.7,3366.853333333333,0.2333333333333333,1164.8466666666666,0.3333333333333333,0.34,494.08666666666664,0.0696740694606883,0.33164360378563423,0.18671897825190223,0.7969117299214054,0.0,3,Debt-pressure spenders
1245,4,3103.045,3205.835,0.23,389.01,0.0,0.39,551.7275,0.025390253014748117,0.37623567015020826,0.1850051795770233,1.114544373861623,0.25,0,Cash-flow stretched
1246,2,3762.0699999999997,3866.375,0.165,396.43,0.0,0.36,466.365,0.0952865121220496,0.2114104633376458,0.09535889122362232,1.1294122312105808,0.0,0,Cash-flow stretched
1247,4,4236.6325,2563.0375,0.1775,1673.595,0.0,0.3525,589.49,0.04652531782190042,0.6288941893597858,0.18178147824799867,0.6040497267236625,0.0,2,Resilient investors
1248,4,3476.2125,2757.3225,0.2175,718.89,0.0,0.345,447.255,0.0816439630974102,0.3461782849017857,0.2071285728377012,0.7968580000860683,0.0,3,Debt-pressure spenders
1249,1,4723.75,2703.66,0.28,2020.09,0.0,0.12,644.01,0.07441968774808151,0.41451217978591987,0.06513762825207313,0.572354591161683,0.0,2,Resilient investors
1250,3,4669.553333333333,3016.4566666666665,0.26666666666666666,1653.096666666667,0.0,0.3066666666666667,272.62333333333333,0.11573858452785507,0.4471104314292225,0.2552200679833504,0.6794569165469806,0.3333333333333333,2,Resilient investors
1251,4,3167.33,2695.465,0.3025,652.4300000000001,0.0,0.365,643.0600000000001,0.10745678483292814,0.40477414109706455,0.15405389521874674,0.8927198202910737,0.25,0,Cash-flow stretched
1252,3,4514.856666666667,2249.7,0.19000000000000003,2265.1566666666668,0.3333333333333333,0.3133333333333333,800.9566666666666,0.12336022309469037,0.5508827872922809,0.4017149450916558,0.4916790334069576,0.3333333333333333,1,Goal-focused savers
1253,2,2438.625,2733.0550000000003,0.195,230.0,0.0,0.505,677.26,0.18698858465717585,0.1958164036442956,0.19622836996326426,1.3274513005242237,0.0,0,Cash-flow stretched
1254,3,4196.733333333334,2713.036666666667,0.09666666666666666,1822.11,0.3333333333333333,0.24333333333333332,563.0366666666666,0.11712861770682854,0.5893912692705829,0.269090935180837,0.7863745138667788,0.3333333333333333,2,Resilient investors
1255,3,3673.47,2914.94,0.36000000000000004,758.5300000000001,0.0,0.5066666666666667,427.3733333333333,0.13772804688271373,0.35463869033729645,0.17132503493788484,0.8637034831145495,0.3333333333333333,3,Debt-pressure spenders
1256,3,3366.3566666666666,3602.2566666666667,0.20333333333333334,104.14333333333333,0.0,0.26,399.98333333333335,0.11617397622655361,0.24980521200676598,0.11294842889130137,1.072491071436238,0.0,0,Cash-flow stretched
1258,1,5989.19,2687.49,0.3,3301.7,1.0,0.12,223.1,0.08427182974659346,0.17015133079564948,0.24558603008755384,0.4487234500825654,0.0,1,Goal-focused savers
1259,3,4044.56,2499.0733333333333,0.29333333333333333,1545.4866666666667,0.0,0.4066666666666667,456.15000000000003,0.053136638680135684,0.4453059945876839,0.22773541948525625,0.6461003105533824,0.3333333333333333,2,Resilient investors
1260,7,4028.5485714285714,3862.2257142857147,0.21571428571428572,501.3671428571428,0.0,0.38571428571428573,627.2557142857142,0.08945355473184984,0.3200668321329835,0.1420328846487929,0.99660402467685,0.2857142857142857,3,Debt-pressure spenders
1261,3,4648.013333333333,4003.2599999999998,0.19333333333333336,711.57,0.0,0.39999999999999997,696.6633333333333,0.08656508470836072,0.18737790910523897,0.11985439356328154,0.8720682237652149,0.3333333333333333,3,Debt-pressure spenders
1262,1,3264.93,3252.85,0.16,12.08,0.0,0.45,695.42,0.11753697629045647,0.36011190187066733,0.066919778040795,0.9963000738147526,0.0,0,Cash-flow stretched
1263,1,3525.27,2470.67,0.13,1054.6,0.0,0.45,396.28,0.19623177799147298,0.4602800050188815,0.1642186127649585,0.7008456089888151,0.0,2,Resilient investors
1264,4,4000.51,2557.05,0.265,1443.46,0.0,0.3175,605.2275,0.13764090324714956,0.3232583142448725,0.12139174215957754,0.6549227252785272,0.25,2,Resilient investors
1265,2,2842.175,3308.6400000000003,0.175,357.73,0.0,0.265,341.59,0.16426627517279552,0.3132837670533066,0.21911008840228294,1.319602434424855,0.0,0,Cash-flow stretched
1266,3,4503.173333333333,2693.976666666667,0.16666666666666666,1809.1966666666667,0.0,0.35333333333333333,395.03999999999996,0.04077810367824212,0.3354371137632118,0.21398500370178217,0.6429879019538282,0.3333333333333333,2,Resilient investors
1267,4,4036.425,3105.57,0.27,946.54,0.0,0.45,508.2725,0.10698437516008752,0.3795319847033611,0.15311490042558143,0.8018068446528893,0.5,3,Debt-pressure spenders
1268,3,4204.696666666667,2807.27,0.3,1397.4266666666665,0.0,0.39333333333333337,430.6266666666667,0.06269055176300525,0.47649568391205427,0.1571527670799816,0.6685674469600453,0.3333333333333333,2,Resilient investors
1269,1,4175.64,2722.13,0.27,1453.51,0.0,0.23,775.25,0.07060474561983313,0.25108646537821483,0.180828983185961,0.6519072525409279,0.0,2,Resilient investors
1270,4,4131.5425,3448.2875,0.2575,915.7625,0.0,0.275,557.77,0.13752601136998788,0.3547986258249526,0.1092299960504636,0.8913962817435264,0.5,3,Debt-pressure spenders
1271,7,4208.952857142857,2693.387142857143,0.22142857142857145,1612.7,0.14285714285714285,0.23,447.60714285714283,0.08679210607743418,0.4196702617186954,0.21965057102720517,0.6823140903513929,0.2857142857142857,2,Resilient investors
1272,6,3954.5249999999996,3322.49,0.275,889.1983333333334,0.16666666666666666,0.3416666666666666,602.7316666666667,0.10077923979437108,0.3760251149628579,0.20655216671419163,0.9213770244157488,0.16666666666666666,3,Debt-pressure spenders
1273,2,3846.96,2495.625,0.19,1351.335,0.0,0.54,776.13,0.09039584033388207,0.5448549236710014,0.3292770481491842,0.6716349947255419,0.0,2,Resilient investors
1274,4,3698.86,2723.5425,0.215,1410.0125,0.25,0.38,549.5325,0.12515224787486384,0.3593993492893894,0.1712954130293684,1.007800672635431,0.25,3,Debt-pressure spenders
1275,4,4425.995,3251.91,0.2025,1174.085,0.0,0.3075,581.69,0.07951248658198987,0.2289940398536104,0.10820997913310373,0.7390798166924267,0.5,3,Debt-pressure spenders
1276,2,4030.325,3236.66,0.135,793.665,0.0,0.275,723.5,0.13242681859728592,0.32586346943978395,0.16128339588341883,0.8248070971068459,0.0,3,Debt-pressure spenders
1277,3,3930.1433333333334,2469.396666666667,0.17666666666666667,1460.7466666666667,0.0,0.31666666666666665,417.18666666666667,0.11136689023046513,0.28711776625936064,0.23754052195738792,0.6269775898589257,0.0,2,Resilient investors
1278,2,3918.0,3968.885,0.165,0.0,0.0,0.415,123.9,0.031486997942120336,0.34465276827351254,0.17914516942951098,1.0129414474112513,0.0,3,Debt-pressure spenders
1279,5,3732.5979999999995,2267.85,0.302,1464.748,0.0,0.252,401.822,0.09498854477923892,0.3979926348169618,0.2000017812862927,0.6111458575366444,0.2,2,Resilient investors
1280,8,3846.99875,2664.2487499999997,0.215,1182.75,0.125,0.325,426.7875,0.12315917050578229,0.35822475303625045,0.20649733215460261,0.7210437964156574,0.0,2,Resilient investors
1282,1,5225.13,5430.47,0.25,0.0,0.0,0.41,379.78,0.10869203254273098,0.1189676031724694,0.052120718832808215,1.0392985437682891,0.0,3,Debt-pressure spenders
1283,1,6187.45,3518.25,0.23,2669.2,0.0,0.22,733.8,0.07163371017139533,0.2775243373836424,0.1299083351097847,0.56861065543964,0.0,1,Goal-focused savers
1284,3,3515.31,3292.5033333333336,0.22666666666666666,591.1533333333333,0.0,0.3466666666666667,738.1466666666666,0.08002315852598503,0.45856780109660633,0.1571536337509601,0.9836277697018264,0.3333333333333333,0,Cash-flow stretched
1285,2,4490.62,3641.39,0.245,1304.485,0.5,0.26,225.695,0.06914608410385233,0.284820898429353,0.15053985763489314,0.9122768075299567,0.0,3,Debt-pressure spenders
1286,3,4789.0,2285.44,0.22,2503.56,0.3333333333333333,0.35333333333333333,599.1133333333333,0.07534807406698452,0.7510366814958717,0.2633736761255809,0.5038900730019411,0.0,1,Goal-focused savers
1287,3,4172.356666666667,2291.3166666666666,0.2333333333333333,1881.0399999999997,0.0,0.2966666666666667,652.4633333333334,0.11378196998851349,0.6034476486973269,0.2362383793284835,0.5691338154206479,0.0,2,Resilient investors
1288,5,3895.632,2675.8360000000002,0.166,1579.66,0.0,0.348,276.326,0.13461656542557565,0.2813670896256162,0.2588693318085388,0.8072540015139082,0.2,2,Resilient investors
1289,3,5161.28,3024.066666666667,0.11333333333333333,2137.2133333333336,0.3333333333333333,0.34,614.1466666666666,0.11854465416620076,0.4183705933618773,0.18959276463137742,0.6086638297447577,0.0,1,Goal-focused savers
1290,2,3131.92,3109.375,0.29500000000000004,56.445,0.0,0.36,353.53,0.16884755983179994,0.12097847812444454,0.18881459823712302,0.996818036581747,0.0,0,Cash-flow stretched
1291,1,3534.28,4770.88,0.1,0.0,0.0,0.13,0.0,0.14229489457541564,0.23170568113220202,0.08745137165470522,1.3498873886619056,0.0,0,Cash-flow stretched
1292,1,4335.15,2725.2,0.28,1609.95,0.0,0.33,706.76,0.0013379006493431601,0.3834324086305593,0.1288419198590929,0.6286287671706862,0.0,3,Debt-pressure spenders
1293,4,4044.865,3262.7225,0.1475,1109.8975,0.0,0.4625,611.0175,0.13914998146920252,0.27361362010662377,0.1299672283132801,0.8775707775733149,0.0,3,Debt-pressure spenders
1294,4,3789.0575,3248.9025,0.14250000000000002,690.9000000000001,0.0,0.305,427.65,0.08999660684882226,0.4250078410548207,0.18258917598669736,0.8648923390480636,0.0,3,Debt-pressure spenders
1295,2,4427.18,3578.395,0.38,848.7850000000001,0.0,0.155,191.095,0.16211599345208386,0.13713028913871925,0.14018166875067278,0.8259252799513179,0.5,3,Debt-pressure spenders
1296,4,3718.0625,3522.67,0.1325,483.63,0.0,0.3425,637.895,0.09191834478679003,0.25062988276879755,0.1873534853058467,0.966101239063676,0.25,3,Debt-pressure spenders
1297,5,4555.812,3553.082,0.2,1049.388,0.2,0.284,370.336,0.09589665317997385,0.3280010347036938,0.1836063193090625,0.8046702849930781,0.2,3,Debt-pressure spenders
1298,2,3930.1850000000004,2670.455,0.23,1259.73,0.0,0.42500000000000004,360.72,0.09757953557158171,0.3577527605771038,0.09078992849030601,0.6918941660169831,0.0,3,Debt-pressure spenders
1299,1,3033.43,3264.14,0.16,0.0,0.0,0.37,695.7,0.048816026742004935,0.2795468331627933,0.11952612326677164,1.0760558180014044,0.0,0,Cash-flow stretched
1300,1,2772.8,3557.14,0.36,0.0,0.0,0.47,363.99,0.15181405077899596,0.386850109919767,0.11914909168601742,1.2828693017888053,0.0,0,Cash-flow stretched
1302,3,3539.513333333334,3428.8466666666664,0.3333333333333333,702.6366666666667,0.0,0.2733333333333333,271.16,0.16903895829764348,0.21163220571339836,0.1799007352032326,1.0273414211775582,0.0,0,Cash-flow stretched
1303,2,2614.49,2428.7,0.22499999999999998,367.15,0.0,0.39,678.89,0.04126614993894198,0.4382693189986278,0.19334835803801864,0.9941596752929256,0.0,0,Cash-flow stretched
1304,4,3566.305,3358.6025,0.22000000000000003,435.28,0.0,0.3875,485.4975,0.16240730772576678,0.3765787872662466,0.1742671566685632,0.9594510758643885,0.0,0,Cash-flow stretched
1305,5,4254.376,3138.852,0.276,1337.57,0.4,0.35,479.87600000000003,0.16724686684887968,0.2682958280429791,0.20728013861213457,0.8258754394326664,0.4,3,Debt-pressure spenders
1306,3,3860.763333333334,3273.6333333333337,0.26,1479.8100000000002,0.3333333333333333,0.30666666666666664,451.8833333333334,0.1519102990965366,0.1970134070085973,0.14357293355749987,1.1064175234289708,0.3333333333333333,3,Debt-pressure spenders
1308,2,4189.8150000000005,2475.8,0.135,1714.0149999999999,0.0,0.565,500.63,0.0950467311002017,0.33460640502701355,0.15581728164898972,0.5921670954558034,0.5,3,Debt-pressure spenders
1309,3,3186.976666666667,2915.213333333333,0.3233333333333333,301.09666666666664,0.0,0.31333333333333335,468.93,0.15139932534817685,0.2868425764061871,0.12678081407456374,0.9260580960744385,0.0,0,Cash-flow stretched
1310,5,3984.532,2901.4559999999997,0.2,1100.9959999999999,0.0,0.256,573.62,0.09232161385997255,0.3951015892769414,0.2038034455756644,0.7497274495336701,0.0,2,Resilient investors
1311,3,3154.236666666666,3264.11,0.19000000000000003,252.86666666666667,0.0,0.39333333333333337,606.2133333333333,0.11175187937111176,0.16255698974964627,0.16957557912552892,1.0341667641338075,0.6666666666666666,0,Cash-flow stretched
1312,3,3939.456666666667,3915.6166666666663,0.21666666666666665,246.0,0.0,0.4033333333333333,535.9933333333333,0.051901287561228714,0.14191240812428504,0.13407204812361598,1.006476594433036,0.3333333333333333,3,Debt-pressure spenders
1313,2,3812.2799999999997,2185.42,0.21000000000000002,1626.8600000000001,0.0,0.19,420.625,0.17109262536569775,0.46594438063151894,0.4867246503290156,0.5450128632893397,0.0,2,Resilient investors
1314,6,4186.178333333333,3095.14,0.225,1091.0383333333332,0.0,0.41,413.1816666666667,0.08659732458312068,0.43603465837772065,0.1477772749023415,0.7393330653130077,0.0,3,Debt-pressure spenders
1315,1,2097.52,4403.14,0.37,0.0,0.0,0.28,610.22,0.013821083946756168,0.21318876983243776,0.13670925748443155,2.09921240321904,0.0,0,Cash-flow stretched
1316,1,4729.02,4744.34,0.15,0.0,0.0,0.13,175.21,0.019760965273989115,0.13108461872462765,0.08866986767390195,1.0032395718351794,0.0,3,Debt-pressure spenders
1317,5,4197.982,3095.486,0.23399999999999999,1225.4299999999998,0.0,0.352,633.262,0.131552176942371,0.40032525268775754,0.1852502652266675,0.769441293257484,0.0,3,Debt-pressure spenders
1318,3,3221.9166666666665,2855.41,0.37000000000000005,366.50666666666666,0.0,0.33,474.2966666666667,0.13493103711286283,0.29636607201888693,0.2331212551480544,0.8899556920423981,0.0,0,Cash-flow stretched
1319,1,4463.12,3352.59,0.27,1110.53,0.0,0.16,363.01,0.11427880048038144,0.26600031617346587,0.16720505638923938,0.751176307157325,0.0,3,Debt-pressure spenders
1320,3,3724.5433333333335,2822.0933333333337,0.25,904.9566666666666,0.0,0.32,436.27,0.09561416533129902,0.28979710848289253,0.19621845080755515,0.8066588387792795,0.0,3,Debt-pressure spenders
1321,2,3710.3,3423.275,0.275,718.66,0.0,0.33,814.1700000000001,0.023653525329525145,0.25840099264775185,0.12065180181607518,0.9913375613104973,0.0,3,Debt-pressure spenders
1322,3,4472.203333333334,2478.8433333333337,0.26333333333333336,1993.36,0.3333333333333333,0.4566666666666666,331.5,0.08994740113108175,0.3877761404994741,0.1736114129779137,0.5646658920339427,0.3333333333333333,1,Goal-focused savers
1323,1,4442.21,4621.18,0.24,0.0,0.0,0.42,139.32,0.08395370772655952,0.16626705733167718,0.11684894334347504,1.0402885050459119,0.0,3,Debt-pressure spenders
1324,1,4703.7,3265.06,0.28,1438.64,0.0,0.48,347.59,0.11716521036630738,0.30329917367521575,0.10121712924111656,0.6941471607457959,0.0,3,Debt-pressure spenders
1325,4,4221.837500000001,3506.1775,0.3075,869.8425,0.0,0.2925,548.1675,0.1039193715210365,0.30002132792472186,0.14065921701895853,0.8708986691748103,0.25,3,Debt-pressure spenders
1326,3,4268.86,2465.02,0.15,1803.8400000000001,0.3333333333333333,0.39666666666666667,720.73,0.04883025572041425,0.46062256879479463,0.1907391954584834,0.6138687206543456,0.3333333333333333,1,Goal-focused savers
1327,1,4822.96,3197.11,0.08,1625.85,0.0,0.43,347.64,0.09161386368537164,0.3936899262146126,0.23568159994495028,0.6628937416026672,0.0,3,Debt-pressure spenders
1328,3,4244.306666666666,3159.2999999999997,0.2833333333333334,1085.0066666666664,0.0,0.2733333333333334,248.66333333333333,0.10245136117069491,0.35430779269354673,0.16740954195702995,0.7390578332469704,0.0,3,Debt-pressure spenders
1329,5,3620.542,2529.9139999999998,0.21600000000000003,1343.726,0.2,0.368,479.33599999999996,0.09892886223105778,0.5815544288411267,0.25592624649988643,0.8068682703708987,0.0,2,Resilient investors
1330,2,3911.26,3230.745,0.2,680.515,0.0,0.39,529.4749999999999,0.08491562830771593,0.2880181746768713,0.21259532795156566,0.8403678451213925,0.5,3,Debt-pressure spenders
1331,5,4158.946,3557.774,0.22999999999999998,698.7479999999999,0.0,0.4,295.372,0.10065320511290994,0.2705958284486187,0.1640169350421093,0.8697740405581577,0.2,3,Debt-pressure spenders
1332,5,3652.37,2240.2660000000005,0.142,1412.104,0.2,0.28400000000000003,539.5260000000001,0.144532413944048,0.6541065676434485,0.28513130566412825,0.6359572922076371,0.2,2,Resilient investors
1333,5,3658.332,3140.166,0.27599999999999997,1020.1899999999999,0.0,0.392,529.5899999999999,0.1418268070767828,0.2848027178470118,0.11482894755015867,1.0161372154092987,0.2,0,Cash-flow stretched
1334,3,2408.2933333333335,2941.9599999999996,0.31666666666666665,606.3566666666667,0.0,0.47000000000000003,453.1166666666666,0.19855795721796574,0.39280064748125615,0.15409517002466241,1.5234900536159193,0.3333333333333333,0,Cash-flow stretched
1335,3,3761.9933333333333,4244.94,0.18666666666666668,0.0,0.0,0.25666666666666665,612.9499999999999,0.0887728293923074,0.2677280940450704,0.13187978507555712,1.1334322169374669,0.6666666666666666,0,Cash-flow stretched
1336,4,4140.205,2739.455,0.23,1400.75,0.0,0.2425,581.21,0.16044842888346308,0.3054110268937939,0.29272260100899367,0.6790901173402668,0.0,2,Resilient investors
1337,4,3927.4775,2870.22,0.255,1671.9499999999998,0.25,0.28500000000000003,734.575,0.133748254838944,0.5845762748751409,0.1781962326396349,0.9830709398738223,0.25,2,Resilient investors
1338,3,4592.009999999999,3556.33,0.22666666666666668,1073.59,0.0,0.44333333333333336,430.45,0.07580934805351003,0.2115130812165723,0.14600494011650314,0.807389383759468,1.0,3,Debt-pressure spenders
1339,4,3585.4975,3291.63,0.19,476.5625,0.0,0.3725,522.2275,0.06721169313619642,0.29974522615158644,0.1474715280872781,0.9432790932446794,0.0,3,Debt-pressure spenders
1340,4,4422.1975,3262.325,0.1925,1284.9975,0.25,0.225,606.335,0.08245424595671569,0.4109457466644683,0.17293724409872677,0.7820041681612069,0.5,3,Debt-pressure spenders
1341,4,4269.275,3047.1525,0.20750000000000002,1222.1225,0.0,0.3775,582.325,0.0677511652449806,0.2845952539833833,0.1977476162588321,0.7290095812113356,0.0,3,Debt-pressure spenders
1343,3,5195.656666666667,3417.773333333333,0.20666666666666667,1777.8833333333332,0.3333333333333333,0.35666666666666663,623.77,0.04878698937429329,0.23238492660101076,0.07647870649626731,0.6537341158935629,0.0,3,Debt-pressure spenders
1344,2,3719.075,2767.8599999999997,0.245,951.215,0.0,0.51,557.295,0.06657628802750205,0.4539731215010655,0.16410342108268874,0.7685556642026329,0.0,3,Debt-pressure spenders
1345,3,4011.3566666666666,2769.226666666667,0.3566666666666667,1246.2933333333333,0.0,0.2733333333333334,508.9866666666667,0.1759030121010482,0.46382084224450676,0.20406977005110347,0.7166622081348971,0.0,2,Resilient investors
1346,6,3293.463333333333,2665.695,0.23,828.1816666666667,0.16666666666666666,0.31166666666666665,654.4016666666666,0.20282314400719126,0.37094434013289584,0.2648271936879511,0.822879889166675,0.0,2,Resilient investors
1347,3,3138.123333333333,2234.646666666667,0.19666666666666668,1167.4366666666667,0.0,0.3766666666666667,398.82,0.11892899342213996,0.5384993554689436,0.38435584440665044,0.7806738977843181,0.3333333333333333,2,Resilient investors
1348,1,3967.48,4154.02,0.25,0.0,0.0,0.23,740.32,0.10943470414469639,0.23213658095050094,0.08735634397523362,1.0470172502444879,0.0,0,Cash-flow stretched
1349,3,4296.78,3046.9566666666665,0.16333333333333333,1249.8233333333335,0.0,0.2966666666666667,471.98,0.09100776243852508,0.31616694742925316,0.17556619129683085,0.705398052633444,0.0,3,Debt-pressure spenders
1350,4,4513.83,3254.305,0.2425,1561.1125,0.25,0.4125,383.29,0.07695558663899993,0.27766289208677947,0.2546522490057681,0.8027239852416561,0.25,3,Debt-pressure spenders
1351,3,3886.353333333334,2688.146666666667,0.32666666666666666,1198.2066666666667,0.0,0.3,379.6066666666666,0.09574295431280061,0.42819952671990036,0.13132961166644486,0.7446853128160079,0.0,2,Resilient investors
1352,3,3879.3633333333332,2310.08,0.17333333333333334,1569.2833333333335,0.0,0.2833333333333334,452.66,0.13882447792325636,0.5664286262524045,0.2022572263048593,0.6088932752049937,0.0,2,Resilient investors
1353,10,4308.362999999999,3170.098,0.28700000000000003,1235.789,0.0,0.321,421.776,0.11089243005888991,0.3788390042194778,0.18046093006956782,0.7594213117326086,0.1,3,Debt-pressure spenders
1354,4,3891.7275,2201.185,0.1875,1690.5425,0.25,0.275,462.115,0.1492134387537346,0.38019756294635937,0.28759851406811726,0.5772283038255297,0.0,2,Resilient investors
1355,9,4003.6511111111113,2743.148888888889,0.25,1280.0577777777778,0.1111111111111111,0.3788888888888889,589.3166666666667,0.10792745188035412,0.4825820043248606,0.25883727033367493,0.7144205652219203,0.1111111111111111,2,Resilient investors
1357,4,3486.4625,3195.035,0.29500000000000004,792.7674999999999,0.0,0.355,400.71,0.12166949996750177,0.5547095399995087,0.18580457809876605,0.9982339324399708,0.25,0,Cash-flow stretched
1358,4,3165.485,3475.675,0.24,326.71250000000003,0.0,0.4225,531.17,0.1282559199495321,0.2755385451036061,0.195064079043209,1.158626449349766,0.5,0,Cash-flow stretched
1359,3,5141.493333333333,3111.0733333333333,0.16333333333333333,2030.42,0.3333333333333333,0.3333333333333333,534.5133333333333,0.0688931466832589,0.3525580803038458,0.18007323393960992,0.6363348308122868,0.0,1,Goal-focused savers
1361,3,3466.986666666666,3458.9,0.1366666666666667,368.6233333333333,0.0,0.27999999999999997,582.9499999999999,0.14909907028656535,0.36686212211744684,0.1822912859806591,1.0659422800341534,0.0,0,Cash-flow stretched
1362,3,2643.2766666666666,3106.013333333334,0.11666666666666668,278.61333333333334,0.0,0.35666666666666663,507.8,0.2846408251086615,0.33146550082381904,0.20282750305816424,1.3139817594034315,0.3333333333333333,0,Cash-flow stretched
1363,2,4486.355,2925.835,0.13,1560.52,0.0,0.42,322.91999999999996,0.05448537805819642,0.626324762802152,0.14447731228573438,0.6634297930754265,0.0,3,Debt-pressure spenders
1367,2,4757.1050000000005,3635.3599999999997,0.29000000000000004,1121.745,0.0,0.26,520.8,0.0742495759719226,0.25222748101453896,0.14764881094388843,0.7944740944456248,0.5,3,Debt-pressure spenders
1368,2,3054.395,2692.99,0.355,369.445,0.0,0.365,345.94,0.11465623805769715,0.18544479769125186,0.21191242555756085,0.8663052135663954,0.0,0,Cash-flow stretched
1369,4,4873.6975,3210.6875,0.18,1663.01,0.0,0.2425,566.7475,0.10987712556736676,0.3792928010745057,0.18320818093736596,0.6652986703317825,0.5,3,Debt-pressure spenders
1370,7,3988.312857142857,2615.7442857142855,0.18142857142857144,1402.8642857142856,0.0,0.2571428571428572,484.3385714285714,0.19733772899149912,0.47936510944778205,0.27226978179123157,0.7373785791156898,0.2857142857142857,2,Resilient investors
1371,9,3848.326666666667,3228.6422222222222,0.20555555555555557,780.2966666666666,0.0,0.3222222222222222,572.5355555555556,0.113858073376426,0.3413908638639052,0.20697428738770848,0.8538090121548569,0.0,3,Debt-pressure spenders
1372,5,3743.3300000000004,2721.7419999999997,0.304,1099.6879999999999,0.0,0.348,416.242,0.11940321896937234,0.5340295999970615,0.12865936683557924,0.7408623657317757,0.6,2,Resilient investors
1373,2,5334.035,3733.95,0.2,1600.085,0.0,0.27,513.7,0.04010632951859858,0.23936244388548478,0.10397237229705761,0.7036963090443213,0.0,3,Debt-pressure spenders
1374,5,4296.064,2741.75,0.22000000000000003,1554.3139999999999,0.2,0.372,556.596,0.06733200841351032,0.24344435762724487,0.2712576628757091,0.6790723264599505,0.2,2,Resilient investors
1375,2,4196.875,2864.245,0.14500000000000002,1332.63,0.0,0.235,621.78,0.032409216421798476,0.61140448807608,0.22778421088988643,0.6870497018950146,0.5,2,Resilient investors
1376,2,4230.12,3160.005,0.16999999999999998,1303.0,0.0,0.35,414.375,0.09536740776965047,0.0797908596985525,0.232525527422006,0.8231263612746571,0.0,3,Debt-pressure spenders
1377,2,4231.635,2423.88,0.235,1807.755,0.5,0.265,699.8399999999999,0.04818271432205546,0.4266895114279852,0.16826881294943508,0.5873073495583948,0.0,1,Goal-focused savers
1378,9,4588.541111111112,2993.6344444444444,0.2922222222222222,1703.7422222222222,0.1111111111111111,0.29333333333333333,543.7455555555556,0.07972977392354824,0.4171071012242429,0.2061961507126338,0.6837776238248955,0.6666666666666666,2,Resilient investors
1379,2,5168.52,2566.13,0.25,2602.3900000000003,0.5,0.18,569.21,0.039838897928931076,0.5798550849335297,0.06476466356902619,0.5005897408678955,0.0,1,Goal-focused savers
1380,2,5399.545,2422.4049999999997,0.315,2977.1400000000003,0.5,0.185,459.1,0.060926986315319474,0.2866148196796079,0.17477949815828966,0.47540770331737303,0.5,1,Goal-focused savers
1382,2,2459.925,3391.415,0.18,0.0,0.0,0.38,592.5899999999999,0.13598845460167228,0.3251744609403409,0.18096179166263676,1.4197884504849392,0.5,0,Cash-flow stretched
1383,5,4205.01,3160.828,0.194,1102.92,0.0,0.356,569.552,0.0885660991458063,0.3475761411547679,0.13986699928702057,0.7958402642742703,0.0,3,Debt-pressure spenders
1384,5,4119.152,2759.666,0.172,1359.486,0.2,0.41400000000000003,543.112,0.11054856169809883,0.3309916965322624,0.18570338326800298,0.6772587615092343,0.0,3,Debt-pressure spenders
1385,1,4223.73,2656.71,0.38,1567.02,0.0,0.28,702.12,0.1072843197836983,0.10238979790793876,0.19368316451550976,0.628996171630289,0.0,2,Resilient investors
1386,1,5111.08,3601.36,0.12,1509.72,0.0,0.21,260.95,0.05445033143680005,0.2821989470644423,0.23562209831841302,0.7046182020238384,0.0,3,Debt-pressure spenders
1387,4,4300.8125,3560.8650000000002,0.2225,813.7675,0.0,0.3025,631.5925,0.11877379826069183,0.29238958249159946,0.10844154544614641,0.8518915157968935,0.25,3,Debt-pressure spenders
1388,2,5133.945,3038.5299999999997,0.265,2095.415,0.0,0.48,556.485,0.02714061138763791,0.327166448745766,0.16178760774714476,0.6125951938065128,0.5,3,Debt-pressure spenders
1389,5,3631.244,3936.522,0.22000000000000003,319.366,0.0,0.37,553.608,0.10189697354108644,0.1829350405226702,0.12167416698469198,1.1133874663988514,0.0,0,Cash-flow stretched
1390,4,3218.45,2954.7574999999997,0.2825,516.005,0.0,0.2375,594.18,0.15735341313186743,0.414350068257777,0.14963832447476422,0.9547926031504277,0.25,0,Cash-flow stretched
1391,3,3887.6366666666668,2126.06,0.19000000000000003,1761.5766666666666,0.3333333333333333,0.45999999999999996,521.3733333333333,0.15177487778802837,0.7207598729416359,0.25119330180743443,0.5969580803514026,0.0,2,Resilient investors
1392,3,3883.2899999999995,3425.06,0.09000000000000001,459.31,0.0,0.21,528.2333333333332,0.07990713367464429,0.234460988621409,0.15518853097975197,0.9061224924597164,0.3333333333333333,3,Debt-pressure spenders
1393,2,3703.7650000000003,3474.96,0.215,538.33,0.0,0.3,321.765,0.010426199257366786,0.16275372939497582,0.12815592049668328,0.9555601254987869,0.5,3,Debt-pressure spenders
1394,3,3506.0433333333335,3371.6299999999997,0.18000000000000002,691.1999999999999,0.0,0.2866666666666667,590.5500000000001,0.1402758814693413,0.34424131488385545,0.0774394020848292,1.0447096610529176,0.3333333333333333,0,Cash-flow stretched
1395,4,3993.26,2924.0525,0.2575,1307.2675,0.0,0.445,600.7075,0.06866357588300967,0.41718566560867376,0.18914516231416637,0.7980789092704169,0.0,3,Debt-pressure spenders
1396,2,4397.785,2388.215,0.14,2009.57,0.5,0.30000000000000004,448.47,0.09377306529276441,0.5284935579229325,0.506940618148827,0.5720348475044653,0.0,1,Goal-focused savers
1397,3,3928.08,2816.65,0.2333333333333333,1325.2266666666667,0.0,0.19666666666666666,536.09,0.0928070866716562,0.5551898354540802,0.24149532889505507,0.75923300260914,0.0,2,Resilient investors
1398,2,3505.245,2899.65,0.24,605.595,0.0,0.495,588.695,0.09046321204680008,0.3485138638916418,0.19315114804355918,0.8309549927856636,0.0,3,Debt-pressure spenders
1399,4,4079.165,2803.31,0.24500000000000002,1445.0475000000001,0.0,0.345,597.3075,0.08141076531571514,0.4736430795294305,0.2061868396968879,0.726718713402538,0.25,2,Resilient investors
1400,3,4545.19,3049.986666666666,0.2333333333333333,1495.2033333333336,0.0,0.43,315.07666666666665,0.08454693525607145,0.6366957327966314,0.17886307284029845,0.6994386090057422,0.0,2,Resilient investors
1401,3,3778.0399999999995,3426.06,0.15333333333333332,453.78999999999996,0.0,0.36999999999999994,335.69,0.13836358494014012,0.4108090344446455,0.14895016040379153,0.9114483246572043,0.0,3,Debt-pressure spenders
1402,4,3372.31,3482.8025000000002,0.2975,567.4875,0.0,0.39,525.87,0.1347216225207435,0.3641679586678305,0.18719117358309287,1.1297908741832765,0.0,0,Cash-flow stretched
1403,2,4242.55,3121.8199999999997,0.275,1206.815,0.0,0.33,585.075,0.06271226897187011,0.5578964025391296,0.1296801647244762,0.8075741594942276,0.0,3,Debt-pressure spenders
1404,5,2894.624,3040.786,0.246,469.256,0.0,0.34199999999999997,527.6560000000001,0.13032719788678174,0.5285321379918066,0.11343745728658675,1.1021811390912366,0.0,0,Cash-flow stretched
1406,5,3873.738,3246.06,0.20600000000000002,627.678,0.0,0.352,609.53,0.08920449181808099,0.35560732306409026,0.17856488558274206,0.8510026953059253,0.2,3,Debt-pressure spenders
1407,2,3532.72,3318.735,0.2,770.985,0.0,0.33999999999999997,605.0,0.14879070877135292,0.3695777629495741,0.19118498909088674,0.9756435337635211,0.5,0,Cash-flow stretched
1408,7,3918.805714285714,3342.2599999999998,0.21714285714285714,636.0971428571429,0.0,0.4114285714285714,489.99142857142857,0.08952958549885728,0.3232276629897859,0.15714127097420033,0.8333841056462507,0.14285714285714285,3,Debt-pressure spenders
1409,1,4088.89,1871.65,0.39,2217.24,0.0,0.34,284.75,0.09839834282653727,0.09222878209066866,0.20037934442871264,0.45774036474446617,0.0,2,Resilient investors
1410,2,3837.295,3335.585,0.32,501.71000000000004,0.0,0.41000000000000003,523.46,0.16521018403802903,0.2760062864851664,0.18289861365754934,0.8443060289498187,0.0,3,Debt-pressure spenders
1411,2,3742.59,1920.13,0.09,1822.46,0.0,0.22999999999999998,335.655,0.1413245729114763,0.32306388231323946,0.3455626832555828,0.5142000339037596,0.0,2,Resilient investors
1412,2,3783.755,3245.185,0.345,886.85,0.0,0.2,512.365,0.13907060941694604,0.2233685571853896,0.05000029567071302,0.9481965369051257,0.5,0,Cash-flow stretched
1413,2,3392.0649999999996,2322.77,0.135,1069.295,0.0,0.38,520.645,0.10931751499943179,0.6165428737900083,0.22732057437668565,0.6699450843996277,0.5,2,Resilient investors
1414,2,4877.265,3419.58,0.23,1457.685,0.0,0.33,601.01,0.06390068187625805,0.3894884642383566,0.12460762147003664,0.7164444472557273,0.0,3,Debt-pressure spenders
1415,5,4648.8099999999995,3630.0620000000004,0.15,1187.194,0.4,0.41,439.372,0.06746795954727489,0.2562109177272553,0.13398238251252953,0.873309345399228,0.0,3,Debt-pressure spenders
1416,4,3783.875,2985.225,0.20500000000000002,801.7725,0.0,0.39,482.775,0.1137495337397273,0.4106506910087241,0.17377531957903858,0.8109054940690787,0.25,3,Debt-pressure spenders
1417,1,4034.1,2383.82,0.36,1650.28,0.0,0.14,400.84,0.05728911033439925,0.42173486253156695,0.16641776644209713,0.5909174289184701,0.0,2,Resilient investors
1418,4,3853.165,2279.7325,0.28250000000000003,1573.4325,0.0,0.41000000000000003,522.005,0.08172298871359573,0.7845755374887199,0.3463025889357288,0.5988169499702141,0.0,2,Resilient investors
1419,4,4248.87,2712.2,0.3325,1536.67,0.0,0.3575,448.4675,0.0872704044295062,0.36602628876102444,0.2239540493157116,0.6484648995385902,0.25,2,Resilient investors
1420,2,3489.37,3761.01,0.24,372.945,0.0,0.31,405.525,0.16259320880920208,0.3629354317030822,0.1606692582963736,1.0840758176160623,0.0,0,Cash-flow stretched
1421,6,3957.056666666667,2522.2066666666665,0.2383333333333333,1434.8500000000001,0.16666666666666666,0.3133333333333333,469.0216666666667,0.08478040752607645,0.47548052212308,0.15898441840452782,0.6422255068952781,0.0,2,Resilient investors
1422,7,4090.6899999999996,3090.7442857142855,0.15285714285714286,1093.7528571428572,0.14285714285714285,0.39571428571428574,523.08,0.13653987658626343,0.39581800120214794,0.22173423930134842,0.8023943185181571,0.42857142857142855,3,Debt-pressure spenders
1423,4,2254.94,3010.66,0.1775,227.405,0.0,0.22,443.815,0.1371505425637904,0.36206323280529495,0.23735180810600442,1.633823097635985,0.0,0,Cash-flow stretched
1424,4,3772.325,2928.3675000000003,0.2025,1024.92,0.0,0.3025,338.15,0.11695785987551949,0.3373866843560451,0.21161846671631102,0.8209762957144748,0.25,3,Debt-pressure spenders
1425,2,3607.02,3734.3,0.185,82.695,0.0,0.45,227.66,0.11505997223404074,0.2951007359095549,0.15846248451386277,1.0361026499392432,0.0,3,Debt-pressure spenders
1426,4,3011.415,3409.8925,0.2925,99.905,0.0,0.44999999999999996,547.2125,0.17284326792593876,0.42056501407446645,0.11003631543934812,1.1869140031281242,0.0,0,Cash-flow stretched
1427,5,4002.126,2706.638,0.164,1295.488,0.0,0.458,530.818,0.10270759689143169,0.46254637255529446,0.17200224544855286,0.6811401371160153,0.0,3,Debt-pressure spenders
1428,3,3305.94,2611.646666666667,0.19333333333333333,913.94,0.0,0.3499999999999999,708.82,0.20962803145730693,0.4725125718508881,0.1549524389564461,0.9027751504303723,0.0,0,Cash-flow stretched
1431,1,3630.76,1650.04,0.1,1980.72,0.0,0.44,326.46,0.03932234573477729,1.029744733461007,0.43840755375627255,0.45446132490167346,0.0,2,Resilient investors
1432,2,3836.335,2560.7650000000003,0.355,1275.5700000000002,0.5,0.47,650.14,0.09557274539650046,0.3755419192389316,0.3429988187287154,0.714175434556556,0.5,2,Resilient investors
1433,3,3828.3633333333332,2207.1433333333334,0.21333333333333335,1621.22,0.0,0.25666666666666665,490.8733333333333,0.1351436819793986,0.53593425500719,0.2821618944977855,0.60033239756555,0.3333333333333333,2,Resilient investors
1434,2,4496.47,2897.6,0.135,1598.87,0.0,0.38,581.9449999999999,0.08390972488941277,0.2681580772482229,0.13867650671714857,0.6430077893355242,0.0,3,Debt-pressure spenders
1435,3,3895.146666666667,3161.453333333333,0.2333333333333333,1202.8366666666666,0.0,0.37666666666666665,551.7933333333333,0.06285472048892755,0.3164909350203335,0.1451629106984012,0.9074079528863251,0.3333333333333333,3,Debt-pressure spenders
1436,2,5219.71,2636.23,0.10500000000000001,2583.48,0.5,0.5349999999999999,316.45,0.05084525071480836,0.4731272760408598,0.1968192253194695,0.5130760865813593,0.0,1,Goal-focused savers
1437,2,4711.21,3640.6600000000003,0.28,1070.55,0.0,0.285,409.52,0.14917649243667538,0.28225690724569646,0.12258844941295874,0.7718449384442285,0.0,3,Debt-pressure spenders
1438,5,3734.108,3215.132,0.244,640.6659999999999,0.0,0.41400000000000003,628.164,0.10539851054976442,0.4328756777833857,0.22653175079813298,0.867304543697777,0.0,3,Debt-pressure spenders
1439,2,5832.48,1898.04,0.13,3934.44,0.5,0.475,507.54999999999995,0.06205013755538098,1.0975396866606355,0.43082408899490165,0.401646759446036,0.0,1,Goal-focused savers
1440,3,4143.296666666666,3302.126666666667,0.25333333333333335,841.1700000000001,0.0,0.2966666666666667,360.3433333333333,0.09124284796266713,0.1951155406559962,0.1039808645300407,0.8058727679011835,0.0,3,Debt-pressure spenders
1442,5,3522.54,3129.2799999999997,0.22800000000000004,479.54200000000003,0.0,0.378,489.10599999999994,0.1750494081670261,0.47385521662750607,0.13658257287385628,0.9182531197950381,0.2,0,Cash-flow stretched
1443,4,4189.865,2515.885,0.18,1673.98,0.25,0.3475,431.8225,0.08524706631513622,0.6549552833844463,0.29631996495586044,0.5811515270407742,0.0,2,Resilient investors
1444,4,4609.8125,3117.0675,0.255,1492.745,0.0,0.42000000000000004,560.7025,0.11421520192308868,0.387036883236608,0.1787042681125048,0.6679426466310143,0.0,3,Debt-pressure spenders
1445,1,4819.52,3501.91,0.23,1317.61,0.0,0.26,489.85,0.04974146803001128,0.34458052891136554,0.20943428014997528,0.7266097038709248,0.0,3,Debt-pressure spenders
1446,4,4094.4825,2142.9700000000003,0.2075,1951.5125,0.25,0.4275,435.72,0.06280540142805908,0.4904104661230675,0.30873280759269733,0.5038936713650242,0.25,2,Resilient investors
1447,4,3793.3875,3277.33,0.20500000000000002,647.88,0.0,0.4425,445.455,0.12748582957230592,0.28427933089323304,0.19365824614639646,0.9028516338785728,0.0,3,Debt-pressure spenders
1448,4,3364.2025,2636.76,0.225,869.26,0.0,0.27999999999999997,377.225,0.10922210278559692,0.3862873632712867,0.16626450631708117,0.8499127620456661,0.0,2,Resilient investors
1449,4,3420.9025,3032.35,0.2875,940.855,0.0,0.3375,717.75,0.10249573493152084,0.37495374841225093,0.15949070205189517,1.0459064684508812,0.0,0,Cash-flow stretched
1450,1,4847.53,2112.68,0.27,2734.85,0.0,0.27,786.34,0.003104673926721444,0.404864910918833,0.15113978453906887,0.43582608049872823,0.0,1,Goal-focused savers
1451,1,3114.69,2511.13,0.3,603.56,0.0,0.11,934.4,0.21938298835518139,0.42231584983652776,0.1725040121379618,0.8062214859263683,0.0,0,Cash-flow stretched
1452,2,3646.365,3936.075,0.27,271.47,0.0,0.30000000000000004,675.115,0.08577765011466335,0.2751898212719234,0.15687664906389642,1.1507186911366065,0.5,0,Cash-flow stretched
1453,5,4406.334000000001,2956.462,0.182,1449.872,0.0,0.49000000000000005,431.758,0.1093420401528995,0.4754822900579655,0.16091168074860515,0.6681146605713687,0.4,3,Debt-pressure spenders
1454,2,4589.795,3498.25,0.14,1091.545,0.0,0.46499999999999997,522.135,0.06168613784895806,0.28311332082286567,0.1566515990190004,0.7943972907250625,0.5,3,Debt-pressure spenders
1455,3,3973.4833333333336,3008.213333333333,0.24,1394.24,0.0,0.36333333333333334,464.26666666666665,0.12806674768173917,0.5751906687160958,0.14149577005472924,0.8586654045477268,0.3333333333333333,3,Debt-pressure spenders
1456,3,4078.83,3706.213333333333,0.1366666666666667,372.6166666666666,0.0,0.27,584.8333333333334,0.06690695471131163,0.27665134948752623,0.13957718931593943,0.9084469237753378,0.0,3,Debt-pressure spenders
1457,2,3717.3450000000003,4106.835,0.11,0.0,0.0,0.375,760.53,0.055308673890561225,0.2050662200759542,0.12186948001559178,1.126724297110722,0.5,0,Cash-flow stretched
1458,5,3335.1879999999996,3291.986,0.174,711.038,0.2,0.284,452.04200000000003,0.12095646606643065,0.33335524210945267,0.16634003965529742,1.1632175408029481,0.0,0,Cash-flow stretched
1459,5,4246.094,3352.4800000000005,0.22199999999999998,1221.9119999999998,0.2,0.366,506.08600000000007,0.09290987060052984,0.36080131006833716,0.1381034956600758,0.8924956514129667,0.0,3,Debt-pressure spenders
1460,1,4214.59,2935.05,0.34,1279.54,0.0,0.21,145.65,0.17785834446529794,0.5045808418936645,0.1747465971618882,0.6964022597690405,0.0,2,Resilient investors
1461,5,3428.936,2966.088,0.26,758.6039999999999,0.0,0.418,487.532,0.12455809995566487,0.3512622591591476,0.10758883116834997,0.9306356201926904,0.2,3,Debt-pressure spenders
1462,2,3648.7799999999997,2945.23,0.365,703.55,0.0,0.215,359.77,0.11042740033290149,0.2405726033403114,0.20682193498875828,0.8158358027170551,0.0,2,Resilient investors
1463,2,4039.545,3820.47,0.355,504.17,0.0,0.13,600.38,0.18380621184556348,0.3456107132395861,0.1671993572375251,0.967808926437578,0.5,0,Cash-flow stretched
1464,7,3938.218571428571,2903.9085714285716,0.17285714285714285,1203.1828571428573,0.14285714285714285,0.33428571428571424,437.75714285714287,0.1214216758142044,0.24170418181330858,0.17244135585024437,0.789382496661393,0.14285714285714285,3,Debt-pressure spenders
1465,6,4413.3949999999995,3208.486666666666,0.165,1217.1866666666667,0.16666666666666666,0.39166666666666666,492.41499999999996,0.10111526524665732,0.30360313592386484,0.16842152092976545,0.7456595378025539,0.0,3,Debt-pressure spenders
1466,3,4766.88,3768.263333333334,0.19333333333333336,998.6166666666667,0.0,0.36999999999999994,527.1966666666666,0.03460540659538438,0.21636511858751784,0.06764093097739339,0.8034048482304385,0.0,3,Debt-pressure spenders
1467,3,4950.0,3676.976666666667,0.18333333333333335,1273.0233333333333,0.0,0.4166666666666667,647.4833333333333,0.05103408669915943,0.26225815857526824,0.08390223652596444,0.7575018441848841,0.3333333333333333,3,Debt-pressure spenders
1468,3,4341.48,3693.9366666666665,0.3066666666666667,653.9533333333333,0.0,0.45333333333333337,518.9133333333333,0.05524626808338732,0.242563750434494,0.10509227366363949,0.8711625017144953,0.0,3,Debt-pressure spenders
1469,2,3455.675,3729.625,0.25,575.28,0.0,0.485,421.09,0.14638315356208578,0.29875537282694764,0.19599377208317456,1.2113850832872883,0.0,0,Cash-flow stretched
1470,2,5075.32,3910.825,0.16,1164.4950000000001,0.0,0.41,466.15,0.08022140172452764,0.3375629499698911,0.1688730431374324,0.7709210963892772,0.0,3,Debt-pressure spenders
1471,1,2459.45,2956.95,0.18,0.0,0.0,0.19,520.45,0.20330561710951636,0.4518777794687094,0.12178427095486904,1.2022809977840574,0.0,0,Cash-flow stretched
1472,4,3869.1925,3212.9475,0.2225,656.245,0.0,0.4275,589.59,0.06344509641739907,0.3036881910001474,0.13119752940664378,0.8279552148928767,0.25,3,Debt-pressure spenders
1473,6,4075.0483333333336,3140.5499999999997,0.27,1009.855,0.0,0.37666666666666665,409.27500000000003,0.11770942448173162,0.36504572061761076,0.19900259686840127,0.8139082233445899,0.16666666666666666,3,Debt-pressure spenders
1474,6,3535.2316666666666,3411.4833333333336,0.145,701.8033333333333,0.0,0.375,604.7866666666667,0.11015266170235011,0.3042215165024777,0.18885198950736434,1.1569244741962743,0.16666666666666666,0,Cash-flow stretched
1475,4,4769.6875,3176.4775,0.2525,1593.21,0.25,0.32999999999999996,513.545,0.10697352724891851,0.36793055501408717,0.20124222470454792,0.6727171350641471,0.5,2,Resilient investors
1476,1,6768.22,3576.71,0.31,3191.51,1.0,0.54,670.44,0.0,0.1631695049361005,0.05463959896105639,0.5284565218033692,1.0,1,Goal-focused savers
1477,3,3802.8033333333333,3042.0499999999997,0.2333333333333333,1136.4133333333334,0.3333333333333333,0.48,512.6066666666667,0.1928158531248556,0.3828551318456879,0.19157937743873363,0.9795786942244115,0.3333333333333333,3,Debt-pressure spenders
1478,3,3512.4233333333336,2859.7233333333334,0.20666666666666667,782.2400000000001,0.0,0.5333333333333333,656.9566666666666,0.06244695688671115,0.41230255104758506,0.15795705246094238,0.8469127978442503,0.0,3,Debt-pressure spenders
1479,5,4413.884,3027.45,0.274,1386.434,0.0,0.346,561.774,0.11986259970180071,0.3381672783400032,0.1024213732469795,0.697471152468646,0.4,3,Debt-pressure spenders
1480,2,5932.895,3266.175,0.11,2666.7200000000003,0.5,0.55,501.12,0.09837055909066204,0.14502043585034533,0.17364847282406706,0.5763873969880391,0.5,1,Goal-focused savers
1481,2,3981.575,3361.1450000000004,0.24,620.43,0.0,0.43500000000000005,476.4,0.1676791073566388,0.3622131576685478,0.11466255888791393,0.8486499559072149,0.0,3,Debt-pressure spenders
1482,4,5049.3150000000005,2174.5025,0.295,2874.8125,0.5,0.27749999999999997,342.325,0.07888641919725367,0.7169889043709536,0.3214284297453318,0.44341866855399154,0.0,1,Goal-focused savers
1483,4,3664.3849999999998,2981.81,0.28,682.575,0.0,0.295,515.1575,0.09106073309150894,0.40631774171919377,0.1877656044662938,0.8318856149262996,0.5,3,Debt-pressure spenders
1484,4,3918.395,3464.66,0.265,495.8175,0.0,0.35,374.1325,0.13622038844247653,0.3597511794804421,0.19888855240796477,0.8825438645403976,0.0,3,Debt-pressure spenders
1485,1,2761.4,3472.7,0.11,0.0,0.0,0.28,701.48,0.0,0.2165404440349008,0.1427822731592133,1.2575867313681466,0.0,0,Cash-flow stretched
1486,2,3930.9300000000003,2614.835,0.145,1380.625,0.5,0.345,573.165,0.10123762987050283,0.6525874280365228,0.3754434417738658,0.7193004541087423,0.5,1,Goal-focused savers
1487,2,3664.13,2738.86,0.1,925.27,0.0,0.5,514.255,0.12839206711751436,0.3484162115851679,0.21558787864176793,0.7544003630003506,0.0,3,Debt-pressure spenders
1488,2,3769.7,3384.7200000000003,0.2,660.88,0.0,0.38999999999999996,666.45,0.10421124100006698,0.2851175700243177,0.1710957779071452,0.9453474811843932,0.0,3,Debt-pressure spenders
1489,1,3219.47,2409.59,0.28,809.88,0.0,0.47,568.4,0.2000205002686778,0.483849949576484,0.25337505550736844,0.7484430667159502,0.0,2,Resilient investors
1490,2,4125.3150000000005,2637.91,0.265,1487.405,0.0,0.355,645.09,0.12036813150514056,0.420650670701584,0.23726947154832134,0.6519361061973215,0.0,2,Resilient investors
1491,3,3267.6566666666663,3380.9533333333334,0.23333333333333336,585.3866666666667,0.0,0.30333333333333334,541.6966666666666,0.33394919540911056,0.2959510530902156,0.11733549203802691,1.2454860989851768,0.3333333333333333,0,Cash-flow stretched
1492,1,4878.89,3662.04,0.35,1216.85,0.0,0.51,756.85,0.14904824662986868,0.28835840132822144,0.20686557219473298,0.750588760968171,0.0,3,Debt-pressure spenders
1493,2,4854.219999999999,4029.0299999999997,0.22499999999999998,825.19,0.0,0.345,390.445,0.0920588551498608,0.27404604784284775,0.15725000418980933,0.829244915191941,0.0,3,Debt-pressure spenders
1494,5,3603.3199999999997,2927.5060000000003,0.188,1005.72,0.0,0.26,562.988,0.09584830071080311,0.39280491308161364,0.24980748395462576,0.8761473253314511,0.0,2,Resilient investors
1495,5,4228.248,2563.672,0.16599999999999998,1784.4119999999998,0.4,0.32599999999999996,554.25,0.12475773538108167,0.23119299670721105,0.22582776133524973,0.643107272977267,0.0,2,Resilient investors
1496,1,5531.43,2702.48,0.11,2828.95,0.0,0.3,662.43,0.07905369859150345,0.4300531363784376,0.14335721263432108,0.4885680556384154,0.0,1,Goal-focused savers
1497,3,5133.596666666667,2901.5200000000004,0.21,2232.076666666667,0.3333333333333333,0.32,568.34,0.12219241795740506,0.4841227247168547,0.11272319541301186,0.577157867653189,0.6666666666666666,1,Goal-focused savers
1498,3,4264.343333333333,2751.58,0.29,1684.6733333333332,0.3333333333333333,0.3933333333333333,581.03,0.09842114399999709,0.3738802568938646,0.2867942068929812,0.6688703474191464,0.0,2,Resilient investors
1499,3,3750.0533333333333,3411.1066666666666,0.15,880.7366666666667,0.0,0.3066666666666667,430.58,0.0669774166908404,0.3939844277896574,0.11948575680305944,1.0868623882968833,0.0,3,Debt-pressure spenders
1500,2,5640.005,2176.835,0.18,3463.17,1.0,0.43000000000000005,424.92499999999995,0.08086072786996415,0.3466694726187064,0.18857921364550112,0.3896067593464764,1.0,1,Goal-focused savers
1501,3,4793.673333333333,3612.193333333333,0.26,1181.4799999999998,0.0,0.2833333333333333,609.57,0.10812208692048929,0.25441325206252735,0.15873580062655443,0.7624606335084437,0.3333333333333333,3,Debt-pressure spenders
1502,8,3928.6037499999998,3446.3575,0.27875,542.8325,0.0,0.38625,426.44625,0.09744657418605542,0.18085524746412246,0.1569400580152293,0.8893178743099088,0.125,3,Debt-pressure spenders
1503,2,4060.6,3443.49,0.245,803.825,0.0,0.39,293.54,0.12792818342295942,0.30011034588918517,0.11511188145237808,0.8600270519061404,0.5,3,Debt-pressure spenders
1504,2,2895.4750000000004,2090.79,0.295,1175.52,0.0,0.25,502.665,0.23871795086669872,0.6238401382349181,0.13411890524229045,0.8919032857050788,0.5,2,Resilient investors
1505,3,3518.0166666666664,3032.8033333333333,0.26333333333333336,778.2133333333335,0.0,0.44,550.9866666666667,0.04659549742091413,0.378405647591978,0.19940694041816762,0.8824376148443548,0.3333333333333333,3,Debt-pressure spenders
1506,2,3794.21,2264.625,0.24,1529.585,0.0,0.245,479.46500000000003,0.07351289799574798,0.3396789320596114,0.36517642406945805,0.6112072544284219,0.0,2,Resilient investors
1507,2,5155.395,3105.16,0.08499999999999999,2050.235,0.5,0.395,332.24,0.10921123423369064,0.06398503499879314,0.14986124147836025,0.6227398073517343,0.0,1,Goal-focused savers
1509,2,4906.965,3189.13,0.32999999999999996,1717.835,0.5,0.385,249.69,0.07366037705343423,0.3702421565563263,0.16842452741805067,0.6392198711722246,0.5,1,Goal-focused savers
1510,5,4527.346,2975.984,0.24,1564.7540000000001,0.2,0.42000000000000004,466.384,0.07478825293700643,0.25294588359837833,0.28217779149951105,0.6670636909811888,0.2,2,Resilient investors
1511,6,4115.048333333333,3433.69,0.21333333333333335,745.945,0.16666666666666666,0.37166666666666665,512.905,0.14138618096908573,0.3124833004427204,0.16251520292908656,0.8583461136588201,0.0,3,Debt-pressure spenders
1512,3,5044.463333333333,2324.65,0.20666666666666667,2719.8133333333335,0.6666666666666666,0.3,652.0233333333333,0.08461758806399382,0.9792099989128126,0.39760118370083913,0.5115269086918198,0.0,1,Goal-focused savers
1513,2,3760.46,2209.075,0.225,1551.385,0.0,0.37,703.53,0.21090946900637592,0.1963666804386648,0.16585588128411557,0.5897788862106115,0.0,2,Resilient investors
1514,3,4258.036666666667,3017.28,0.21666666666666667,1291.9966666666667,0.0,0.41333333333333333,495.99666666666667,0.061248258786137426,0.3022191312820612,0.167788480069775,0.7400350371244736,0.0,3,Debt-pressure spenders
1515,1,4263.13,1756.35,0.38,2506.78,0.0,0.39,366.24,0.24117256569703482,0.37692942750590713,0.3077404845275714,0.4119860290443875,0.0,2,Resilient investors
1516,4,4192.085,3280.1375,0.25,951.48,0.0,0.4,577.59,0.05970561625914535,0.1508559424699174,0.14155094345868086,0.8024258892482032,0.0,3,Debt-pressure spenders
1517,3,5106.43,2520.9,0.19333333333333333,2585.53,0.6666666666666666,0.35333333333333333,483.44666666666666,0.058140244684239485,0.5891955222063752,0.17239729564496473,0.49101147988153526,0.3333333333333333,1,Goal-focused savers
1518,3,3479.53,2982.6366666666668,0.25,496.8933333333334,0.0,0.46,457.0733333333333,0.1100751173816789,0.2329043835923202,0.15273689834613405,0.8768821963077967,0.3333333333333333,3,Debt-pressure spenders
1519,2,4026.05,3433.895,0.275,1309.0,0.5,0.18,403.71,0.11278776451202227,0.39190825359017556,0.1481400872463673,1.036064663619615,0.0,3,Debt-pressure spenders
1520,2,4031.395,2798.6949999999997,0.265,1232.7,0.0,0.29500000000000004,363.615,0.06484302655441754,0.48207552163766065,0.23713293951722397,0.6835542734523727,0.0,2,Resilient investors
1521,6,4569.075,2997.9733333333334,0.23666666666666666,1571.1016666666667,0.0,0.27499999999999997,437.99,0.0736650879280824,0.2698901212951849,0.20532780156105093,0.6514814589557214,0.3333333333333333,3,Debt-pressure spenders
1522,3,5093.316666666667,2790.0033333333336,0.13,2303.3133333333335,0.3333333333333333,0.33,390.90333333333336,0.11800709776553302,0.4667036152637649,0.22956601877907748,0.5545787848952873,0.3333333333333333,1,Goal-focused savers
1523,1,4430.53,3054.13,0.06,1376.4,0.0,0.59,471.15,0.16016593951513702,0.4445161142453006,0.10944524299882454,0.6893373930432702,0.0,3,Debt-pressure spenders
1524,2,4550.205,3656.3,0.19,893.905,0.0,0.475,561.085,0.13694686643577134,0.39186648034641713,0.11542821764165814,0.7976019863373407,0.5,3,Debt-pressure spenders
1525,4,3563.2124999999996,2370.61,0.1525,1197.6475,0.25,0.3775,629.5575,0.158822081252723,0.3808616669515956,0.26119525065098936,0.7118203671844487,0.25,2,Resilient investors
1526,2,3641.63,3250.71,0.31,1136.495,0.0,0.36000000000000004,464.905,0.07881684254159606,0.36478454232210433,0.1759423879217614,1.0454013679755052,0.5,3,Debt-pressure spenders
1527,1,4743.64,3230.18,0.3,1513.46,0.0,0.59,447.11,0.02011957062508959,0.06505210235962083,0.10493223287866311,0.6809496504793786,0.0,3,Debt-pressure spenders
1528,4,4136.5275,3528.5975,0.20750000000000002,1278.3049999999998,0.25,0.20750000000000002,458.14500000000004,0.048267353971817396,0.4739217371013449,0.15258774676832687,1.0111756678735846,0.0,3,Debt-pressure spenders
1529,6,4327.845,3470.3799999999997,0.245,1104.7416666666666,0.16666666666666666,0.2833333333333333,752.0666666666666,0.07224561490281123,0.1590087145094163,0.16959823738744936,0.8653131937215525,0.3333333333333333,3,Debt-pressure spenders
1530,3,3369.2999999999997,3407.5033333333336,0.24,234.70333333333335,0.0,0.3499999999999999,342.06666666666666,0.17923173012254479,0.32877448163831563,0.20331739244441593,1.0078579219662769,0.0,0,Cash-flow stretched
1531,2,4571.57,2665.305,0.305,1906.2649999999999,0.0,0.26,677.5999999999999,0.04256481329484545,0.43970853346734595,0.17343002744634867,0.5806436931344006,0.0,2,Resilient investors
1532,8,3482.92,2757.57,0.2025,725.35,0.0,0.38125000000000003,510.1325,0.05509923941607688,0.35462792392481945,0.17358897599811138,0.7982791192122243,0.125,3,Debt-pressure spenders
1533,3,4658.56,3496.75,0.37666666666666665,1161.8100000000002,0.0,0.25666666666666665,451.4266666666667,0.07392889693293726,0.2789797968801338,0.1613376847176485,0.7539743288331896,0.0,3,Debt-pressure spenders
1534,2,3729.87,3115.485,0.29,614.385,0.0,0.375,453.97,0.05974229225356236,0.3418206000883593,0.10081639600266527,0.8430633876323197,0.5,3,Debt-pressure spenders
1535,3,3690.9566666666665,2806.9066666666663,0.26333333333333336,1137.59,0.0,0.2333333333333333,413.68666666666667,0.08885121092781571,0.28176212285728935,0.22923022721886097,0.8473944131807757,0.3333333333333333,2,Resilient investors
1536,2,3330.38,3802.3950000000004,0.245,142.785,0.0,0.22999999999999998,652.085,0.09301047971080717,0.4261667538557917,0.1049600644123728,1.204810135056529,0.5,0,Cash-flow stretched
1537,1,5138.61,2285.36,0.29,2853.25,1.0,0.18,766.02,0.06092309009634902,0.40816764098435254,0.4288339692652361,0.44474283901677697,0.0,1,Goal-focused savers
1538,4,4239.0625,3490.375,0.2725,748.6875,0.0,0.335,558.2925,0.06407861333832572,0.4217424370856086,0.1497347714232223,0.8494819776919603,0.25,3,Debt-pressure spenders
1539,2,4234.84,3876.565,0.335,882.98,0.0,0.335,721.66,0.010007540125617337,0.24229995512564959,0.16128048050554333,0.9894961026010172,0.5,3,Debt-pressure spenders
1540,6,3254.905,2924.168333333333,0.18833333333333332,683.8916666666668,0.0,0.2916666666666667,581.105,0.19218397333441506,0.36336058356882744,0.1758893590037347,1.0189826002648152,0.16666666666666666,0,Cash-flow stretched
1541,3,4308.383333333333,3242.9300000000003,0.10999999999999999,1065.4533333333334,0.0,0.4066666666666667,451.9533333333333,0.11756875359040002,0.2969009993820769,0.16672020571872723,0.7578613182151518,0.3333333333333333,3,Debt-pressure spenders
1542,3,3635.66,2669.5033333333336,0.2966666666666667,1129.2066666666667,0.3333333333333333,0.44333333333333336,665.3933333333333,0.1485177717536248,0.4645479654666112,0.22091041863956096,0.8705343125275481,0.3333333333333333,2,Resilient investors
1543,6,4396.676666666666,3537.655,0.24333333333333332,1055.765,0.0,0.36166666666666664,408.2,0.08715402328993903,0.2766312634348626,0.1588464645708192,0.8448408220459047,0.3333333333333333,3,Debt-pressure spenders
1544,3,3864.0099999999998,2641.0766666666664,0.38000000000000006,1261.7333333333333,0.3333333333333333,0.3666666666666667,359.83,0.0955794958586078,0.47099013271246415,0.14187359299131128,0.7653657322974502,0.0,2,Resilient investors
1545,3,5178.703333333334,3116.74,0.34,2061.9633333333336,0.3333333333333333,0.24,693.66,0.017928150155073812,0.1817459740399919,0.21708444689031436,0.6289703565918384,0.6666666666666666,1,Goal-focused savers
1546,2,4025.91,1948.35,0.165,2077.56,0.0,0.33,252.98,0.1393979500064492,0.8431671557080735,0.28545917991327163,0.47319656455817416,0.0,2,Resilient investors
1547,2,4200.865,3779.625,0.34,588.74,0.0,0.38,737.375,0.20027128023201138,0.20953206757198695,0.1822060139344567,0.9115624891905338,0.0,0,Cash-flow stretched
1548,2,3428.67,2767.67,0.165,661.0,0.0,0.55,838.5550000000001,0.16213360880096464,0.3665641382844958,0.1038327349981032,0.809513770354096,0.0,3,Debt-pressure spenders
1549,4,3733.85,2865.9025,0.2625,977.82,0.0,0.295,608.7425000000001,0.14871334593453903,0.35425622816320385,0.2498007243271309,0.7929589437632161,0.25,2,Resilient investors
1550,2,2981.535,3771.885,0.29000000000000004,0.0,0.0,0.385,435.28,0.13880839386750896,0.2772961056468665,0.1369846950311353,1.2780606803140486,0.5,0,Cash-flow stretched
1551,5,3307.6699999999996,3168.738,0.16799999999999998,538.6479999999999,0.0,0.426,574.604,0.12312953535366158,0.3422507813524074,0.22091861640485777,1.0104710491393742,0.4,0,Cash-flow stretched
1552,3,3751.903333333333,2167.3633333333332,0.1366666666666667,1584.54,0.0,0.2833333333333333,401.3533333333333,0.11606596373242008,0.5495873996301003,0.19519701030642186,0.5816718974850025,0.0,2,Resilient investors
1553,6,4009.2616666666668,3354.6983333333333,0.24833333333333332,1042.5966666666666,0.16666666666666666,0.3283333333333333,463.49333333333334,0.0855036159047012,0.31773794696091223,0.19471698770512433,0.8806229224614303,0.16666666666666666,3,Debt-pressure spenders
1554,2,4519.395,2370.33,0.225,2149.065,0.5,0.41500000000000004,507.32500000000005,0.13887632255928745,0.3087861992946922,0.20812074776396222,0.5289340921739235,0.0,1,Goal-focused savers
1555,4,3130.445,3843.5275,0.18,440.4325,0.0,0.3375,552.0975,0.07011932111227427,0.26192279418427095,0.08330958809423991,1.47830336637233,0.0,0,Cash-flow stretched
1556,2,4542.415,3105.035,0.19999999999999998,1437.38,0.0,0.485,418.74,0.07559624315199275,0.21503109771204348,0.1730056561553858,0.6887919744924742,1.0,3,Debt-pressure spenders
1557,3,3877.5400000000004,3216.876666666667,0.16666666666666666,661.6433333333333,0.0,0.21666666666666667,607.8966666666666,0.09141554421133256,0.3614168861099552,0.12724461326091088,0.8420427417007348,0.0,3,Debt-pressure spenders
1560,3,4133.63,3823.036666666667,0.26666666666666666,603.0966666666667,0.0,0.43,468.71999999999997,0.10814517237353449,0.29365120759222685,0.14309376048038722,0.964652993307305,0.3333333333333333,3,Debt-pressure spenders
1561,1,5173.36,1901.57,0.26,3271.79,1.0,0.46,253.85,0.06715558167225943,0.47960369589339336,0.420599820148614,0.3675696259297633,1.0,1,Goal-focused savers
1562,1,3704.46,2639.58,0.07,1064.88,0.0,0.21,564.8,0.18247193923000923,0.2601133513665053,0.18479455064820918,0.7125410991075622,0.0,3,Debt-pressure spenders
1563,4,4455.1775,3366.0924999999997,0.22749999999999998,1293.0625,0.0,0.3175,542.275,0.09119417320353515,0.4243208288752288,0.17455702149405697,0.7962042097941748,0.0,3,Debt-pressure spenders
1565,5,4541.438,3156.748,0.22800000000000004,1384.69,0.0,0.246,593.894,0.07202983425305835,0.3816763098754278,0.16780265857059753,0.715389919717736,0.0,3,Debt-pressure spenders
1566,4,3213.2525,3921.785,0.22,257.3125,0.0,0.325,414.21,0.106017522511716,0.32609929423987005,0.12881365688618554,1.373390685606947,0.0,0,Cash-flow stretched
1567,5,4054.7400000000002,2779.764,0.21000000000000002,1451.942,0.2,0.382,523.088,0.10263166155551776,0.41368199763290764,0.27198819996187684,0.7455959025803728,0.0,2,Resilient investors
1568,5,3509.826,2651.13,0.32599999999999996,858.6959999999999,0.0,0.252,427.86400000000003,0.0979475801666247,0.310530604683998,0.19120530898964705,0.7560175628706636,0.4,2,Resilient investors
1570,5,3662.014,3282.2599999999998,0.262,816.232,0.0,0.348,548.786,0.09114635751981688,0.2705032054099841,0.14428525734848197,1.0171478207222315,0.4,3,Debt-pressure spenders
1571,6,4047.34,2483.17,0.26333333333333336,1564.17,0.16666666666666666,0.35833333333333334,574.2183333333334,0.09275900896041615,0.29749850544243467,0.23671606560736114,0.6257442945523994,0.3333333333333333,2,Resilient investors
1572,9,3747.6377777777775,2981.7644444444445,0.24666666666666665,911.0277777777778,0.1111111111111111,0.38666666666666666,326.86333333333334,0.12839858734653806,0.31792790081218825,0.18843249963952044,0.8346875721223552,0.1111111111111111,3,Debt-pressure spenders
1573,3,4404.55,3139.81,0.15333333333333335,1322.3966666666668,0.3333333333333333,0.42,468.01,0.12194619862899603,0.30401349830843954,0.21252427796701456,0.7373996887968811,0.0,3,Debt-pressure spenders
1574,4,4119.97,2834.0225,0.2825,1339.9425,0.25,0.3775,511.63,0.12816643756320306,0.46805058671058164,0.21288966532756004,0.7241990954213218,0.0,2,Resilient investors
1575,3,4812.53,2885.56,0.32,1926.97,0.3333333333333333,0.43333333333333335,545.5133333333333,0.09930859989402707,0.2208804349438133,0.12783433097835953,0.6402385920748362,0.6666666666666666,1,Goal-focused savers
1577,3,5137.2733333333335,3038.2100000000005,0.32,2099.0633333333335,0.0,0.36000000000000004,289.58,0.06267806490604737,0.4916074677433502,0.1487420996499033,0.5935794711586707,0.0,2,Resilient investors
1578,4,3909.5125,3329.2075,0.115,862.0,0.0,0.315,557.025,0.11386512229424578,0.2988352743608858,0.06949124361396974,0.8487774814600533,0.5,3,Debt-pressure spenders
1579,5,4083.7660000000005,3361.2,0.33399999999999996,722.566,0.0,0.304,564.73,0.06902826746982871,0.4361852273261914,0.16956675619941028,0.821889889100941,0.2,3,Debt-pressure spenders
1580,7,4088.0328571428577,3155.694285714286,0.18142857142857144,1036.8914285714286,0.0,0.3742857142857143,518.4714285714286,0.10067972890261202,0.4022287792493758,0.17982915701656665,0.8256019218410965,0.14285714285714285,3,Debt-pressure spenders
1581,8,3797.35,2777.42625,0.255,1204.22125,0.125,0.36375,540.755,0.08487809142959019,0.32357063276836534,0.16259276563505806,0.9144414538659701,0.25,3,Debt-pressure spenders
1582,2,4352.93,1751.355,0.12,2601.575,0.5,0.515,434.505,0.16046395597887247,0.5664361669479261,0.1055617895965931,0.4127842976191255,0.0,1,Goal-focused savers
1583,2,4633.99,2933.75,0.32999999999999996,1700.24,0.0,0.325,603.19,0.09392242119498675,0.3306009778668546,0.18655134568499315,0.6403936054483765,0.0,2,Resilient investors
1584,6,3757.7383333333332,2995.6083333333336,0.16,918.7433333333333,0.0,0.39333333333333337,378.32666666666665,0.14795440504442084,0.31756608586406954,0.22900603623128268,0.8608858394969071,0.5,3,Debt-pressure spenders
1585,6,3850.1299999999997,3095.638333333334,0.24,1084.1683333333333,0.0,0.31666666666666665,603.2783333333333,0.14636807063988508,0.30705126023677315,0.19440023791913422,0.9010206691375081,0.16666666666666666,3,Debt-pressure spenders
1586,2,4179.71,2596.86,0.18,1582.85,0.5,0.395,397.69500000000005,0.09115760708683189,0.5817552093335425,0.23760192553175508,0.6440686311773623,0.0,1,Goal-focused savers
1587,3,3552.03,2893.8833333333337,0.17666666666666667,874.3800000000001,0.0,0.31666666666666665,607.9799999999999,0.0673392415177847,0.4451839585308554,0.2820637713200488,0.8441834988875622,0.3333333333333333,2,Resilient investors
1588,4,4350.5075,2012.8875,0.2425,2337.62,0.5,0.35,455.39750000000004,0.07983196678569429,0.6165438003800827,0.21228145035735307,0.47058323208774555,0.25,1,Goal-focused savers
1589,4,3451.125,3059.04,0.13,938.01,0.0,0.36,504.4025,0.10505456986176004,0.09835433059813584,0.18605519451350416,0.9908458597294251,0.25,3,Debt-pressure spenders
1591,2,4408.505,4451.875,0.29000000000000004,337.79,0.0,0.43,431.485,0.08292307186345438,0.3095400861807547,0.11194415921837933,1.035784394256336,0.0,3,Debt-pressure spenders
1592,3,3345.306666666667,2467.17,0.12333333333333334,878.1366666666667,0.0,0.21333333333333335,652.0066666666667,0.18168270982441412,0.5026927903549261,0.2876667440096759,0.7471855579902366,0.3333333333333333,2,Resilient investors
1593,1,5499.2,1964.02,0.11,3535.18,1.0,0.51,621.69,0.05014365725923771,0.39374344456777427,0.09377704911355282,0.3571464940354961,1.0,1,Goal-focused savers
1594,1,3039.13,3242.61,0.14,0.0,0.0,0.38,684.11,0.15439944984255363,0.3467792919900944,0.30176308590919043,1.0669533715240875,0.0,0,Cash-flow stretched
1595,5,3961.0379999999996,2752.468,0.346,1378.6979999999999,0.2,0.35,405.4,0.07284918774867556,0.4108246502434453,0.16794822354790478,0.7821537792347726,0.4,2,Resilient investors
1596,2,4167.2,3191.055,0.265,976.145,0.0,0.46499999999999997,388.34499999999997,0.1427533406148207,0.45332438606319575,0.12890375559484685,0.7593002155184361,0.0,3,Debt-pressure spenders
1597,3,4706.900000000001,3814.3566666666666,0.20333333333333334,892.5433333333334,0.0,0.5033333333333333,379.93,0.07130692755249675,0.10729444325345265,0.10060057237307511,0.827633040185528,0.0,3,Debt-pressure spenders
1598,5,4378.312,2672.248,0.318,1706.0639999999999,0.4,0.358,464.718,0.09386614409527931,0.3477496247739212,0.31070599130033744,0.6371780342402914,0.4,2,Resilient investors
1599,5,3843.876,2989.454,0.264,1058.604,0.0,0.368,526.882,0.12045366631394269,0.20483360864707995,0.13509663275967124,0.8661998019731498,0.4,3,Debt-pressure spenders
1600,3,4156.41,2343.2766666666666,0.22,1813.1333333333332,0.0,0.32666666666666666,366.32666666666665,0.05968958615235275,0.34427470613138045,0.20755217799357614,0.5922171809642153,0.3333333333333333,2,Resilient investors
1601,2,4337.6900000000005,2570.13,0.28500000000000003,1767.56,0.0,0.255,552.3499999999999,0.20538080090901611,0.4071058934242969,0.06953322845749407,0.5966788545932851,0.0,2,Resilient investors
1602,4,4192.73,3389.1274999999996,0.11000000000000001,1353.74,0.25,0.44,397.13,0.12015056925422864,0.36901252607578106,0.1686963225485042,0.9661360286997662,0.5,3,Debt-pressure spenders
1603,5,3044.522,3480.3340000000003,0.22600000000000003,584.39,0.2,0.22599999999999998,482.58000000000004,0.2576585157307271,0.30042112434275225,0.17665149970832666,1.5719683717251884,0.4,0,Cash-flow stretched
1604,1,3185.98,1721.25,0.15,1464.73,0.0,0.32,421.45,0.1265952705290052,0.5572694262890342,0.26331445170660855,0.5402576287358991,0.0,2,Resilient investors
1605,2,2941.645,3873.2650000000003,0.255,0.0,0.0,0.39,677.0699999999999,0.05522993948874873,0.29835143914269124,0.11539150459528288,1.462152749884994,0.5,0,Cash-flow stretched
1606,5,3698.4,3171.296,0.20400000000000001,561.978,0.0,0.32,431.588,0.13576110693537385,0.35033835271423935,0.14161672326418112,0.8728498037291883,0.0,3,Debt-pressure spenders
1607,7,4136.492857142857,2722.192857142857,0.21571428571428572,1522.5142857142857,0.0,0.39999999999999997,527.4571428571428,0.0739714764094174,0.701623241503315,0.21562407114797535,0.7024976771903008,0.14285714285714285,2,Resilient investors
1608,2,3447.395,2038.435,0.2,1408.96,0.0,0.32999999999999996,521.5450000000001,0.16570154139077511,0.374159579739615,0.25246878330145023,0.5737256870180475,1.0,2,Resilient investors
1609,1,3090.57,1936.15,0.38,1154.42,0.0,0.55,295.6,0.0871942716068557,0.4600108462670764,0.2901479740722568,0.6264701980540807,0.0,2,Resilient investors
1610,1,3575.88,2938.49,0.11,637.39,0.0,0.58,636.39,0.06083257827443874,0.41531534903981304,0.21930651457040862,0.8217529671018042,0.0,3,Debt-pressure spenders
1611,3,4305.993333333333,3032.816666666667,0.22666666666666668,1273.1766666666665,0.0,0.33,665.3366666666667,0.12119683212634096,0.3753903342886436,0.2438581603524367,0.705799241878759,0.0,2,Resilient investors
1612,3,4039.85,2306.3366666666666,0.18666666666666668,1733.5133333333335,0.0,0.3,566.0433333333334,0.13386329155686502,0.8570030104854269,0.38133521805950527,0.551850066434577,0.3333333333333333,2,Resilient investors
1613,2,4161.37,2615.0249999999996,0.245,1546.3449999999998,0.0,0.16999999999999998,422.58500000000004,0.14524886840963777,0.5198078677873228,0.3125630361144101,0.6165027825070094,0.0,2,Resilient investors
1614,1,2521.17,2507.68,0.09,13.49,0.0,0.27,631.99,0.004462213972084389,0.45383781024692144,0.29735851464301666,0.9946493096459182,0.0,0,Cash-flow stretched
1615,2,5277.82,3450.205,0.22,1968.115,0.5,0.315,563.325,0.07930651050538354,0.12450567396820289,0.12161712163466545,0.7208021121286087,0.0,1,Goal-focused savers
1616,3,4713.993333333333,2992.273333333333,0.21333333333333335,1721.72,0.3333333333333333,0.48666666666666664,464.5333333333333,0.12401038944616867,0.3431933989390146,0.23700771870440562,0.6737385998752047,0.3333333333333333,1,Goal-focused savers
1617,3,3437.5066666666667,3109.343333333333,0.22999999999999998,936.3066666666667,0.0,0.32,797.4166666666666,0.15257135465552582,0.18903301448854734,0.1879623258079407,1.0822997702951602,0.0,0,Cash-flow stretched
1618,1,2461.89,2001.98,0.21,459.91,0.0,0.15,975.97,0.13726852133929623,0.39504890158742845,0.213303829209083,0.8131882415542531,1.0,0,Cash-flow stretched
1619,2,4456.215,2961.115,0.265,1495.1,0.0,0.41500000000000004,674.655,0.08249435502881819,0.36907638156163225,0.1582101897818717,0.6565254511119974,0.0,3,Debt-pressure spenders
1620,2,3124.155,2429.77,0.22,694.385,0.0,0.215,382.46500000000003,0.11691728791424288,0.30814826740240364,0.28815153566678564,0.8068799087613319,0.0,2,Resilient investors
1621,4,4131.675,2965.7799999999997,0.2175,1256.3375,0.0,0.43000000000000005,494.90999999999997,0.11778974854905797,0.2942141088305219,0.21698541083215073,0.7270327260189134,0.5,3,Debt-pressure spenders
1622,5,4184.436,2674.696,0.248,1682.2900000000002,0.0,0.418,390.318,0.1342652486218076,0.47875889002410627,0.1705178122018096,0.6771450921837047,0.2,2,Resilient investors
1623,4,5366.5775,3074.8500000000004,0.28,2291.7275,0.5,0.32499999999999996,445.7175,0.07901794738121982,0.15964700467579507,0.10332302256653292,0.6157819533248621,0.25,1,Goal-focused savers
1624,2,3938.74,3338.5150000000003,0.245,600.225,0.0,0.25,382.16999999999996,0.21918836527765584,0.36966165370242016,0.1247855586623933,0.8518974497890435,0.0,0,Cash-flow stretched
1625,2,4309.06,2989.765,0.26,1319.295,0.0,0.235,719.13,0.12737389239093977,0.3794849257622439,0.17517354744639638,0.6969406112887165,0.0,2,Resilient investors
1626,4,2824.215,3860.0725,0.22,231.655,0.0,0.31,488.65,0.11776163429143185,0.2843155201101729,0.09017201650298026,1.573451563532246,0.0,0,Cash-flow stretched
1627,4,4021.21,2800.6675,0.1625,1285.5749999999998,0.25,0.325,463.6375,0.11782775137542328,0.27667815621065395,0.13422648266355824,0.7885612786296247,0.25,3,Debt-pressure spenders
1628,2,4057.44,3437.885,0.195,671.16,0.0,0.355,271.91499999999996,0.1933506646355606,0.30650155025051906,0.23540340922785968,0.865346938778974,0.0,3,Debt-pressure spenders
1629,2,3938.8550000000005,1691.9650000000001,0.34,2246.8900000000003,0.5,0.435,502.71000000000004,0.06705910718852484,1.0852794416476388,0.21142400210386075,0.44178874021991876,0.0,1,Goal-focused savers
1631,4,3471.2275,2987.325,0.2525,865.8900000000001,0.0,0.3225,592.5425,0.15170810025343884,0.19063880634539115,0.19244187255549217,0.9425952396117738,0.25,0,Cash-flow stretched
1632,4,4186.72,3370.17,0.205,816.55,0.0,0.3,563.4475,0.08141253769707435,0.18898860191423159,0.12540036850572633,0.8155961839142085,0.0,3,Debt-pressure spenders
1633,3,3184.4300000000003,3319.8700000000003,0.31,185.92666666666665,0.0,0.37999999999999995,573.1233333333333,0.14817200224906077,0.20173586644528552,0.11283161360813736,1.0494361708135522,0.3333333333333333,0,Cash-flow stretched
1634,3,4119.38,3030.7466666666664,0.20666666666666667,1243.7133333333334,0.3333333333333333,0.43333333333333335,436.54,0.1052935446033582,0.4093066285225144,0.21637349447778056,0.7637991912973989,0.0,3,Debt-pressure spenders
1635,4,3704.3925,3265.1075,0.2925,736.6575,0.0,0.33,459.7725,0.10778908736413156,0.3068942103051601,0.1495013680649853,0.9701317726677772,0.25,3,Debt-pressure spenders
1636,3,3967.5399999999995,2836.4666666666667,0.26666666666666666,1251.9466666666667,0.0,0.49333333333333335,643.79,0.10797038896228851,0.3082699986982034,0.14018851213204142,0.7531825024799276,0.0,3,Debt-pressure spenders
1637,5,3497.818,3479.968,0.284,275.27,0.0,0.266,565.874,0.14640014707076424,0.29648818057054943,0.15376294585170952,1.022631302104656,0.2,0,Cash-flow stretched
1638,3,3764.8899999999994,2529.3866666666668,0.25333333333333335,1390.9866666666667,0.3333333333333333,0.2833333333333334,548.0400000000001,0.09383297928819645,0.47150591574077994,0.4376210144199278,0.7350646221866906,0.3333333333333333,2,Resilient investors
1639,4,4696.844999999999,2893.005,0.1575,1803.8400000000001,0.5,0.39749999999999996,518.84,0.07759610829052324,0.32469633857827357,0.10816533121048501,0.6743112393075492,0.25,1,Goal-focused savers
1640,1,2021.44,3141.11,0.14,0.0,0.0,0.54,926.88,0.30152267690359347,0.4568735256008226,0.16865693974423052,1.5538972217824918,1.0,0,Cash-flow stretched
1641,2,4812.549999999999,2806.375,0.20500000000000002,2006.175,0.0,0.42000000000000004,325.44,0.14334059390846313,0.16805648963005473,0.19450255656522514,0.5860707171165386,0.0,3,Debt-pressure spenders
1642,4,3903.8,3369.815,0.25,887.7125,0.0,0.31,428.875,0.1456561220128199,0.3326238866728965,0.1772212197877744,0.8862142558627473,0.0,3,Debt-pressure spenders
1643,3,3600.33,3623.1066666666666,0.17333333333333334,432.1233333333333,0.0,0.5133333333333333,250.92,0.06423885877038545,0.3501206339251781,0.12155063321866862,1.0226681757878695,0.0,3,Debt-pressure spenders
1645,2,4449.3,3716.475,0.255,732.825,0.0,0.37,380.755,0.044239504868394,0.26366217837005745,0.10929628910867278,0.8410948858584577,0.0,3,Debt-pressure spenders
1646,1,3968.25,2563.71,0.11,1404.54,0.0,0.51,452.51,0.07763623763623763,0.5993579617039368,0.20856883188816208,0.646055566055566,0.0,2,Resilient investors
1647,4,3760.2650000000003,3589.91,0.25,598.5975000000001,0.0,0.395,420.15,0.10629862329627227,0.2570641150537947,0.12156149915104436,0.9988336647344676,0.5,3,Debt-pressure spenders
1649,7,3931.7557142857145,3068.1228571428574,0.18714285714285714,1031.3385714285716,0.0,0.25857142857142856,499.9428571428571,0.1201364282889456,0.39934557790423286,0.18550789141048615,0.8374098497886208,0.14285714285714285,3,Debt-pressure spenders
1650,3,3608.1066666666666,2932.566666666667,0.30333333333333334,961.2433333333333,0.0,0.4033333333333333,436.91333333333336,0.12743247511709274,0.6493872199651398,0.2026358089276562,0.8216651455792737,0.3333333333333333,2,Resilient investors
1651,2,5086.275,2535.985,0.16,2550.29,0.5,0.435,367.735,0.05316947198693217,0.32452477600746665,0.17651929436865518,0.5537714762392034,0.0,1,Goal-focused savers
1652,3,3787.4233333333336,3116.8766666666666,0.20666666666666667,670.5466666666667,0.0,0.41,380.81,0.0921264316780505,0.23312985569900482,0.18564446171267793,0.8253874859856576,0.0,3,Debt-pressure spenders
1653,4,3678.1075,3019.135,0.22,1005.4950000000001,0.25,0.36,657.8924999999999,0.10711494368523268,0.38160251824788394,0.19770423320213276,0.9478900097644837,0.0,3,Debt-pressure spenders
1654,3,3111.593333333333,2938.0533333333333,0.19999999999999998,537.9833333333333,0.0,0.3633333333333333,542.1633333333333,0.13263234574516525,0.2935084249718612,0.08847183101575927,1.0401933698530528,0.0,0,Cash-flow stretched
1655,5,4298.456,3019.014,0.264,1279.442,0.0,0.472,537.922,0.1195956600693104,0.3076679433014366,0.1482934172095284,0.7121284071083213,0.4,3,Debt-pressure spenders
1656,2,4306.71,2928.19,0.19,1378.52,0.0,0.37,705.7249999999999,0.10680438711138801,0.20724257050519135,0.14133612458193828,0.6790218513948416,0.0,3,Debt-pressure spenders
1657,2,3845.16,2501.645,0.24,1343.5149999999999,0.0,0.355,441.39,0.14976198701752183,0.28224699881936605,0.26797284017516293,0.6522871762174633,0.0,2,Resilient investors
1658,2,4209.605,3214.44,0.33499999999999996,995.165,0.0,0.125,607.98,0.06466323613535108,0.34048253183138844,0.20384682644602245,0.77839169430748,0.5,2,Resilient investors
1659,6,4019.2433333333333,3203.883333333333,0.21666666666666667,865.9433333333333,0.0,0.41333333333333333,608.1166666666667,0.06125858223750988,0.413296643549757,0.25451437985419983,0.7713055793369817,0.0,3,Debt-pressure spenders
1660,2,5475.915,2467.08,0.19,3008.835,1.0,0.43000000000000005,689.89,0.03490402522449431,0.6878031663766516,0.2629111571461496,0.4490058581186345,0.0,1,Goal-focused savers
1661,5,3948.3479999999995,2644.596,0.256,1303.752,0.0,0.438,395.70799999999997,0.1001721614608491,0.32669451626071727,0.1788094983473668,0.6928653517360283,0.2,2,Resilient investors
1662,2,3382.38,2971.76,0.375,502.18,0.0,0.355,451.665,0.059176756814325625,0.3099278839339981,0.22413488854074234,0.8985972199355723,0.0,3,Debt-pressure spenders
1663,5,3864.0340000000006,2769.786,0.23200000000000004,1094.248,0.0,0.33799999999999997,581.8,0.17400927304769132,0.41650370372391554,0.21021648382542338,0.7096987024073433,0.0,2,Resilient investors
1664,3,3955.77,3107.566666666667,0.17333333333333334,1066.0733333333335,0.0,0.4466666666666666,440.64000000000004,0.10633668357514071,0.39754893597772584,0.06890395386779018,0.8748800208023972,0.3333333333333333,3,Debt-pressure spenders
1665,3,4014.17,2969.566666666667,0.19000000000000003,1087.05,0.0,0.33,552.7766666666666,0.08737951319469517,0.5563357270312232,0.19262337858738943,0.7809080246031392,0.3333333333333333,2,Resilient investors
1666,4,4771.62,3343.5299999999997,0.17250000000000001,1428.09,0.25,0.43000000000000005,569.3125,0.14718559117761398,0.3493345153601111,0.1866225226973598,0.7144141296783338,0.0,3,Debt-pressure spenders
1667,3,4159.926666666667,3652.6666666666665,0.2866666666666667,569.3100000000001,0.0,0.25333333333333335,525.1733333333333,0.0945636765657828,0.3469710047107932,0.09528372275801099,0.8833616039496932,0.3333333333333333,3,Debt-pressure spenders
1668,7,4436.428571428572,3501.77,0.1657142857142857,1251.9342857142858,0.14285714285714285,0.31714285714285717,692.5228571428571,0.09543429860737898,0.34564300171189044,0.1538921334935298,0.8882189664852775,0.2857142857142857,3,Debt-pressure spenders
1669,2,3732.185,2902.825,0.38,829.36,0.0,0.29000000000000004,428.105,0.2842878053313976,0.2879324201647384,0.13968702125191237,0.8030900666092945,0.0,0,Cash-flow stretched
1670,2,4321.445,2597.765,0.225,1723.68,0.0,0.345,380.29499999999996,0.10888337515999899,0.26472710636617414,0.12877020815572637,0.595575254866374,0.0,3,Debt-pressure spenders
1671,4,3985.8925,2727.685,0.1875,1258.2075,0.0,0.35000000000000003,619.9250000000001,0.08581996471604503,0.3704586518683569,0.20150577389854768,0.6944676132127587,0.25,2,Resilient investors
1672,1,3430.78,1850.13,0.23,1580.65,0.0,0.26,630.27,0.03087636047779222,1.107111392172442,0.35223470783134153,0.5392738677501909,1.0,2,Resilient investors
1673,4,4140.6525,3392.65,0.1975,1182.3075000000001,0.0,0.3,453.6125,0.07763073960734083,0.4314569756160248,0.10725387067247233,0.8891568362812794,0.25,3,Debt-pressure spenders
1674,3,3734.14,3473.153333333333,0.25666666666666665,260.9866666666667,0.0,0.2633333333333333,683.3299999999999,0.11475282611300323,0.30784930305568875,0.2134631987905026,0.9320371314697269,0.3333333333333333,0,Cash-flow stretched
1675,3,3766.786666666667,2581.6,0.24333333333333332,1185.1866666666667,0.3333333333333333,0.36000000000000004,535.47,0.09135774024676342,0.5110051251570085,0.13097272228465626,0.7084091383210221,0.0,2,Resilient investors
1676,2,4020.755,3869.42,0.125,381.795,0.0,0.41500000000000004,385.52,0.18440047265233855,0.3822743526052741,0.1550602991114463,0.9839621284704654,0.0,0,Cash-flow stretched
1677,2,3905.38,3068.5150000000003,0.235,836.865,0.0,0.48000000000000004,304.53,0.1081914704707608,0.41897195270272414,0.13933692497403877,0.7851589411435822,0.0,3,Debt-pressure spenders
1678,2,3128.515,2546.5299999999997,0.28500000000000003,581.985,0.0,0.39499999999999996,388.82500000000005,0.2181621610986052,0.27765910184555787,0.19420192597627567,0.8503359964308939,0.0,0,Cash-flow stretched
1679,2,3337.51,3157.51,0.275,198.83,0.0,0.435,493.045,0.1360190224580844,0.41347356613529185,0.1352765368193276,0.9445468505925478,0.0,0,Cash-flow stretched
1680,4,4466.285,2644.415,0.28500000000000003,1821.8700000000001,0.25,0.2575,715.7525,0.08974604834579902,0.34713522789756635,0.15406370809920528,0.5980677964756311,0.25,2,Resilient investors
1681,2,5158.63,2687.4700000000003,0.22999999999999998,2471.16,0.5,0.24,373.53000000000003,0.09943230370559282,0.44847155180073617,0.1737721566777221,0.5198898652367351,0.0,1,Goal-focused savers
1682,2,3425.44,2788.065,0.175,637.375,0.0,0.195,534.27,0.22612021014321365,0.5628086138740196,0.15221479644963398,0.8337383452012221,0.5,0,Cash-flow stretched
1683,6,3775.115,2626.7233333333334,0.26499999999999996,1148.3916666666667,0.0,0.4666666666666666,452.9533333333334,0.11994673357428215,0.34932626127657446,0.1859209076371252,0.7090942247627225,0.16666666666666666,2,Resilient investors
1684,2,3845.2,2801.7250000000004,0.095,1043.475,0.0,0.42,566.0899999999999,0.07672761392858196,0.2784120260701464,0.15287302819750323,0.7521851165179894,0.5,3,Debt-pressure spenders
1685,3,4241.373333333334,2762.14,0.21666666666666667,1479.2333333333333,0.0,0.31333333333333335,490.8566666666666,0.11619621859013073,0.3117490811545148,0.25724267428994524,0.6611484867107603,0.0,2,Resilient investors
1687,2,4482.47,3090.59,0.155,1391.88,0.0,0.26,576.395,0.13869149065342645,0.4502660843988233,0.2386369365436374,0.7293600562242633,0.5,2,Resilient investors
1688,2,4248.75,2308.035,0.2,1940.715,0.5,0.32999999999999996,603.48,0.06408083516772553,0.4553660133659853,0.24000676083103922,0.6094662584048822,0.0,1,Goal-focused savers
1689,4,4646.895,2434.4674999999997,0.265,2216.745,0.75,0.34500000000000003,393.78249999999997,0.11216960723574494,0.5948595717097819,0.23189243230946893,0.5645993802872542,0.0,1,Goal-focused savers
1690,2,4290.08,3308.2,0.245,1269.99,0.0,0.37,467.17499999999995,0.0859315708617927,0.3582767258622237,0.14170886136777183,0.8477252727398863,0.0,3,Debt-pressure spenders
1692,4,4143.955,3284.325,0.2875,1020.9975,0.0,0.4025,690.2375,0.10622141064463467,0.29400518746496174,0.12806433521247218,0.8344956136917747,0.25,3,Debt-pressure spenders
1693,1,3652.81,2241.96,0.28,1410.85,0.0,0.54,389.56,0.10206662815750066,0.7824448250637834,0.30026851504933183,0.6137631029262404,0.0,2,Resilient investors
1694,2,4709.24,1446.155,0.325,3263.085,0.5,0.315,542.175,0.09393495537421076,0.9136915876521947,0.29479891615550663,0.3339291245092675,1.0,1,Goal-focused savers
1695,3,3811.3833333333337,3117.1133333333332,0.25,694.27,0.0,0.45,488.6033333333333,0.048999823578747555,0.3861932522361719,0.14245677448936198,0.8162818748005275,0.0,3,Debt-pressure spenders
1696,4,3970.1625,3079.09,0.2775,1050.98,0.25,0.33499999999999996,567.17,0.1798622727038857,0.3199037509509579,0.17339731848583168,0.8328081668478459,0.25,3,Debt-pressure spenders
1697,1,4036.28,3829.82,0.35,206.46,0.0,0.11,819.33,0.0399352869473872,0.3522985414458121,0.166086134596404,0.9488489401131736,1.0,0,Cash-flow stretched
1698,3,4679.9766666666665,2660.1366666666663,0.21333333333333335,2019.8400000000001,0.3333333333333333,0.3466666666666667,441.58,0.16529454435571828,0.7718778209549179,0.18542607800792368,0.5373544817661072,0.6666666666666666,1,Goal-focused savers
1699,2,3936.37,4160.885,0.315,0.0,0.0,0.455,629.105,0.10248599190001667,0.3621247296412188,0.0680672661094322,1.0570323354371842,0.0,0,Cash-flow stretched
1700,1,5125.82,4054.06,0.32,1071.76,0.0,0.37,458.39,0.022597360032150956,0.29201837170638817,0.10349624820550263,0.7909095520326505,0.0,3,Debt-pressure spenders
1701,7,3720.3514285714286,3646.1185714285716,0.26285714285714284,489.57428571428574,0.0,0.32857142857142857,410.0,0.10675938819057887,0.397018626634222,0.14849799247653417,1.044942970078077,0.14285714285714285,0,Cash-flow stretched
1702,2,3636.6850000000004,2627.92,0.315,1008.765,0.0,0.245,606.595,0.14866898117890942,0.755245848713203,0.1659024919355126,0.7041878326685593,0.5,2,Resilient investors
1703,6,4367.133333333333,2893.2000000000003,0.18166666666666667,1594.92,0.16666666666666666,0.305,410.8183333333333,0.13038607553496598,0.4748387621804348,0.17737905412230712,0.689501821316961,0.5,2,Resilient investors
1704,2,4306.67,2578.755,0.255,1727.915,0.0,0.415,288.56,0.024129203227619363,0.4489583709976894,0.21028781210617783,0.6218644968658916,0.0,2,Resilient investors
1705,2,3769.55,2771.69,0.12000000000000001,997.86,0.0,0.41000000000000003,210.5,0.17662437061461403,0.4857742421277603,0.12961574359687694,0.7670908961681377,0.0,3,Debt-pressure spenders
1706,1,3299.52,2882.71,0.08,416.81,0.0,0.56,904.95,0.17011868392978372,0.3523247222231858,0.18570373017056868,0.8736755649306566,1.0,0,Cash-flow stretched
1707,6,3524.4233333333336,2691.03,0.27166666666666667,1008.4633333333333,0.3333333333333333,0.325,681.335,0.172558169425553,0.43359106095252004,0.20621117408643597,0.8780981850760079,0.5,2,Resilient investors
1708,1,4772.57,3599.06,0.35,1173.51,0.0,0.11,388.87,0.10660713200644517,0.3249015020588709,0.16150050290909293,0.7541136117437774,0.0,3,Debt-pressure spenders
1709,1,3590.36,3109.52,0.27,480.84,0.0,0.3,496.52,0.060810058044318674,0.42819148936170215,0.0,0.8660747111710246,0.0,3,Debt-pressure spenders
1710,2,4625.38,1536.045,0.325,3089.335,0.5,0.345,596.155,0.07334316231409067,0.668017223623029,0.2800810284943951,0.3407529944798659,0.0,1,Goal-focused savers
1711,2,2641.675,2931.395,0.24,0.0,0.0,0.335,403.145,0.06514099534244888,0.3955137756199461,0.2651922538603009,1.1167180455003578,0.5,0,Cash-flow stretched
1713,4,4111.27,3202.8275,0.3275,1096.9825,0.0,0.41,559.035,0.08544647392668374,0.33644185906370094,0.18459896878558069,0.8235571399252617,0.25,3,Debt-pressure spenders
1714,5,3781.668,2516.302,0.19,1265.366,0.0,0.426,564.966,0.10392393899558745,0.45007950976037003,0.20043255730354562,0.6671874181274345,0.2,2,Resilient investors
1715,2,2365.97,3483.2,0.35,130.665,0.0,0.375,674.69,0.33577075643620574,0.3277786888986619,0.20910372982153644,2.476654627177809,0.0,0,Cash-flow stretched
1716,1,2721.22,3791.53,0.38,0.0,0.0,0.23,224.08,0.24177391023144032,0.04712345675756224,0.04046915097599122,1.3933199079824492,0.0,0,Cash-flow stretched
1717,1,3636.72,2250.29,0.4,1386.43,0.0,0.11,682.15,0.04176840669614378,0.7419976980744705,0.1422661079238676,0.6187691106271586,0.0,2,Resilient investors
1718,4,4263.967500000001,2939.825,0.2175,1551.84,0.25,0.39,553.9425,0.05658345782503824,0.22680451467768314,0.23463257216924688,0.7989736752413645,0.5,3,Debt-pressure spenders
1719,3,3649.2933333333335,2493.0266666666666,0.18666666666666665,1769.97,0.3333333333333333,0.39000000000000007,488.49,0.10569529455055499,0.46369648192263613,0.22894938768451237,0.9189197407651081,0.0,2,Resilient investors
1720,2,3798.885,3080.1099999999997,0.315,1147.79,0.0,0.385,526.455,0.07336537190286069,0.35862279071258174,0.3437692615698998,0.8088413786390253,0.5,2,Resilient investors
1721,3,4287.703333333334,2684.02,0.23,1603.6833333333332,0.0,0.39333333333333337,430.43000000000006,0.10615594986732685,0.3067404755284244,0.15956961732069683,0.6769136375260622,0.3333333333333333,3,Debt-pressure spenders
1722,4,4341.719999999999,3123.6925,0.26,1307.5475000000001,0.25,0.3975,267.3725,0.10906372590602531,0.3338991606218665,0.2063364751242134,0.7605971837810572,0.25,3,Debt-pressure spenders
1723,2,3140.52,3864.55,0.24,0.0,0.0,0.25,656.525,0.15303922319641336,0.3495852250145382,0.10944875401489662,1.2333258079240421,0.0,0,Cash-flow stretched
1724,1,3506.79,2327.59,0.17,1179.2,0.0,0.16,482.76,0.051916424992657105,0.097684729698959,0.25523395443355573,0.6637380624445719,0.0,2,Resilient investors
1725,2,4756.4349999999995,3102.2200000000003,0.095,1654.2150000000001,0.0,0.505,260.205,0.04385018049117556,0.290055537344257,0.14921121741307825,0.6506874159686971,0.5,3,Debt-pressure spenders
1726,4,4975.360000000001,2856.315,0.255,2119.045,0.5,0.2975,415.16,0.057759115237172046,0.49190907909135184,0.16110094405159067,0.5921693124953888,0.5,1,Goal-focused savers
1727,1,1358.55,2365.86,0.34,0.0,0.0,0.2,637.49,0.22476169445364547,0.06597600872410032,0.19849018961392476,1.7414596444738877,0.0,0,Cash-flow stretched
1728,5,4313.632,3116.84,0.258,1437.382,0.2,0.4640000000000001,549.756,0.07920492627005728,0.3215992158650137,0.17922030337187517,0.7646162691114506,0.0,3,Debt-pressure spenders
1729,3,3591.6499999999996,2936.22,0.2866666666666667,655.43,0.0,0.3233333333333333,494.42333333333335,0.1225924354249725,0.3197653162243846,0.1920201774875024,0.8244390246245494,0.0,3,Debt-pressure spenders
1730,5,4003.996,3239.67,0.16,814.492,0.0,0.36,613.662,0.13988153572963585,0.3716251089727883,0.11748123737678903,0.815994308654871,0.2,3,Debt-pressure spenders
1731,2,4380.105,3394.56,0.095,985.5450000000001,0.0,0.395,612.1099999999999,0.1643332735645066,0.2930338394963402,0.1204868749599794,0.7626441092208907,0.0,3,Debt-pressure spenders
1732,3,3441.3733333333334,2129.2433333333333,0.27,1864.1266666666663,0.6666666666666666,0.3866666666666667,402.21000000000004,0.2767983719112504,0.7420532595775481,0.4458309899235325,0.864810124720344,0.0,2,Resilient investors
1733,3,5293.72,3507.2566666666667,0.29,1786.4633333333331,0.3333333333333333,0.27666666666666667,668.48,0.08083535118309476,0.2121011544724042,0.1867175836464615,0.6914906593806132,0.0,3,Debt-pressure spenders
1734,3,4777.650000000001,3157.2999999999997,0.17333333333333334,1620.3499999999997,0.0,0.3333333333333333,468.43333333333334,0.07888223628468795,0.2413640601760533,0.2189555326105994,0.6903253774130315,0.6666666666666666,3,Debt-pressure spenders
1735,1,2775.55,2585.83,0.1,189.72,0.0,0.17,535.74,0.03578750157626416,0.3622859971459841,0.13044554359722024,0.9316459800760208,0.0,0,Cash-flow stretched
1736,1,5284.93,4356.18,0.12,928.75,0.0,0.27,571.41,0.02779980056500275,0.36930062577763084,0.09177765840713653,0.8242644651868615,1.0,3,Debt-pressure spenders
1737,8,3160.91625,3072.66875,0.22125,542.0649999999999,0.0,0.27375,616.7575,0.16870222905397217,0.3079908389707404,0.18449046393831947,1.449159233848655,0.375,0,Cash-flow stretched
1738,2,4560.315,2275.0,0.215,2285.315,0.5,0.455,311.28,0.1694896364848472,0.5856128860070446,0.173296424232319,0.527454841099076,0.0,1,Goal-focused savers
1739,3,5290.453333333334,3458.536666666667,0.25333333333333335,1831.9166666666667,0.0,0.27999999999999997,370.95,0.10024883387047197,0.1445032508870401,0.17347006286462086,0.6538503513202167,0.3333333333333333,3,Debt-pressure spenders
1740,2,2433.5,3629.33,0.14,0.0,0.0,0.27,902.97,0.07765401826667581,0.4487573902995725,0.16839661696757519,1.991716067201312,0.0,0,Cash-flow stretched
1741,5,4697.808,2585.904,0.144,2288.348,0.4,0.366,580.768,0.08916574532929426,0.3443891597791441,0.2202920479749973,0.6431718761325832,0.4,1,Goal-focused savers
1742,1,4344.08,2928.69,0.33,1415.39,0.0,0.2,669.47,0.02358842378593396,0.056305037405802595,0.1326873107088835,0.6741795731202004,0.0,3,Debt-pressure spenders
1743,6,4623.703333333334,2738.751666666667,0.22999999999999998,1884.9516666666666,0.0,0.2733333333333333,465.0516666666667,0.11863955995263185,0.4359933522420398,0.24480851486693625,0.6117421025726513,0.0,2,Resilient investors
1744,3,3503.66,2371.6133333333332,0.18666666666666668,1132.0466666666666,0.0,0.3333333333333333,634.1633333333333,0.12488103890506337,0.25554050707392134,0.20013228046755008,0.6827299225708066,0.0,2,Resilient investors
1745,1,4120.29,3378.35,0.26,741.94,0.0,0.56,579.47,0.011086598273422501,0.551955836429026,0.08724377284769193,0.8199301505476556,0.0,3,Debt-pressure spenders
1746,3,3351.1433333333334,2224.61,0.19999999999999998,1288.46,0.0,0.3466666666666667,571.1966666666666,0.0956782265664136,0.5669195307103675,0.2073091553137835,0.7112389238713775,0.3333333333333333,2,Resilient investors
1747,2,2711.81,3866.3,0.15000000000000002,45.44,0.0,0.27,722.845,0.13453284904035648,0.23617026154373838,0.15263428821451572,1.6265925035392355,0.5,0,Cash-flow stretched
1748,2,3987.005,2969.1800000000003,0.265,1017.825,0.0,0.505,647.135,0.07863392279428888,0.1894580559349732,0.17141695570818855,0.7412587881240941,0.5,3,Debt-pressure spenders
1749,2,4753.014999999999,2975.9849999999997,0.29,1777.03,0.0,0.42999999999999994,731.155,0.08836514186325681,0.33708544906239535,0.16930376754959447,0.6218986672831505,0.0,3,Debt-pressure spenders
1750,6,3959.316666666667,3482.1966666666667,0.24166666666666667,896.3716666666666,0.0,0.25,494.8616666666667,0.10214313735181256,0.32334717374302313,0.11041096104198068,0.9959269950040772,0.16666666666666666,3,Debt-pressure spenders
1751,4,4261.92,2287.3775,0.32,1974.5425,0.0,0.33749999999999997,416.775,0.09151259378124439,0.5336750616541384,0.3374072536847606,0.537683281007103,0.0,2,Resilient investors
1752,2,3448.0550000000003,2390.685,0.14500000000000002,1057.3700000000001,0.0,0.41500000000000004,490.15999999999997,0.16418312490112774,0.21690264644462734,0.22871208244819383,0.7276934042039325,0.0,2,Resilient investors
1753,6,3966.9266666666663,3172.4083333333333,0.15833333333333333,1012.7183333333332,0.0,0.3133333333333333,432.9116666666667,0.06855698475702622,0.3618497719949015,0.1579915259380672,0.8650176864513895,0.0,3,Debt-pressure spenders
1754,2,3756.04,2923.16,0.11,832.88,0.0,0.49,448.05499999999995,0.09808399938105915,0.5053310146174552,0.17028084899296234,0.7801469520064639,0.0,3,Debt-pressure spenders
1755,4,4200.9425,3554.4375,0.305,960.7375,0.25,0.44499999999999995,621.5925,0.1385982576300469,0.2893624930258214,0.07697049568939529,0.9430165818266791,0.25,3,Debt-pressure spenders
1756,5,3900.048,3327.1040000000003,0.22599999999999998,798.6,0.0,0.324,714.902,0.06420037672278343,0.3724833972903719,0.14114907712838012,0.9313050876286791,0.0,3,Debt-pressure spenders
1757,1,3568.93,2621.82,0.19,947.11,0.0,0.55,385.83,0.12757605220612342,0.34773172834138116,0.13767916943192135,0.7346235426304243,1.0,3,Debt-pressure spenders
1758,1,3102.43,3282.15,0.17,0.0,0.0,0.19,499.21,0.14969878450118135,0.06402815227823226,0.11365111283762168,1.0579287848557422,1.0,0,Cash-flow stretched
1759,2,3106.09,4170.395,0.31,0.0,0.0,0.245,292.925,0.1414115383953003,0.32453834513295055,0.16747337770807838,1.333570316465814,0.0,0,Cash-flow stretched
1760,3,2771.5533333333333,4060.109999999999,0.18666666666666668,0.0,0.0,0.57,402.32,0.2241426687921734,0.21040423124673427,0.14906454378706366,1.4616851778458901,0.0,0,Cash-flow stretched
1762,2,4201.385,2352.92,0.3,1848.4650000000001,0.0,0.175,310.505,0.13698730751162527,0.5327453997012064,0.2639737167364711,0.5540310502468488,0.0,2,Resilient investors
1763,4,3955.2374999999997,3646.0725,0.29000000000000004,490.62,0.0,0.47,420.1625,0.08479826159582311,0.24691534678942756,0.1179114422987318,0.9604272540552066,0.0,3,Debt-pressure spenders
1764,4,4512.085,2949.0375000000004,0.20500000000000002,1563.0475,0.25,0.3825,442.6925,0.08819181179400563,0.3796762269769386,0.21499051709841757,0.6608225114078812,0.0,2,Resilient investors
1767,1,4316.84,2698.31,0.24,1618.53,0.0,0.22,515.67,0.1591928355000417,0.15341825068283482,0.1922425518194722,0.6250660205150063,1.0,2,Resilient investors
1768,2,2214.675,2714.345,0.175,761.455,0.0,0.33499999999999996,591.585,0.275521269022835,0.22807812346654588,0.16992608114512409,1.4162141880345835,0.0,0,Cash-flow stretched
1769,2,4024.5750000000003,3131.975,0.18,892.5999999999999,0.0,0.47,439.4,0.08927972790282881,0.4157718150585674,0.11302833721183796,0.783714540476905,0.0,3,Debt-pressure spenders
1770,7,4179.257142857143,2922.797142857143,0.2414285714285714,1256.4599999999998,0.0,0.3057142857142857,560.0742857142857,0.11669760979441672,0.23428988727614106,0.15704195697176784,0.7054415963250434,0.42857142857142855,3,Debt-pressure spenders
1771,3,3045.2066666666665,2537.3266666666664,0.18000000000000002,917.1466666666666,0.0,0.44333333333333336,342.26,0.19738106940545466,0.3589911747018639,0.17201776939939087,1.1193982955232114,0.3333333333333333,0,Cash-flow stretched
1772,3,4087.99,2157.48,0.14333333333333334,1930.5100000000002,0.3333333333333333,0.3,434.0733333333333,0.08699563507798475,0.6485037425364901,0.16222645909642738,0.5297550965300709,0.0,1,Goal-focused savers
1773,4,3882.9100000000003,2651.3975,0.215,1316.575,0.0,0.3825,501.5825,0.05490967616940855,0.41327947420569044,0.1919429645319817,0.7121765178946351,0.25,2,Resilient investors
1774,1,5296.21,3338.49,0.32,1957.72,0.0,0.18,315.97,0.17205511110775443,0.19456101411117002,0.28168123912307663,0.6303545365459451,0.0,2,Resilient investors
1775,2,4079.895,2717.4700000000003,0.12,1362.425,0.0,0.325,407.0,0.1097049773002105,0.09236007400697399,0.18393094653126052,0.6663238910955499,0.0,3,Debt-pressure spenders
1776,5,3533.578,3495.6520000000005,0.248,609.608,0.0,0.31,480.18999999999994,0.08838673129591228,0.3745663287000948,0.14650489914185238,1.1196567278448015,0.4,0,Cash-flow stretched
1777,4,3170.4874999999997,3072.6575,0.1325,210.59249999999997,0.0,0.3625,226.37,0.15592557352048297,0.3391454383569395,0.19959752094846167,0.9741380618695162,0.0,0,Cash-flow stretched
1778,1,2476.92,1869.67,0.08,607.25,0.0,0.21,587.83,0.1998772669282819,0.10689586932453321,0.08457107403980381,0.7548366519709963,0.0,0,Cash-flow stretched
1779,1,4666.89,1994.19,0.31,2672.7,0.0,0.59,491.25,0.018519827979660973,0.35576850751432915,0.29521760714876716,0.42730597892815125,0.0,2,Resilient investors
1780,3,4395.19,2452.983333333333,0.30333333333333334,1942.2066666666667,0.0,0.28,547.7199999999999,0.061360537162829076,0.3566985579008645,0.24107174903506015,0.551500482912841,0.3333333333333333,2,Resilient investors
1781,2,4354.845,3183.105,0.09,1171.74,0.0,0.32,513.5,0.10365130483390166,0.12336991844837802,0.15260316071095087,0.7352011152146967,0.5,3,Debt-pressure spenders
1782,2,3024.145,3540.295,0.185,0.0,0.0,0.41000000000000003,851.21,0.14315814519528142,0.21107709841781996,0.09645305942957706,1.1757739384426515,1.0,0,Cash-flow stretched
1783,5,3987.772,3020.79,0.18,969.842,0.2,0.27,484.4,0.11527917335219828,0.2663132665685527,0.21277972210326723,0.7766690492907008,0.0,3,Debt-pressure spenders
1784,7,3970.218571428571,3072.4614285714283,0.22428571428571428,1048.2742857142857,0.14285714285714285,0.22142857142857145,564.3571428571429,0.11032298290596998,0.334706889345807,0.14005438121520544,0.8270610467464004,0.42857142857142855,3,Debt-pressure spenders
1785,3,4128.093333333333,3036.9966666666664,0.17,1091.0966666666666,0.0,0.27999999999999997,612.52,0.04895768546036842,0.43325110280702833,0.18678402758487464,0.7461088220247195,0.0,3,Debt-pressure spenders
1787,2,3562.0950000000003,2660.92,0.135,901.175,0.0,0.365,426.39,0.1767169047696347,0.22489178964982995,0.213326109852356,0.7455894669173834,0.5,3,Debt-pressure spenders
1788,3,4057.2033333333334,3051.3700000000003,0.26,1220.7266666666667,0.0,0.3133333333333333,571.7366666666667,0.10501000493574038,0.3046358594824537,0.1691775712112126,0.8107627781005821,0.0,3,Debt-pressure spenders
1789,6,3952.943333333333,2773.8250000000003,0.2233333333333333,1327.8416666666665,0.16666666666666666,0.35000000000000003,588.7483333333333,0.1754471005207098,0.3705708512402716,0.15539898837158594,0.7424654717450996,0.5,2,Resilient investors
1790,7,3050.7557142857145,2847.37,0.2857142857142857,768.397142857143,0.0,0.3985714285714286,485.7957142857143,0.06736214103587392,0.2551571671998293,0.22585578760393957,1.1147676032639413,0.2857142857142857,0,Cash-flow stretched
1791,3,4002.59,2365.3,0.23666666666666666,1637.29,0.0,0.34,799.68,0.08592005769565318,0.3368583653524981,0.20284025792987295,0.6345573721552751,0.3333333333333333,2,Resilient investors
1793,4,4356.935,2842.125,0.2475,1514.8100000000002,0.25,0.4075,483.195,0.100091610308552,0.37346341427053203,0.2433449253770884,0.7298992399765011,0.5,2,Resilient investors
1794,2,3748.535,2777.67,0.15000000000000002,1345.43,0.0,0.45499999999999996,427.40999999999997,0.14641308901654032,0.304546810649152,0.13488335937515572,0.9133800649687634,0.0,3,Debt-pressure spenders
1795,2,3767.08,3025.685,0.33999999999999997,741.395,0.0,0.42000000000000004,282.93,0.11885934580266155,0.21935981592763454,0.11312194816814289,0.8005218942944884,0.0,3,Debt-pressure spenders
1796,2,4093.665,2534.885,0.125,1558.7800000000002,0.0,0.265,676.755,0.1755813563629551,0.6618750487912572,0.16059810715257272,0.6309513225327668,0.0,2,Resilient investors
1797,1,4602.82,2194.77,0.16,2408.05,1.0,0.54,680.48,0.14245180128703708,0.7697207452261512,0.39064229964871033,0.4768315945442142,0.0,1,Goal-focused savers
1798,5,2949.886,2724.43,0.21800000000000003,762.112,0.0,0.46399999999999997,473.57399999999996,0.33495700773151155,0.4863361311781326,0.18881960366111625,1.3447681007040833,0.2,0,Cash-flow stretched
1799,8,3973.91875,2885.23,0.31,1154.425,0.125,0.32375,536.4575,0.10720552489690119,0.3015020492483994,0.16634565468092316,0.7757186462715168,0.375,3,Debt-pressure spenders
1800,4,3903.505,3185.9875,0.155,1001.56,0.0,0.3175,534.165,0.13088486649389253,0.36012471679172475,0.1656982838195316,0.9809387584846053,0.5,3,Debt-pressure spenders
1801,2,5513.32,2478.5950000000003,0.235,3034.725,1.0,0.12000000000000001,562.39,0.07716237142056005,0.30678133345727165,0.10587589169395531,0.44775205823807085,0.0,1,Goal-focused savers
1802,5,3604.704,2363.752,0.27,1414.502,0.2,0.366,554.524,0.16992078856303564,0.45663767296640473,0.2064708416344237,0.7843365135259479,0.4,2,Resilient investors
1803,3,4601.713333333333,2686.213333333333,0.12333333333333334,2215.67,0.3333333333333333,0.49333333333333335,606.4466666666667,0.10658540269205798,0.45120668396283065,0.16247954477916282,0.6644386291785319,0.3333333333333333,1,Goal-focused savers
1804,4,4000.105,3893.8525,0.21499999999999997,462.365,0.0,0.28250000000000003,564.91,0.08979077544624561,0.20147490206147572,0.15560888721767166,0.9853972050629204,0.5,3,Debt-pressure spenders
1805,6,4254.116666666666,2899.596666666667,0.26,1496.0516666666665,0.3333333333333333,0.25666666666666665,479.21000000000004,0.15845098157937956,0.22202270739781307,0.16629135482926558,0.7539913331408066,0.16666666666666666,2,Resilient investors
1806,2,5152.85,2933.2250000000004,0.16,2219.625,0.5,0.38,689.375,0.030367456958873103,0.30826770338239373,0.11546723732006145,0.5753706437021986,0.0,1,Goal-focused savers
1807,3,4242.013333333333,2539.523333333333,0.2833333333333333,1702.49,0.0,0.3,435.17333333333335,0.06461472353904986,0.33109526226688657,0.1510320616828482,0.5993756255016166,0.6666666666666666,2,Resilient investors
1808,5,4917.724,3140.764,0.292,1776.9599999999998,0.2,0.446,508.04799999999994,0.04192805493014532,0.4142676837837758,0.1923426119377151,0.6530833811509915,0.4,1,Goal-focused savers
1809,4,3626.605,2792.6625,0.19,1160.3274999999999,0.0,0.3425,407.91499999999996,0.13291264409358683,0.45241270128348837,0.27372989919732366,0.9557921698349554,0.0,2,Resilient investors
1810,5,4111.374,3062.802,0.20400000000000001,1048.572,0.0,0.372,305.648,0.07350642704095232,0.28307767240040677,0.1733547590280104,0.7550993301683845,0.4,3,Debt-pressure spenders
1811,3,3891.4499999999994,3045.476666666667,0.29,845.9733333333334,0.0,0.3666666666666667,534.1933333333333,0.1493054710748222,0.37685353441423936,0.19234689309215394,0.8124165433068736,0.0,3,Debt-pressure spenders
1812,4,3895.9799999999996,3707.545,0.26,320.8375,0.0,0.46,602.4475,0.12208528311652281,0.15642958431240997,0.11067133789300039,0.9718476024597391,0.0,3,Debt-pressure spenders
1813,2,4465.755,3670.05,0.275,1053.755,0.0,0.395,376.28,0.13992322339181668,0.33394258293944357,0.08383302960529906,0.8996887646251466,0.0,3,Debt-pressure spenders
1814,3,3956.8266666666664,3451.3733333333334,0.2333333333333333,797.6333333333333,0.0,0.41333333333333333,311.21999999999997,0.14948694404928298,0.2143458546999796,0.17005079603858633,0.8779548248589886,0.0,3,Debt-pressure spenders
1816,2,4756.785,2373.85,0.20500000000000002,2382.935,0.5,0.335,698.115,0.048806727136942694,0.297965462985778,0.2022500526998788,0.506740869319072,0.0,1,Goal-focused savers
1817,3,4357.62,3725.8633333333332,0.15,631.7566666666667,0.0,0.4366666666666667,561.74,0.08026593865949118,0.20258284597140394,0.17604396264270727,0.8578959628689263,0.3333333333333333,3,Debt-pressure spenders
1818,4,3836.2799999999997,2398.98,0.2925,1577.1725000000001,0.25,0.37,520.6899999999999,0.12665494383795162,0.4835289410843576,0.24316005455448111,0.7565288758233122,0.25,2,Resilient investors
1819,5,3885.6620000000003,3625.81,0.162,454.2299999999999,0.0,0.354,557.7239999999999,0.09591384464371377,0.3236115254537032,0.1657004262719925,0.9171264310977921,0.0,3,Debt-pressure spenders
1821,6,3845.8350000000005,3290.625,0.15333333333333332,672.6750000000001,0.0,0.365,555.865,0.1373460995870449,0.3151640179950039,0.16942455368285736,0.9082552892958552,0.16666666666666666,3,Debt-pressure spenders
1822,2,3225.6800000000003,3370.19,0.20500000000000002,224.225,0.0,0.345,355.105,0.14516898185564975,0.4306422220580797,0.2018588264163787,1.0431580719039786,0.0,0,Cash-flow stretched
1823,3,3717.9266666666667,3599.2033333333334,0.36333333333333334,467.81333333333333,0.0,0.3,553.2033333333334,0.1534425138253699,0.3700769588198855,0.10904911027895926,0.9909565530443611,0.0,0,Cash-flow stretched
1824,2,4228.76,2851.455,0.125,1377.3049999999998,0.0,0.345,601.9300000000001,0.08968933468110335,0.2955037927127877,0.19790270069663768,0.666430329006681,0.0,3,Debt-pressure spenders
1825,5,3879.672,2832.954,0.23000000000000004,1103.824,0.0,0.316,552.4979999999999,0.14621494186986633,0.4455054227043701,0.1425942159642002,0.7345358909437129,0.4,2,Resilient investors
1826,1,2052.7,1888.35,0.25,164.35,0.0,0.27,70.73,0.37544210064792716,0.017867450419678556,0.2748642995207456,0.9199347201247138,0.0,0,Cash-flow stretched
1827,8,3881.68875,3164.3650000000002,0.26125,811.99125,0.125,0.2625,443.7975,0.09923211684959683,0.3186125410021009,0.17768211441487555,0.8247808677583569,0.0,3,Debt-pressure spenders
1828,3,4097.916666666667,3650.8199999999997,0.25333333333333335,471.55,0.0,0.27,501.26,0.08480158185990655,0.26702790735403886,0.12806540188872148,0.9131440528006337,0.0,3,Debt-pressure spenders
1829,3,2989.0833333333335,3038.28,0.23666666666666666,816.1466666666666,0.3333333333333333,0.44,409.53,0.27217350157029324,0.3039817543017162,0.18211700430061906,1.3110834017670554,0.0,0,Cash-flow stretched
1830,2,5132.415,2429.675,0.355,2702.74,0.0,0.23500000000000001,480.875,0.05479982808918525,0.19300061285641845,0.20127127260272276,0.47797410838016596,0.5,2,Resilient investors
1831,2,4037.165,3307.8450000000003,0.33499999999999996,729.3199999999999,0.0,0.52,461.82,0.1010010579463284,0.461478545750454,0.1875828288880244,0.8179041818642006,0.5,3,Debt-pressure spenders
1832,1,4483.12,4319.03,0.13,164.09,0.0,0.13,449.08,0.09583504345188172,0.22030872672799218,0.19762539273864735,0.9633982583557879,0.0,3,Debt-pressure spenders
1833,3,5748.766666666666,2955.463333333333,0.22,2793.3033333333333,0.3333333333333333,0.3466666666666667,602.07,0.042565874657270165,0.42988049434204706,0.19885040126942435,0.5170978699201272,0.3333333333333333,1,Goal-focused savers
1834,3,3986.7433333333333,3388.3933333333334,0.24666666666666667,598.35,0.0,0.27666666666666667,492.3233333333333,0.06161899006014202,0.3998481566366657,0.17676058928767566,0.8506817900082694,0.0,3,Debt-pressure spenders
1835,4,4015.1949999999997,2709.1949999999997,0.16999999999999998,1643.2625,0.25,0.39,278.14,0.12162656196111571,1.5993436503211511,0.7536291578714897,0.7606607253357233,0.0,2,Resilient investors
1836,3,4993.093333333333,3082.3266666666664,0.2066666666666667,1910.7666666666667,0.3333333333333333,0.53,549.04,0.1396162446392507,0.3134049383526825,0.12190468881452331,0.6335926163323452,0.3333333333333333,1,Goal-focused savers
1837,3,3534.2233333333334,3798.8199999999997,0.24,95.19666666666666,0.0,0.34,489.6466666666667,0.19272846634948793,0.17445784313733978,0.1402081489775391,1.1054338636897674,0.3333333333333333,0,Cash-flow stretched
1838,1,3322.2,2672.82,0.18,649.38,0.0,0.27,293.65,0.0766329540665824,0.2807858366818566,0.12542932183985453,0.8045331406899043,0.0,3,Debt-pressure spenders
1839,2,3991.9700000000003,3063.605,0.205,928.365,0.0,0.24,636.415,0.12667912836358133,0.18937988829684288,0.19605367142435953,0.7760446266728496,0.0,3,Debt-pressure spenders
1840,1,4637.24,2556.45,0.33,2080.79,0.0,0.17,560.37,0.0830299919779869,0.3269338340276555,0.2043888986680749,0.5512869724232518,0.0,2,Resilient investors
1841,3,4857.94,3189.2700000000004,0.29333333333333333,1668.67,0.0,0.24666666666666667,439.28666666666663,0.09967270764171064,0.22774047076201417,0.24383315455841123,0.6555394899603897,0.3333333333333333,2,Resilient investors
1842,4,3528.9125,3110.1099999999997,0.26,772.5975,0.0,0.36,486.35499999999996,0.15082631213811554,0.24641446300200898,0.19620253075818642,0.9636130130711899,0.5,0,Cash-flow stretched
1843,2,3871.1549999999997,2823.555,0.23,1047.6,0.0,0.33999999999999997,487.13,0.048853309808113345,0.4041985683783032,0.07956683326932332,0.7328914022229132,0.5,3,Debt-pressure spenders
1844,2,5130.975,2559.3999999999996,0.23,2571.575,0.5,0.275,585.42,0.077333426001594,0.4655239206071217,0.1372309075470756,0.5024155004788617,0.0,1,Goal-focused savers
1845,4,3049.035,3030.1324999999997,0.26,658.0975,0.0,0.3475,357.7325,0.1487317433773174,0.22532049163395676,0.1815215858171805,1.1021081473646244,0.25,0,Cash-flow stretched
1846,3,3963.1733333333336,4403.263333333333,0.24666666666666667,0.0,0.0,0.4266666666666667,603.4433333333333,0.04349169347895044,0.1816502017932887,0.14856777118323058,1.1100952045706711,0.0,3,Debt-pressure spenders
1847,2,5394.49,3447.54,0.12,1979.425,0.5,0.505,339.47,0.054329370720480163,0.31281207120963433,0.1196680758844432,0.7077667600981837,0.0,1,Goal-focused savers
1848,5,4120.014,3152.766,0.304,967.2479999999999,0.0,0.346,442.31800000000004,0.07490207264226367,0.4526363860849772,0.12467830408334428,0.7488665929363043,0.2,3,Debt-pressure spenders
1849,3,3927.5466666666666,3576.85,0.26999999999999996,460.92,0.0,0.35666666666666663,359.0333333333333,0.15923568784407524,0.2602251875131814,0.15901602676151114,0.9347394801877936,0.3333333333333333,0,Cash-flow stretched
1851,2,3323.6,3214.77,0.345,329.115,0.0,0.47,438.885,0.19345412175792365,0.35644956977186315,0.0954887939811738,0.9878777140911206,0.0,0,Cash-flow stretched
1852,4,3754.5024999999996,3116.0825,0.2575,845.43,0.25,0.27749999999999997,471.16499999999996,0.09909293825509985,0.3472749697535905,0.17665382478846758,0.8556217087272961,0.0,3,Debt-pressure spenders
1853,1,3462.58,3017.41,0.12,445.17,0.0,0.42,652.12,0.08753299562753784,0.19600916017379147,0.20200105388396009,0.8714340174089841,0.0,3,Debt-pressure spenders
1854,3,4476.583333333333,2129.0,0.3066666666666667,2347.5833333333335,0.3333333333333333,0.37333333333333335,529.8333333333334,0.06682624733989789,0.6465966236397815,0.20907919284986945,0.4958685504873515,0.0,1,Goal-focused savers
1855,3,4131.196666666667,3762.8700000000003,0.20333333333333334,397.1333333333334,0.0,0.44,748.79,0.16827273489543748,0.4441710724185553,0.13386391162459008,0.9258427725217601,0.0,0,Cash-flow stretched
1856,4,3086.0175,3323.9875,0.23249999999999998,472.79,0.0,0.26,426.15000000000003,0.22715184792853366,0.38364121647043364,0.11700518205691121,1.6915450399255767,0.25,0,Cash-flow stretched
1857,2,4297.1849999999995,3155.075,0.2,1142.1100000000001,0.0,0.28,538.655,0.1641171435378684,0.1781225977995689,0.19081252787012726,0.7525083402036167,0.5,3,Debt-pressure spenders
1858,3,3874.8266666666664,2877.2033333333334,0.17,997.6233333333333,0.0,0.18666666666666668,324.50333333333333,0.10931444102675149,0.16929701762233995,0.18117703509391095,0.7386578782467916,0.3333333333333333,3,Debt-pressure spenders
1859,3,4248.386666666666,3275.59,0.2866666666666667,972.7966666666667,0.0,0.26666666666666666,546.07,0.10555310867371549,0.4294531641635038,0.16015074091040368,0.7664578583204161,0.0,3,Debt-pressure spenders
1860,3,3155.7466666666664,3540.853333333333,0.2866666666666667,455.9066666666667,0.0,0.24666666666666667,476.24333333333334,0.24142367486702845,0.24994685158881103,0.16137006811531626,1.2907797673996402,0.3333333333333333,0,Cash-flow stretched
1861,1,4665.72,3673.97,0.18,991.75,0.0,0.41,294.92,0.0765112351362705,0.24290889691532597,0.06783669980974259,0.7874390233447356,0.0,3,Debt-pressure spenders
1862,3,4593.316666666667,2116.58,0.2866666666666667,2476.7366666666667,0.3333333333333333,0.42,599.33,0.055561326758907376,0.41546932357371863,0.1505092233998594,0.4851959952274811,0.6666666666666666,1,Goal-focused savers
1863,4,3751.0699999999997,3351.17,0.2675,627.46,0.0,0.27,290.7,0.17652268204061808,0.29167747878364175,0.17660306379295015,0.9519672080017134,0.0,0,Cash-flow stretched
1864,3,5070.663333333333,3148.09,0.1366666666666667,1980.7466666666667,0.3333333333333333,0.34,366.1066666666666,0.08185398764266134,0.35663768972445836,0.1901511656906415,0.6747224199169933,0.3333333333333333,1,Goal-focused savers
1865,3,3755.5166666666664,2927.2566666666667,0.26666666666666666,892.5866666666667,0.0,0.24666666666666667,498.4166666666667,0.12052613299275379,0.2657502931900026,0.20814684085522753,0.7891795731602699,0.0,3,Debt-pressure spenders
1866,3,2990.2033333333334,1965.7733333333333,0.16666666666666666,1039.0366666666666,0.0,0.35000000000000003,409.57666666666665,0.10727867387343377,0.44451435168270303,0.25654682333933027,0.6785182353499671,0.6666666666666666,2,Resilient investors
1867,4,4111.3925,3088.7775,0.25,1064.0874999999999,0.0,0.39749999999999996,440.3875,0.09036015824557583,0.20211497686950947,0.18108188371006673,0.7646183101907713,0.25,3,Debt-pressure spenders
1868,4,4146.5325,3449.8225,0.215,1205.71,0.25,0.27,579.6700000000001,0.09085715388043675,0.20894241781680048,0.22088635754284783,1.0180548016292321,0.25,3,Debt-pressure spenders
1869,3,4590.2266666666665,3254.236666666666,0.20666666666666667,1335.99,0.0,0.35333333333333333,561.4399999999999,0.11078003879427752,0.44898051231733843,0.13045267583572037,0.7127006071217007,0.3333333333333333,3,Debt-pressure spenders
1870,1,3509.17,3512.01,0.16,0.0,0.0,0.36,301.77,0.3385415924563358,0.4445403059786276,0.2660499258259515,1.0008093081839866,0.0,0,Cash-flow stretched
1871,2,4532.88,1735.79,0.14500000000000002,2797.09,0.5,0.29,473.47,0.042220818044263385,0.8895785043015982,0.30881932926035205,0.36952523252367975,0.0,1,Goal-focused savers
1872,1,4136.71,3142.13,0.33,994.58,0.0,0.4,307.57,0.0037928692124901187,0.35376321157940627,0.09435001097981305,0.759572220436047,0.0,3,Debt-pressure spenders
1873,2,4549.3150000000005,2133.6400000000003,0.235,2415.675,0.0,0.29,820.3799999999999,0.07415321287223962,0.537460782081781,0.3834462923559602,0.4583318978086496,0.5,2,Resilient investors
1874,3,3057.5533333333333,3415.03,0.21333333333333335,338.6766666666667,0.0,0.33,511.1700000000001,0.21586029443337362,0.19212456730861524,0.12315115588555377,1.3791282250563404,0.3333333333333333,0,Cash-flow stretched
1875,2,2783.015,1762.315,0.19,1026.485,0.0,0.345,335.70000000000005,0.10502572047371561,0.9554597492832269,0.2791177541888273,0.6694113540081744,0.0,2,Resilient investors
1876,2,3928.945,3081.305,0.22499999999999998,847.64,0.0,0.36,443.6,0.11613198101669481,0.12705214289100952,0.17206482324809189,0.7819241342585335,0.5,3,Debt-pressure spenders
1877,2,5175.77,4741.565,0.245,892.03,0.0,0.48000000000000004,666.02,0.02125604181392281,0.12435713573436502,0.11351118214568011,0.9638070825012581,0.5,3,Debt-pressure spenders
1878,1,4423.41,2900.19,0.08,1523.22,0.0,0.32,999.11,0.10433805593422268,0.12659515411059274,0.13998393208720808,0.6556457574586123,0.0,3,Debt-pressure spenders
1879,2,4475.33,2286.375,0.275,2188.955,0.0,0.4,505.87,0.13689255350524215,0.35333703133534683,0.11733266742580815,0.5159320500371908,0.0,2,Resilient investors
1880,5,3920.864,3622.2,0.21000000000000002,673.03,0.0,0.346,637.004,0.1190467390179318,0.2794624020506057,0.1051921011552301,0.9756583004675882,0.4,3,Debt-pressure spenders
1881,1,5100.75,2667.75,0.29,2433.0,0.0,0.18,661.33,0.12372886340244083,0.43170461999812576,0.2212238777996439,0.5230113218644317,1.0,2,Resilient investors
1882,4,4142.335,3467.225,0.1975,936.7750000000001,0.0,0.4575,541.655,0.06420003674968078,0.30151195691483434,0.17842916419612811,0.9153201496774608,0.0,3,Debt-pressure spenders
1883,3,3152.56,3649.56,0.20333333333333334,80.60333333333334,0.0,0.36999999999999994,443.90333333333336,0.1504344220907001,0.24181111313610879,0.12811415929730566,1.1961030896315175,0.6666666666666666,0,Cash-flow stretched
1884,3,3084.7433333333333,2689.39,0.26666666666666666,594.42,0.0,0.32666666666666666,641.0233333333333,0.17543873873852545,0.37039520168824175,0.19337832277724823,0.9325297136520124,0.3333333333333333,0,Cash-flow stretched
1885,3,4666.443333333334,2886.0933333333337,0.18333333333333335,1780.3500000000001,0.0,0.4366666666666667,486.74333333333334,0.1007735641882086,0.42675922350793116,0.208766471690956,0.6196926915665667,0.3333333333333333,2,Resilient investors
1886,2,4396.49,3597.21,0.19,838.67,0.0,0.3,585.275,0.09890676702113871,0.43923377389511586,0.1406937868968377,0.8508385088841165,0.0,3,Debt-pressure spenders
1888,5,3435.3059999999996,2972.126,0.22999999999999998,636.708,0.0,0.324,345.994,0.12476333568704334,0.23719331470418914,0.13878399934475982,0.8903108455981771,0.2,3,Debt-pressure spenders
1889,4,3225.1,3995.885,0.2475,0.0,0.0,0.35750000000000004,622.3025,0.14658712866356877,0.34811154053960564,0.1082198999763772,1.2418539123728969,0.0,0,Cash-flow stretched
1890,3,4323.363333333334,4011.8466666666664,0.26333333333333336,471.53999999999996,0.0,0.44333333333333336,383.2966666666666,0.15525510461500336,0.29437354193280824,0.17027515529626092,0.9348097104750868,0.0,3,Debt-pressure spenders
1891,5,3797.1459999999997,3548.1760000000004,0.256,750.6700000000001,0.0,0.404,580.7560000000001,0.1170953437606681,0.4452390000419359,0.12165420506943965,1.0077553594091078,0.0,3,Debt-pressure spenders
1892,2,3335.62,3887.01,0.145,0.0,0.0,0.35,501.975,0.11013915988221212,0.2672027633039319,0.14794892922736896,1.2197984423721804,0.0,0,Cash-flow stretched
1893,2,4425.535,3645.775,0.125,985.41,0.5,0.5,263.57,0.13567054379420398,0.25734009186479034,0.11710683938927968,0.8399193186078074,0.0,3,Debt-pressure spenders
1894,3,5074.376666666666,3087.78,0.28,1986.5966666666666,0.3333333333333333,0.32666666666666666,543.9433333333334,0.06541859466652751,0.35452662514846334,0.1994992366632249,0.6300030393151538,0.3333333333333333,1,Goal-focused savers
1895,3,4083.94,1794.7633333333333,0.17333333333333334,2289.1766666666667,0.3333333333333333,0.15666666666666668,559.32,0.1415528550129528,0.3438473317143731,0.3332313737327748,0.47931256138170725,0.0,2,Resilient investors
1896,5,4337.938,3043.866,0.20600000000000002,1705.404,0.2,0.296,440.41400000000004,0.1257060393639488,0.42114079611989197,0.21896225663278046,0.817143646237299,0.4,2,Resilient investors
1897,5,4043.858,2632.588,0.33799999999999997,1474.16,0.0,0.47800000000000004,255.996,0.10239345855556028,0.3776297183350888,0.19136719286340034,0.6901596358859088,0.0,2,Resilient investors
1898,3,3820.853333333333,3265.83,0.2333333333333333,948.3100000000001,0.0,0.3133333333333333,570.92,0.12693993684976504,0.3710482962964187,0.1579517577801438,0.8704222193178616,0.0,3,Debt-pressure spenders
1899,5,4399.25,3445.3959999999997,0.27399999999999997,1249.92,0.4,0.376,378.90999999999997,0.09513931051898328,0.5706583530086533,0.22585185995508317,0.8437122351630484,0.4,2,Resilient investors
1900,3,4360.1466666666665,3285.59,0.17,1289.1366666666665,0.0,0.42,301.6933333333333,0.06413580281505145,0.23396925319554576,0.12742783340557684,0.7666950354400983,0.3333333333333333,3,Debt-pressure spenders
1901,3,3832.713333333333,2182.9466666666667,0.25333333333333335,1649.7666666666667,0.0,0.42,414.1166666666666,0.17870213934840404,0.4773306339885835,0.15804487656617178,0.6188556075366053,0.3333333333333333,2,Resilient investors
1902,1,4045.61,3043.59,0.23,1002.02,0.0,0.41,528.52,0.09592125785728234,0.1284798543824891,0.2286280346564419,0.7523191805438488,0.0,3,Debt-pressure spenders
1903,3,4548.506666666667,3323.3366666666666,0.23666666666666666,1378.7033333333331,0.0,0.27666666666666667,618.2233333333334,0.06883773489208576,0.05526564264789794,0.09606673781930408,0.7842521634123232,0.3333333333333333,3,Debt-pressure spenders
1904,3,3235.343333333333,3070.486666666666,0.2233333333333333,638.9433333333333,0.0,0.24333333333333332,405.29333333333335,0.10189517113066537,0.2383901726712622,0.15685749713702965,0.9386211984529232,0.0,0,Cash-flow stretched
1905,1,3482.5,2302.83,0.33,1179.67,0.0,0.15,704.13,0.09217516152189519,0.29659592761949427,0.05072888576230117,0.6612577171572146,0.0,2,Resilient investors
1906,3,3446.7966666666666,3274.8033333333333,0.17,535.5666666666666,0.0,0.32666666666666666,395.00666666666666,0.08613204868338721,0.22689491295994654,0.1389775943061272,1.0100106301844585,0.0,3,Debt-pressure spenders
1907,5,3970.7060000000006,3250.028,0.22400000000000003,1307.158,0.2,0.41,518.7059999999999,0.09595766602182426,0.3572309482986836,0.14293022796353422,0.9343776018994602,0.4,3,Debt-pressure spenders
1908,2,3966.44,2595.755,0.175,1370.685,0.0,0.445,422.81,0.14126461083103384,0.3654975493387692,0.1955009615168769,0.6594083030131204,0.0,2,Resilient investors
1909,5,4531.782,3087.868,0.21600000000000003,1599.7220000000002,0.2,0.314,478.012,0.08608770469226089,0.38286297074282005,0.19589686387585797,0.7150084929695548,0.0,3,Debt-pressure spenders
1910,1,3271.42,2694.31,0.3,577.11,0.0,0.42,388.6,0.1872795299900349,0.5916913792399539,0.1663988182503127,0.8235903674856789,0.0,2,Resilient investors
1911,1,4117.59,1482.06,0.36,2635.53,0.0,0.49,285.6,0.012155168435905467,0.6519236738053791,0.0792410563674885,0.3599338447975636,0.0,2,Resilient investors
1912,2,3704.415,3229.0600000000004,0.22000000000000003,475.35499999999996,0.0,0.42,607.3050000000001,0.12771796177280093,0.39947006108043537,0.18268104641063887,0.8767904690754373,0.0,3,Debt-pressure spenders
1913,1,3782.73,2241.48,0.16,1541.25,0.0,0.5,564.04,0.07371660150208977,0.35288291664436,0.11621339472134483,0.5925561697504184,0.0,3,Debt-pressure spenders
1914,5,4602.104,3212.1259999999997,0.21600000000000003,1547.568,0.0,0.254,423.01599999999996,0.06954536302363587,0.3655272348692626,0.12059267439640127,0.7818502797889767,0.4,3,Debt-pressure spenders
1915,3,4194.096666666667,3439.7433333333333,0.21333333333333335,754.3533333333334,0.0,0.31,332.53000000000003,0.05158296865241565,0.36176764554721,0.1766620724586785,0.8146518430616094,0.0,3,Debt-pressure spenders
1916,4,4465.3625,2612.185,0.1675,1853.1775,0.25,0.26999999999999996,656.8775,0.11557794975695246,0.32272823569901105,0.1611128158828885,0.5909819923831886,0.25,2,Resilient investors
1917,3,3379.4300000000003,3479.9500000000003,0.33,669.5600000000001,0.0,0.35333333333333333,522.43,0.1257438076839403,0.26197481814906515,0.17485992602590952,1.1163167173361177,0.0,0,Cash-flow stretched
1918,4,4245.54,3113.6125,0.22,1131.9275,0.0,0.41500000000000004,581.98,0.1538713084197405,0.2560343432882861,0.11961066800197845,0.7409249272007424,0.25,3,Debt-pressure spenders
1919,4,3040.4175,2762.81,0.2625,702.1925,0.0,0.3575,543.615,0.13452473263881193,0.5249428305612291,0.14935591821681,1.164017020337098,0.25,0,Cash-flow stretched
1920,1,2598.41,4365.72,0.05,0.0,0.0,0.28,928.42,0.13550594401961202,0.3551235535032022,0.06457583170702656,1.6801505536077834,0.0,0,Cash-flow stretched
1921,4,4049.5424999999996,3299.6274999999996,0.2425,1165.18,0.25,0.33999999999999997,581.2475,0.1329189613040427,0.23625186272774512,0.18143302407633172,0.9099999398428484,0.0,3,Debt-pressure spenders
1922,2,3404.81,2491.395,0.195,1747.865,0.5,0.225,622.235,0.19955093377915945,0.4271356247633453,0.30851967077936104,1.1048360934736963,0.5,2,Resilient investors
1923,2,4729.375,3505.175,0.295,1224.2,0.0,0.28,648.525,0.1257200939631141,0.4259636131157424,0.06815077130083638,0.7523846887997656,0.0,3,Debt-pressure spenders
1924,3,3984.556666666667,2284.44,0.2733333333333334,1700.1166666666668,0.3333333333333333,0.22999999999999998,621.1833333333333,0.1845272809553752,0.37140834417976487,0.2193029790264018,0.5924151206894309,0.0,2,Resilient investors
1925,6,4189.884999999999,2930.6683333333335,0.2283333333333333,1259.2166666666667,0.0,0.33,577.8833333333333,0.1616635036852097,0.2834154973550264,0.22477188122522862,0.6928453093176441,0.16666666666666666,2,Resilient investors
1926,3,4052.893333333333,3082.1766666666667,0.19333333333333336,1183.26,0.0,0.3233333333333333,493.11666666666673,0.12936892977781755,0.3060363031138662,0.24450022354382295,0.7901370012390329,0.3333333333333333,3,Debt-pressure spenders
1927,4,4643.1125,2857.945,0.28500000000000003,2245.0975000000003,0.25,0.2975,692.3275,0.1257908516744431,0.28759692199052456,0.22133953771021264,0.7723313617115661,0.25,2,Resilient investors
1928,3,3812.3333333333335,3101.3333333333335,0.19333333333333333,919.1033333333334,0.0,0.33,275.9633333333333,0.14361085308623953,0.42947094144397235,0.3000607271751397,0.8431818416481112,0.0,2,Resilient investors
1929,6,3432.6966666666667,3474.2333333333336,0.24333333333333332,312.7083333333333,0.0,0.3183333333333333,409.795,0.0884645747416762,0.2700109483024684,0.14794572295870975,1.04286210641058,0.3333333333333333,0,Cash-flow stretched
1930,4,3679.3475,3636.6949999999997,0.1275,349.6975,0.0,0.3775,328.67,0.0534755806804253,0.32713873179180225,0.1599180310107131,1.0041864654570085,0.0,3,Debt-pressure spenders
1931,2,3190.425,2012.38,0.28500000000000003,1180.15,0.5,0.35,381.015,0.23642017759374315,0.42502647587735876,0.19215467185532684,0.7110387278368344,0.0,2,Resilient investors
1932,3,4136.526666666667,3235.3433333333337,0.13999999999999999,1066.3533333333332,0.0,0.34,421.4633333333333,0.0668635054043407,0.3092900167581585,0.14716385617113173,0.8268594927146724,0.0,3,Debt-pressure spenders
1933,3,5043.183333333333,3426.82,0.2966666666666667,1616.3633333333335,0.0,0.47666666666666674,440.22333333333336,0.12146080767605194,0.3353299319063027,0.14530360435321357,0.6752415449616201,0.3333333333333333,3,Debt-pressure spenders
1934,4,3762.7074999999995,2792.7475,0.2625,969.96,0.0,0.27,496.9525,0.09208310748319395,0.32284523724711206,0.2053062089621967,0.7517684116012919,0.5,2,Resilient investors
1936,2,4074.75,2996.86,0.29500000000000004,1077.89,0.0,0.37,320.015,0.07399826574740899,0.6860750807533763,0.2136621328202251,0.7242979858380825,0.0,2,Resilient investors
1937,3,5526.306666666666,2587.83,0.19666666666666666,2938.476666666667,0.6666666666666666,0.31333333333333335,577.1666666666666,0.07973368855470293,0.4061085766270774,0.11786835508301097,0.4766782828958518,0.3333333333333333,1,Goal-focused savers
1938,6,3515.7616666666668,2195.858333333333,0.22166666666666668,1413.68,0.16666666666666666,0.22833333333333336,275.24833333333333,0.12423844076579704,0.7137864279155745,0.32602060998080656,0.6252127058857851,0.16666666666666666,2,Resilient investors
1939,2,3691.6450000000004,2043.91,0.195,1647.7350000000001,0.0,0.27999999999999997,590.3,0.1669497267385511,0.8050669765963067,0.3439870482627595,0.5410880249529663,0.5,2,Resilient investors
1940,2,4660.62,2820.145,0.21,1840.475,0.0,0.42000000000000004,556.0799999999999,0.028092964081225105,0.47583453255586206,0.17973725881953953,0.6175305604556296,0.0,2,Resilient investors
1941,4,3786.1375000000003,2961.6,0.16999999999999998,904.88,0.0,0.345,652.045,0.10331573120488852,0.4100954013242283,0.17643390488621188,0.807751632037527,0.25,3,Debt-pressure spenders
1942,4,3916.895,3292.445,0.2,673.1949999999999,0.0,0.305,463.55499999999995,0.07576472476910703,0.37594551932929154,0.171003195805765,0.8339542183845232,0.25,3,Debt-pressure spenders
1943,1,2406.72,2468.81,0.32,0.0,0.0,0.37,588.35,0.19288076718521474,0.3992935867887768,0.16439094138471572,1.0257985972610026,0.0,0,Cash-flow stretched
1944,2,3892.415,2923.115,0.265,1290.69,0.0,0.435,365.67,0.14641684939245178,0.26902410235557256,0.1992748796208632,0.8986162265817055,0.5,3,Debt-pressure spenders
1945,3,5203.96,2820.98,0.13,2382.98,0.3333333333333333,0.32,762.56,0.026202945220317613,0.29605881428394504,0.15236946971986265,0.5458808582094513,0.3333333333333333,1,Goal-focused savers
1946,5,2801.63,2643.516,0.16,407.684,0.0,0.41600000000000004,471.77199999999993,0.19788447315039484,0.22343626735685077,0.26616978721148066,0.9607298557772491,0.4,0,Cash-flow stretched
1947,3,3273.7400000000002,3223.7099999999996,0.15666666666666665,764.8733333333333,0.0,0.36000000000000004,534.3733333333333,0.1087658065216346,0.23482329978221658,0.19931961298698744,1.0977015699984676,0.3333333333333333,0,Cash-flow stretched
1948,1,4490.71,1950.14,0.35,2540.57,1.0,0.53,331.27,0.01936219439687711,0.4342457464592286,0.36524557211277137,0.4342609520543522,0.0,1,Goal-focused savers
1949,9,3538.687777777778,2840.6911111111112,0.21555555555555556,1051.621111111111,0.2222222222222222,0.3277777777777778,554.8966666666666,0.10237673910765796,0.3807940920103751,0.1868012739043999,1.0257408992586572,0.0,3,Debt-pressure spenders
1950,5,4659.116,2665.106,0.198,1994.0099999999998,0.4,0.388,359.336,0.10879597598437143,0.46923997793955613,0.1893347360396622,0.6009990817165749,0.4,1,Goal-focused savers
1951,3,4513.01,2786.7000000000003,0.26333333333333336,1726.3100000000002,0.3333333333333333,0.45,609.6266666666667,0.08349485706524763,0.3294982337415404,0.1827604478388276,0.6300619987395496,0.6666666666666666,1,Goal-focused savers
1953,5,4045.66,3059.686,0.22400000000000003,1080.8780000000002,0.0,0.33199999999999996,530.958,0.14979639977617604,0.5331160372691112,0.1733302416459251,0.7671240344825009,0.0,2,Resilient investors
1954,1,3393.87,1795.98,0.25,1597.89,0.0,0.56,388.77,0.13377943174016682,0.5639428055991715,0.4099544538357888,0.5291834984840316,0.0,2,Resilient investors
1955,3,4096.986666666667,2836.786666666667,0.20333333333333334,1260.2,0.3333333333333333,0.47,707.09,0.08931720777615654,0.4349336653042364,0.12417242017073739,0.7341375623591041,0.0,3,Debt-pressure spenders
1956,1,4961.34,4506.68,0.19,454.66,0.0,0.28,402.84,0.09384964545868656,0.3107498202668039,0.10651521741059937,0.9083594351526,0.0,3,Debt-pressure spenders
1957,4,4161.1775,2765.7625,0.335,1814.6375,0.5,0.3175,572.5625,0.08863947533219435,0.40980125877101814,0.20369192837203554,0.8519345701167882,0.25,2,Resilient investors
1958,2,4477.275,2664.4449999999997,0.38,1812.83,0.0,0.58,599.31,0.1468045907786248,0.27581288172207635,0.27487249583650447,0.605296798543474,1.0,2,Resilient investors
1959,7,4591.158571428571,3377.367142857143,0.19714285714285712,1213.7914285714287,0.0,0.33285714285714285,395.3971428571428,0.08923069703692346,0.2645385195652384,0.15433365225956086,0.7482699805203739,0.2857142857142857,3,Debt-pressure spenders
1960,1,2643.07,3492.61,0.4,0.0,0.0,0.38,392.63,0.17792945324944098,0.25933327797836003,0.19663804432788085,1.3214216800917116,0.0,0,Cash-flow stretched
1961,3,5115.543333333334,2941.98,0.31,2186.5733333333333,0.3333333333333333,0.29333333333333333,423.3533333333333,0.08221915557035725,0.32951426288866914,0.1702073387289643,0.6383341982529874,0.3333333333333333,1,Goal-focused savers
1962,3,5231.533333333334,3386.286666666667,0.2333333333333333,1845.2466666666667,0.0,0.37666666666666665,670.8966666666666,0.02943300927118182,0.3526109574890155,0.17032530829017298,0.6633107698268988,0.3333333333333333,3,Debt-pressure spenders
1963,4,3598.9375,3113.2,0.2275,833.055,0.0,0.4475,455.6175,0.03236734294693857,0.42071533164260155,0.16717666505583603,0.8652699778863876,0.25,3,Debt-pressure spenders
1964,3,3875.353333333333,2477.4066666666668,0.22666666666666668,1397.9466666666667,0.3333333333333333,0.43,505.59,0.10394414299970504,0.5142330479831895,0.18413494886189086,0.6663622714156451,0.0,2,Resilient investors
1965,2,5479.75,3769.3050000000003,0.22,1710.445,0.0,0.26,757.95,0.06954371952449748,0.24669111275714875,0.10643024678975344,0.7030695569683978,0.0,3,Debt-pressure spenders
1966,4,3461.9625,3502.3849999999998,0.1875,55.535,0.0,0.3675,707.5225,0.04735693746303378,0.3708299329002848,0.11538357036459236,1.008193810181939,0.25,0,Cash-flow stretched
1967,1,4158.12,4342.91,0.13,0.0,0.0,0.55,412.76,0.09216184237107156,0.37376781927325226,0.13266220115084126,1.0444407568805134,0.0,3,Debt-pressure spenders
1968,3,3566.036666666667,2686.8766666666666,0.26,885.7400000000001,0.0,0.3433333333333333,418.87000000000006,0.047070218657173486,0.5973654444836777,0.2451959515417941,0.7560144973060958,0.6666666666666666,2,Resilient investors
1969,3,3658.7333333333336,2776.8866666666668,0.26333333333333336,1028.2733333333333,0.0,0.32,493.3433333333333,0.07035833977671392,0.25550329560731544,0.23604410465616296,0.7977096615541156,0.0,2,Resilient investors
1970,5,4292.41,3674.976,0.254,957.682,0.2,0.274,549.368,0.08617518093200204,0.3485210739779113,0.1507265997541402,0.9690164490042458,0.2,3,Debt-pressure spenders
1971,3,3530.0033333333336,3124.0833333333335,0.20666666666666667,572.13,0.0,0.3833333333333333,499.4566666666667,0.08602994813866638,0.3391789878716847,0.17119674166016338,0.920218337787014,0.0,3,Debt-pressure spenders
1972,2,3617.62,3048.55,0.12,713.045,0.0,0.37,333.645,0.12413394106656232,0.13834050077321933,0.1153665157035641,0.865138450726246,0.0,3,Debt-pressure spenders
1973,3,4802.206666666666,2735.736666666666,0.26666666666666666,2066.47,0.3333333333333333,0.43,573.9066666666666,0.06599076987664926,0.3068227616378458,0.20675193277344772,0.5825036201478818,0.0,1,Goal-focused savers
1974,4,4962.505,3167.7,0.2575,1794.805,0.25,0.4875,547.1625,0.07248849191489003,0.3355440574548967,0.15282112544284338,0.642572058901765,0.5,3,Debt-pressure spenders
1975,5,3629.272,2186.0,0.246,1558.352,0.0,0.286,612.118,0.1017260135016386,0.3990321617571405,0.3243957229606278,0.6042228339191797,0.0,2,Resilient investors
1976,3,4931.536666666667,3141.7533333333336,0.22666666666666666,1816.1266666666668,0.3333333333333333,0.47666666666666674,507.33,0.057464884058702904,0.2831950667533127,0.12273733349695533,0.6844473220559325,0.0,3,Debt-pressure spenders
1977,4,4822.51,2681.5249999999996,0.295,2140.985,0.5,0.4475,506.99,0.07564782566401047,0.3332733259702503,0.15136572568011405,0.550163731385273,0.0,1,Goal-focused savers
1978,5,3243.938,2805.386,0.184,438.552,0.0,0.248,628.7520000000001,0.1275366343326762,0.33780675695727963,0.16592852374493944,0.8617777830618312,0.2,0,Cash-flow stretched
1979,4,4067.1775,3619.565,0.285,670.405,0.0,0.2625,636.23,0.0410712447398264,0.38359701084388126,0.2019826598161645,0.9165966240613586,0.5,3,Debt-pressure spenders
1980,3,3553.0033333333336,2444.3733333333334,0.24,1316.86,0.0,0.3033333333333333,414.6566666666667,0.14168607107343653,0.3354246666663454,0.19831448803331475,0.7713184131814245,0.3333333333333333,2,Resilient investors
1981,1,5960.17,3324.02,0.08,2636.15,0.0,0.38,533.18,0.032973891684297596,0.35510917503504796,0.2191713647932323,0.55770556880089,0.0,1,Goal-focused savers
1982,5,3841.996,1964.69,0.156,1877.306,0.2,0.41,494.83600000000007,0.1790884955303255,0.5912376482860918,0.2933227063673255,0.5367842003038191,0.2,2,Resilient investors
1983,2,2975.9049999999997,2849.535,0.065,376.235,0.0,0.16999999999999998,663.2,0.1402692192564433,0.39785471422172203,0.25021207050888544,0.9980224666463541,0.5,0,Cash-flow stretched
1984,4,4428.59,3019.8725000000004,0.2575,1408.7175,0.0,0.275,646.0175,0.10133575558897545,0.3373695812825185,0.2052812287781617,0.6847411097191595,0.25,2,Resilient investors
1985,1,4028.39,3876.57,0.26,151.82,0.0,0.43,323.2,0.11198270276711043,0.2917604996169294,0.11119107871133502,0.962312487122647,0.0,3,Debt-pressure spenders
1986,1,4672.86,1182.03,0.36,3490.83,1.0,0.59,560.47,0.0,0.525976498058425,0.5835131088043451,0.25295643353321096,1.0,1,Goal-focused savers
1987,1,4800.06,1963.21,0.18,2836.85,1.0,0.4,718.61,0.07914067740819905,0.9533773768471024,0.33945426113355165,0.4089969708711974,0.0,1,Goal-focused savers
1988,1,2569.01,3005.39,0.33,0.0,0.0,0.34,544.4,0.0699685871211089,0.347725253627649,0.06689980335330856,1.1698630990147953,1.0,0,Cash-flow stretched
1989,4,4372.4875,2011.57,0.14750000000000002,2360.9175,0.25,0.3875,332.975,0.09508362963022064,0.47114237922590557,0.298063961010107,0.46217144732844495,0.0,1,Goal-focused savers
1990,3,2848.83,3204.1966666666667,0.18333333333333335,160.46,0.0,0.2866666666666667,483.3733333333333,0.24924130285327983,0.22932708055550208,0.21064416684519346,1.2492312743738603,0.0,0,Cash-flow stretched
1991,1,3777.55,2864.03,0.06,913.52,0.0,0.55,417.88,0.2041826051276621,0.2842044252329759,0.13126608310667134,0.7581713015049437,0.0,3,Debt-pressure spenders
1992,7,4173.295714285714,2504.164285714286,0.19857142857142857,1669.1314285714286,0.14285714285714285,0.4842857142857143,630.2700000000001,0.08604949197754828,0.3762088842630201,0.23503333973917853,0.6183000184058346,0.14285714285714285,2,Resilient investors
1993,3,4333.3533333333335,3028.73,0.23,1304.6233333333332,0.0,0.4666666666666666,265.69666666666666,0.07469095140491709,0.39124449590022103,0.19893704007131371,0.698063041552416,0.3333333333333333,3,Debt-pressure spenders
1994,3,3798.3266666666664,3350.1366666666668,0.2866666666666667,595.0433333333334,0.0,0.36999999999999994,416.3966666666667,0.0717820982215887,0.14956437173511616,0.1784716635297674,0.899501705834776,0.3333333333333333,3,Debt-pressure spenders
1995,2,4040.29,3518.255,0.2,522.035,0.0,0.345,341.57,0.058043013488213904,0.2935168645680018,0.14315653999081324,0.8859446334762351,0.0,3,Debt-pressure spenders
1997,6,3927.0499999999997,2875.4516666666664,0.215,1051.5983333333334,0.0,0.4666666666666666,503.9766666666667,0.11504336965710228,0.5068906418382969,0.1745297052294,0.7364245472591296,0.16666666666666666,3,Debt-pressure spenders
1998,4,5148.2675,2997.515,0.1825,2150.7525,0.25,0.49,429.5225,0.10815717041940565,0.5088424038148271,0.1976442597459509,0.5966037380479998,0.25,1,Goal-focused savers
1999,3,4178.416666666667,2814.1066666666666,0.2833333333333334,1402.8266666666666,0.0,0.3666666666666667,486.55999999999995,0.09552654815175993,0.4080575876375881,0.15770554853648214,0.7106852764879198,0.3333333333333333,2,Resilient investors
